ModelosCodigo;ModelosNombre;TiposEquiposCodigo;MarcasCodigo
491;Kv-27exr25;52;1
492;Kv-27exr25   A**;52;1
493;Kv-27fs100;52;1
494;Kv-27fs12;52;1
495;Kv-27fs12  A**;52;1
496;Kv-27fs12c;52;1
497;Kv-27fs16;52;1
498;Kv-27fs16  A**;52;1
499;Kv-27fv16;52;1
500;Kv-27fv16  A**;52;1
501;Kv-27s10;52;1
502;Kv-27s15;52;1
503;Kv-27s20;52;1
504;Kv-27s20  Ver.2;52;1
505;Kv-27s25  Ver.2;52;1
506;Kv-27s40;52;1
507;Kv-27s42;52;1
508;Kv-27s45;52;1
509;Kv-27s65;52;1
510;Kv-27sr1;52;1
511;Kv-27sr2;52;1
512;Kv-27sx1;52;1
513;Kv-27ts27;52;1
514;Kv-27ts29;52;1
515;Kv-27ts29    A**;52;1
516;Kv-27ts31_;52;1
517;Kv-27ts32;52;1
518;Kv-27ts36;52;1
519;Kv-27tw77;52;1
520;Kv-27tw78;52;1
521;Kv-27v10;52;1
522;Kv-27v10   A*;52;1
523;Kv-27v15;52;1
524;Kv-27v15   A*;52;1
525;Kv-27v20;52;1
526;Kv-27v20   A**;52;1
527;Kv-27v20  Ver.2;52;1
528;Kv-27v40;52;1
529;Kv-27v40   A**;52;1
530;Kv-27v45;52;1
531;Kv-27v45   A**;52;1
532;Kv-27v65;52;1
533;Kv-27v65   A**;52;1
534;Kv-27vx1mt;52;1
535;Kv-27xbr10;52;1
536;Kv-27xbr10   A**;52;1
537;Kv-27xbr10/60;52;1
538;Kv-27xbr10/60  A*;52;1
539;Kv-27xbr10/60  B*;52;1
540;Kv-27xbr10anu1;52;1
541;Kv-27xbr35;52;1
542;Kv-27xbr35 A*;52;1
543;Kv-27xbr35 Aa*;52;1
544;Kv-27xbr45;52;1
545;Kv-27xbr45   A**;52;1
546;Kv-27xbr51;52;1
547;Kv-27xbr51  A**;52;1
548;Kv-27xbr51  B**;52;1
549;Kv-27xbr55;52;1
550;Kv-27xbr55  A**;52;1
551;Kv-27xbr55  B**;52;1
552;Kv-27xbr60;52;1
553;Kv-27xbr60   A**;52;1
554;Kv-27xbr60anu1;52;1
555;Kv-27xl40;52;1
556;Kv-27xstd;52;1
557;Kv-28ds65d;52;1
558;Kv-28fx20;52;1
559;Kv-28fx65;52;1
560;Kv-28ls60b;52;1
561;Kv-28s4r;52;1
562;Kv-28wf1;52;1
563;Kv-28wf3;52;1
564;Kv-28wf3a;52;1
565;Kv-28ws4;52;1
566;Kv-28ws4e;52;1
567;Kv-28ws4r;52;1
568;Kv-2940an;52;1
569;Kv-2940an   A**;52;1
570;Kv-2964mt;52;1
571;Kv-2965;52;1
572;Kv-2970m;52;1
573;Kv-2970m  A**;52;1
574;Kv-2970mrs;52;1
575;Kv-2975m;52;1
576;Kv-2975m   A**;52;1
577;Kv-29al40;52;1
578;Kv-29al40a;52;1
579;Kv-29al42;52;1
580;Kv-29c1a;52;1
581;Kv-29c1a  A*;52;1
582;Kv-29f1a2;52;1
583;Kv-29f3a;52;1
584;Kv-29f3x;52;1
585;Kv-29fa210;52;1
586;Kv-29fc60;52;1
587;Kv-29fs12;52;1
588;Kv-29fs12  A**;52;1
589;Kv-29fs13;52;1
590;Kv-29fs13  A**;52;1
591;Kv-29fs13a;52;1
592;Kv-29fs13a   A**;52;1
593;Kv-29fv16;52;1
594;Kv-29fv16  A**;52;1
595;Kv-29fv16c;52;1
596;Kv-29fv16c  A**;52;1
597;Kv-29fx20;52;1
598;Kv-29fx201;52;1
599;Kv-29fx60-2.;52;1
600;Kv-29fx66e;52;1
601;Kv-29k5;52;1
602;Kv-29ls30e;52;1
603;Kv-29ls35b;52;1
604;Kv-29ls60b;52;1
605;Kv-29mt;52;1
606;Kv-29ps1  Ver.2;52;1
607;Kv-29rs1;52;1
608;Kv-29rs10;52;1
609;Kv-29rs10c;52;1
610;Kv-29rs15;52;1
611;Kv-29rs20;52;1
612;Kv-29rs20/c  Ver.2;52;1
613;Kv-29rs20c;52;1
614;Kv-29rs25;52;1
615;Kv-29rs25/c  Ver.2;52;1
616;Kv-29sd1  Ver.2;52;1
617;Kv-29sl40;52;1
618;Kv-29sl42;52;1
619;Kv-29sl42/5;52;1
620;Kv-29sl42/5     Ch  4d;52;1
621;Kv-29sl45;52;1
622;Kv-29sl65;52;1
623;Kv-29so1;52;1
624;Kv-29txr10;52;1
625;Kv-29v10c;52;1
626;Kv-29v10c   A*;52;1
627;Kv-29v10m;52;1
628;Kv-29v10m   A*;52;1
629;Kv-29v15 Tr;52;1
630;Kv-29v15 Tr   A**;52;1
631;Kv-29vl40;52;1
632;Kv-29vl40   A**;52;1
633;Kv-29vl65a;52;1
634;Kv-29vl65a   A**;52;1
635;Kv-29vl65a_;52;1
636;Kv-29vl85;52;1
637;Kv-29vl85   A**;52;1
638;Kv-29vl95;52;1
639;Kv-29vl95   A**;52;1
640;Kv-29vtr10;52;1
641;Kv-29vtr15;52;1
642;Kv-29x5a;52;1
643;Kv-29x5r;52;1
644;Kv-29xl40m;52;1
645;Kv-29xl42;52;1
646;Kv-29xtr1;52;1
647;Kv-29xtr1/2;52;1
648;Kv-29xtr10;52;1
649;Kv-29xtr2;52;1
650;Kv-29xtr3;52;1
651;Kv-29xtr3   A**;52;1
652;Kv-29xtr30;52;1
653;Kv-29xtr30     A**;52;1
654;Kv-2ws4r;52;1
655;Kv-32ds65u;52;1
656;Kv-32fs10;52;1
657;Kv-32fs12;52;1
658;Kv-32fs12  A**;52;1
659;Kv-32fs12 Gray;52;1
660;Kv-32fs16;52;1
661;Kv-32fs16  A**;52;1
662;Kv-32fv1;52;1
663;Kv-32fv1  A**;52;1
664;Kv-32fv15;52;1
665;Kv-32fx65;52;1
666;Kv-32hq100b;52;1
667;Kv-32hs20;52;1
668;Kv-32ls60b;52;1
669;Kv-32s10;52;1
670;Kv-32s12;52;1
671;Kv-32s12  A**;52;1
672;Kv-32s12  B**;52;1
673;Kv-32s15;52;1
674;Kv-32s16;52;1
675;Kv-32s16  A**;52;1
676;Kv-32s16  B**;52;1
677;Kv-32s20;52;1
678;Kv-32s20  Ver.2;52;1
679;Kv-32s22;52;1
680;Kv-32s25  Ver.2;52;1
681;Kv-32s26;52;1
682;Kv-32s36;52;1
683;Kv-32ts20_;52;1
684;Kv-32ts35_;52;1
685;Kv-32ts36;52;1
686;Kv-32ts46;52;1
687;Kv-32tw26;52;1
688;Kv-32tw67;52;1
689;Kv-32tw67  A**;52;1
690;Kv-32tw67  B**;52;1
691;Kv-32tw68;52;1
692;Kv-32tw68  A**;52;1
693;Kv-32tw68  B**;52;1
694;Kv-32tw77;52;1
695;Kv-32tw78;52;1
696;Kv-32v15;52;1
697;Kv-32v15   A*;52;1
698;Kv-32v16;52;1
699;Kv-32v16   A**;52;1
700;Kv-32v16  B**;52;1
701;Kv-32wf3;52;1
702;Kv-32wf3a;52;1
703;Kv-32xbr10;52;1
704;Kv-32xbr10/70;52;1
705;Kv-32xbr250;52;1
706;Kv-32xbr35;52;1
707;Kv-32xbr35 A*;52;1
708;Kv-32xbr35 Aa*;52;1
709;Kv-32xbr45;52;1
710;Kv-32xbr45   A**;52;1
711;Kv-32xbr450;52;1
712;Kv-32xbr70;52;1
713;Kv-32xbr85   A**;52;1
714;Kv-32xbr85.;52;1
715;Kv-3400 Dv2 A*;52;1
716;Kv-3400 Dv2 Aa*;52;1
717;Kv-3400 Dv2 Aaa*;52;1
718;Kv-3400d;52;1
719;Kv-3400dv;52;1
720;Kv-3400dv2;52;1
721;Kv-34fs13a;52;1
722;Kv-34fs13a  A**;52;1
723;Kv-34fv10;52;1
724;Kv-34fv15;52;1
725;Kv-34fv15c;52;1
726;Kv-34fv15k;52;1
727;Kv-34fv15t;52;1
728;Kv-34fvl1;52;1
729;Kv-34fvl1  A**;52;1
730;Kv-34fx250c;52;1
731;Kv-34rs20c  Ver.2;52;1
732;Kv-34rs26c;52;1
733;Kv-34v15c;52;1
734;Kv-34xtr10;52;1
735;Kv-35v35;52;1
736;Kv-35v35  A**;52;1
737;Kv-35v35  B**;52;1
738;Kv-35v45;52;1
739;Kv-35v45  A**;52;1
740;Kv-35v45  B**;52;1
741;Kv-35v75;52;1
742;Kv-35v75  A**;52;1
743;Kv-35v75  B**;52;1
744;Kv-368fv15k;52;1
745;Kv-36fs10;52;1
746;Kv-36fs100;52;1
747;Kv-36fv1;52;1
748;Kv-36fv1  A**;52;1
749;Kv-36fv15;52;1
750;Kv-36hq100b;52;1
751;Kv-36hs20h;52;1
752;Kv-36xbr250;52;1
753;Kv-36xbr450;52;1
754;Kv-38fs200;52;1
755;Kv-38fx250;52;1
756;Kv-38fx250c;52;1
757;Kv-38fx250t;52;1
758;Kv-46v15_  A*;52;1
759;Kv-4p1;52;1
760;Kv-5100;52;1
761;Kv-6000be;52;1
762;Kv-6845;52;1
763;Kv-6x1;52;1
764;Kv-8ad10;52;1
765;Kv-8ad20;52;1
766;Kv-9000u;52;1
767;Kv-9400;52;1
768;Kv-9pt50;52;1
769;Kv-9pt60;52;1
770;Kv-ar252m50;52;1
771;Kv-ar25m50;52;1
772;Kv-bm14n40;52;1
773;Kv-bm21m10;52;1
774;Kv-bm21m40;52;1
775;Kv-bm21n70;52;1
776;Kv-bm21p42;52;1
777;Kv-bt21m50;52;1
778;Kv-bt21m80;52;1
779;Kv-bt21m81;52;1
780;Kv-c2521a;52;1
781;Kv-c2521a_ A*;52;1
782;Kv-c2521a_ B*;52;1
783;Kv-c2531a;52;1
784;Kv-c2531a_ A*;52;1
785;Kv-c2531a_ B*;52;1
786;Kv-c2921d;52;1
787;Kv-c2921d_ A*;52;1
788;Kv-c2921d_ B*;52;1
789;Kv-c2931d_;52;1
790;Kv-c2931d_ A*;52;1
791;Kv-c2931d_ B*;52;1
792;Kv-da28m81;52;1
793;Kv-da34m61;52;1
794;Kv-da34m80;52;1
795;Kv-da34x80;52;1
796;Kv-dx21tu;52;1
797;Kv-dx27tu;52;1
798;Kv-ef29n6a;52;1
799;Kv-ef29n6a   A**;52;1
800;Kv-es29m90;52;1
801;Kv-fx29td;52;1
802;Kv-ha21m50;52;1
803;Kv-ha21m60;52;1
804;Kv-ha21m80;52;1
805;Kv-ha21m81;52;1
806;Kv-ha21p52;52;1
807;Kv-hw21m30;52;1
808;Kv-j14m1.;52;1
809;Kv-l34mf1;52;1
810;Kv-l34mh11;52;1
811;Kv-l34mn11;52;1
812;Kv-m1400;52;1
813;Kv-m1400k;52;1
814;Kv-m1401;52;1
815;Kv-m1401k;52;1
816;Kv-m1410u;52;1
817;Kv-m1411u;52;1
818;Kv-m1420u;52;1
819;Kv-m1421u;52;1
820;Kv-m1440a;52;1
821;Kv-m1441a;52;1
822;Kv-m14b;52;1
823;Kv-m1620u;52;1
824;Kv-m1621u;52;1
825;Kv-m16b;52;1
826;Kv-m1921u;52;1
827;Kv-m2100k;52;1
828;Kv-m2100k-;52;1
829;Kv-m2101k;52;1
830;Kv-m2140u;52;1
831;Kv-m2141u;52;1
832;Kv-m2151kr;52;1
833;Kv-m2170;52;1
834;Kv-m2170a;52;1
835;Kv-m2171;52;1
836;Kv-m2171a;52;1
837;Kv-m2180a/b;52;1
838;Kv-m2181b/d;52;1
839;Kv-m2540d;52;1
840;Kv-mt2000;52;1
841;Kv-pf21p40;52;1
842;Kv-s2912;52;1
843;Kv-s29mh1;52;1
844;Kv-s29mh1  A**;52;1
845;Kv-s29mh1  B**;52;1
846;Kv-s29mh1  C**;52;1
847;Kv-s29mh1  D**;52;1
848;Kv-s29mh1  E**;52;1
849;Kv-st2050;52;1
850;Kv-v2110a;52;1
851;Kv-v2110a  A**;52;1
852;Kv-v2110a  B**;52;1
853;Kv-x2141d;52;1
854;Kv-x2162;52;1
855;Kv-x2181a;52;1
856;Kv-x2181a  A**;52;1
857;Kv-x2182u;52;1
858;Kv-x2182u  A**;52;1
859;Kv-x2183b;52;1
860;Kv-x2183b  A**;52;1
861;Kv-x21tu;52;1
862;Kv-x2521d;52;1
863;Kv-x2541d;52;1
864;Kv-x2562;52;1
865;Kv-x25tu;52;1
866;Kv-x2941d;52;1
867;Kv-x2962;52;1
868;Kv-x2971a;52;1
869;Kv-x2972u;52;1
870;Kv-x2973u;52;1
871;Kv-x2991;52;1
872;Kv-xf29m80;52;1
873;Kv-xg29m30;52;1
874;Kv-xg29m30  A**;52;1
875;Kv-xg29m50;52;1
876;Kv-xg29m50  A**;52;1
877;Kv-xg29m60;52;1
878;Kv-xg29m60  A**;52;1
879;Kv-xg29m80;52;1
880;Kv-xg29m80  A**;52;1
881;Kv-xg29m81;52;1
882;Kv-xg29m81  A**;52;1
883;Kv-xg29m90;52;1
884;Kv-xg29m90  A**;52;1
885;Kv-xl40;52;1
886;Kv21fm100;52;1
887;Kv27ts29;52;1
888;Kv29fs12;52;1
889;Kv29fs13/9;52;1
890;Kx13hf2;52;1
891;Kx16hf1;52;1
892;Kx16hf2;52;1
893;Kx20hf1;52;1
894;Kx20hf2;52;1
895;Kx20hf3;52;1
896;Kx20hf3  A**;52;1
897;Kx21hg1;52;1
898;Kx21hg1    A**;52;1
899;Kx27hf1;52;1
900;Kx27hf2;52;1
901;Kx27hf3;52;1
902;Kx27hf3    A**;52;1
903;Kx27hg2;52;1
904;Kx27hg2    A**;52;1
905;Kx4m1;52;1
906;Kz-32ts1u;52;1
907;Kz-41ts1u;52;1
908;M0g,p475  Mh05,p166;52;1
909;M1400k;52;1
910;M1401k;52;1
911;M2100;52;1
912;M2101;52;1
913;Me2016me;52;1
914;Mt2000;52;1
915;Rm672;52;1
916;Rm679mtp;52;1
917;Rm687b;52;1
918;Rm687c;52;1
919;Rm687e;52;1
920;Rm827b;52;1
921;Scc 174 B A;52;1
922;Slv-av100c;52;1
923;Slv-d350p;52;1
924;Slv-d550p;52;1
925;Slv-d900e;52;1
926;Slv-d900g;52;1
927;Slv-d910az;52;1
928;Slv-d950az;52;1
929;Ssxt291;52;1
930;St2050;52;1
931;Sv1026;52;1
932;Tcl-2509;52;1
933;Tcl-2566;52;1
934;Tcl-2568;52;1
935;Tcl-2969a;52;1
936;V2724ec;52;1
937;Vpl-hs1;52;1
938;Vpl-hs2;52;1
939;Xbr800;52;1
940;Xtl-6100;52;1
941;Xtl-610e;52;1
942;Xtl-75v;52;1
943;-;52;2
944;... L01;52;2
945;1460/1461;52;2
946;14c92577s;52;2
947;14cn2001;52;2
948;14cn4015;52;2
949;14cn4015   A**;52;2
950;14cn4015uhf/vhf;52;2
951;14cn4016vhf;52;2
952;14cn4017uhf/vhf;52;2
953;14cn4018vhf;52;2
954;14cn4414uhf/vhf;52;2
955;14cn4415;52;2
956;14cn4415   A**;52;2
957;14cn4415uhf/vhf;52;2
958;14cn4416uhf/vhf;52;2
959;14cn4417uhf/vhf;52;2
960;14cn4418uhf/vhf;52;2
961;14cn4419uhf/vhf;52;2
962;14cn446577;52;2
963;14cpt165;52;2
964;14ct3000;52;2
965;14ct3025;52;2
966;14ct3200;52;2
967;14ct3201;52;2
968;14ct3225;52;2
969;14ct3300;52;2
970;14ct6005;52;2
971;14ct6305;52;2
972;14ct6401;52;2
973;14ct6401/58;52;2
974;14ct6401/58s;52;2
975;14ct6405;52;2
976;14ct7405/77s;52;2
977;14gl1010;52;2
978;14gl1012;52;2
979;14gl1013;52;2
980;14gl1310;52;2
981;14gl1410;52;2
982;14gr1220;52;2
983;14gr1221;52;2
984;14gr1228;52;2
985;14gr1234;52;2
986;14gr1236;52;2
987;14gx;52;2
988;14gx1510;52;2
989;14gx1515;52;2
990;14gx1810;52;2
991;14gx1815;52;2
992;14gx8510;52;2
993;14gx8518;52;2
994;14pt136a;52;2
995;14pt138;52;2
996;14pt148.;52;2
997;14pt165;52;2
998;14pt214;52;2
999;14pt2381.;52;2
1000;14pt268277b;52;2
1001;14pt268277b  A**;52;2
1002;14pt3005/44;52;2
1003;14pt3131;52;2
1004;14pt314;52;2
1005;14pt314b chasis l9.2a;52;2
1006;14pt4131;52;2
1007;14pt414;52;2
1008;14pt418a/77r_;52;2
1009;14pt514;52;2
1010;14pt514   B**;52;2
1011;14pt519/77r;52;2
1012;14pt524;52;2
1013;14pt6107;52;2
1014;14pv111;52;2
1015;14pv112;52;2
1016;14pv203;52;2
1017;14pv205;52;2
1018;14pv360;52;2
1019;14pv365;52;2
1020;14pv415;52;2
1021;14pv460;52;2
1022;14tvcr240;52;2
1023;15ce1210;52;2
1024;15ce1510;52;2
1025;15gr2330;52;2
1026;16cn4035uhf/vhf;52;2
1027;16cn4036vhf;52;2
1028;16cn4037uhf/vhf;52;2
1029;16cn4038vhf;52;2
1030;16cn4433uhf/vhf;52;2
1031;16cn4435uhf/vhf;52;2
1032;16ct3000;52;2
1033;16ct3025;52;2
1034;16ct3300;52;2
1035;16ct3325;52;2
1036;16ct6010;52;2
1037;16gl1030.;52;2
1038;16gl1330.;52;2
1039;17ce1530;52;2
1040;17cmdos;52;2
1041;17gr2341;52;2
1042;1902a;52;2
1043;20b800 - 7562;52;2
1044;20cn4065 Uhf/vhf;52;2
1045;20cn4066vhf;52;2
1046;20cn4067uhf/vhf;52;2
1047;20cn4068uhf;52;2
1048;20cn4465/77;52;2
1049;20cn4465/77   A**;52;2
1050;20cn4465/77b;52;2
1051;20cn4465uhf/vhf;52;2
1052;20cn4466/77b;52;2
1053;20cn4466uhf/vhf;52;2
1054;20cn4466z;52;2
1055;20ct229/00z;52;2
1056;20ct3100;52;2
1057;20ct3101;52;2
1058;20ct3101  A**;52;2
1059;20ct3400;52;2
1060;20ct3401;52;2
1061;20ct4466;52;2
1062;20ct6000;52;2
1063;20ct6055;52;2
1064;20ct6100;52;2
1065;20ct6100/98z;52;2
1066;20ct6225;52;2
1067;20ct6400;52;2
1068;20ct6400/98z;52;2
1069;20ct6455/77t;52;2
1070;20ct6456;52;2
1071;20ct6555;52;2
1072;20ct6555  A**;52;2
1073;20fl1775;52;2
1074;20gl1040.;52;2
1075;20gl1340.;52;2
1076;20gl1440.;52;2
1077;20gr1055;52;2
1078;20gr1250;52;2
1079;20gr1355;52;2
1080;20gr1356;52;2
1081;20gr1356/77;52;2
1082;20gx1550;52;2
1083;20gx1555.;52;2
1084;20gx1560;52;2
1085;20gx1850;52;2
1086;20gx1855.;52;2
1087;20gx8550;52;2
1088;20gx8558;52;2
1089;20ll260121;52;2
1090;20lw27;52;2
1091;20pt138.;52;2
1092;20pt148.;52;2
1093;20pt1546;52;2
1094;20pt224;52;2
1095;20pt2381.;52;2
1096;20pt244;52;2
1097;20pt2682/77b;52;2
1098;20pt2682/77b  A**;52;2
1099;20pt324;52;2
1100;20pt324b;52;2
1101;20pt328b/77r_;52;2
1102;20pt3331;52;2
1103;20pt424;52;2
1104;20pt428a/77r_;52;2
1105;20pt4331;52;2
1106;20pt524.;52;2
1107;20pt524a-77b;52;2
1108;20pt529/77r;52;2
1109;21cn4462;52;2
1110;21cn4472;52;2
1111;21cpt165;52;2
1112;21ct7470uhf/vhf;52;2
1113;21ct7675uhf/vhf;52;2
1114;21ct7678uhf/vhf;52;2
1115;21gl1340;52;2
1116;21gl1450.;52;2
1117;21gl1452;52;2
1118;21gr1260/77b;52;2
1119;21gr1356;52;2
1120;21gr1366;52;2
1121;21gr2350;52;2
1122;21gx.;52;2
1123;21gx1560;52;2
1124;21gx1565.;52;2
1125;21gx1865.;52;2
1126;21pd5932/77r;52;2
1127;21pt128;52;2
1128;21pt136b;52;2
1129;21pt1381/77b;52;2
1130;21pt165.;52;2
1131;21pt166;52;2
1132;21pt1663;52;2
1133;21pt2381.;52;2
1134;21pt263a    A**;52;2
1135;21pt263a    B*;52;2
1136;21pt2682/77b;52;2
1137;21pt268277b  A**;52;2
1138;21pt3005/55;52;2
1139;21pt334;52;2
1140;21pt4426;52;2
1141;21pt534.;52;2
1142;21pt534a/77b;52;2
1143;21pt538a/77r_;52;2
1144;21pt5432/77r;52;2
1145;21pt5433;52;2
1146;21pt5434;52;2
1147;21pt838a;52;2
1148;21pt838a/77r_;52;2
1;1216;52;1
2;13rt22;52;1
3;1401;52;1
4;14dk1;52;1
5;14nx3;52;1
6;1513;52;1
7;1882aeb;52;1
8;19ts10;52;1
9;20nx3;52;1
10;20ts27;52;1
11;2100;52;1
12;2185mk;52;1
13;21dk1;52;1
14;25k1k;52;1
15;25xbr;52;1
16;25xbr   A**;52;1
17;25xbr   B**;52;1
18;27s25;52;1
19;29k1-2;52;1
20;29v15;52;1
21;42pfl7403/55;52;1
22;46cx35;52;1
23;Ba4;52;1
24;Ba6;52;1
25;Be-2a;52;1
26;Bg-3s-6;52;1
27;Ckv-2511wp;52;1
28;Ckv-2511wp  A**;52;1
29;Ckv-29fv16a  A**;52;1
30;Codigos;52;1
31;Cvm-2712an;52;1
32;Cx-21551;52;1
33;Dth2049;52;1
34;Fd200;52;1
35;Fdl-22;52;1
36;Fdl-k400;52;1
37;Fdl330s;52;1
38;Fx400;52;1
39;Fx406;52;1
40;Kb1712d;52;1
41;Kb1712d     A**;52;1
42;Kb1923;52;1
43;Kde-p342xs1;52;1
44;Kde-p37xs1;52;1
45;Kde-p42sx1;52;1
46;Kf-42;52;1
47;Kf-50;52;1
48;Kf-60dx100;52;1
49;Kf-60we610;52;1
50;Kl-37;52;1
51;Kl-37w1;52;1
52;Klv-17hr1;52;1
53;Klv-20sr3;52;1
54;Klv-21sr2;52;1
55;Kp-41exr96;52;1
56;Kp-41exr96    A**;52;1
57;Kp-41exr96  B**;52;1
58;Kp-41exr96  C**;52;1
59;Kp-41s5;52;1
60;Kp-41t15;52;1
61;Kp-41t65;52;1
62;Kp-41t65    A**;52;1
63;Kp-43ht20;52;1
64;Kp-44px3;52;1
65;Kp-46515;52;1
66;Kp-4653;52;1
67;Kp-46c65;52;1
68;Kp-46v15;52;1
69;Kp-46v15_  B*;52;1
70;Kp-46v15_  C*;52;1
71;Kp-46v15_  D*;52;1
72;Kp-46v16;52;1
73;Kp-46v16_  B*;52;1
74;Kp-46v16_  C*;52;1
75;Kp-46v16_  D*;52;1
76;Kp-46v35;52;1
77;Kp-46v35  A**;52;1
78;Kp-46v35  B**;52;1
79;Kp-46xbr35;52;1
80;Kp-46xbr35_  A*;52;1
81;Kp-46xbr35_  B*;52;1
82;Kp-46xbr35_  C*;52;1
83;Kp-48s65;52;1
84;Kp-4apx2;52;1
85;Kp-500an;52;1
86;Kp-5021;52;1
87;Kp-51ws500;52;1
88;Kp-53;52;1
89;Kp-53   A**;52;1
90;Kp-53   B**;52;1
91;Kp-53&61hs20;52;1
92;Kp-53&61hs30;52;1
93;Kp-53515;52;1
94;Kp-53s65;52;1
95;Kp-53v15;52;1
96;Kp-53v15_  B*;52;1
97;Kp-53v15_  C*;52;1
98;Kp-53v15_  D*;52;1
99;Kp-53v16;52;1
100;Kp-53v16_  B*;52;1
101;Kp-53v16_  C*;52;1
102;Kp-53v16_  D*;52;1
103;Kp-53v35;52;1
104;Kp-53xbr15;52;1
105;Kp-53xbr35;52;1
106;Kp-53xbr35_  A*;52;1
107;Kp-53xbr35_  B*;52;1
108;Kp-53xbr35_  C*;52;1
109;Kp-57ws500;52;1
110;Kp-61s65;52;1
111;Kp-61v15;52;1
112;Kp-61v15_  B*;52;1
113;Kp-61v15_  C*;52;1
114;Kp-61v15_  D*;52;1
115;Kp-61v35;52;1
116;Kp-61xbr38;52;1
117;Kp-61xbr38_  A*;52;1
118;Kp-61xbr38_  B*;52;1
119;Kp-61xbr38_  C*;52;1
120;Kp-65ws500;52;1
121;Kp-7221.;52;1
122;Kp-s4613;52;1
123;Kpr-41ds2;52;1
124;Kpr-4600a;52;1
125;Kpr-4600a    A**;52;1
126;Kpr-4600a    B**;52;1
127;Kpr-46cx25;52;1
128;Kpr-46cx25  A**;52;1
129;Kpr-46cx25  B**;52;1
130;Kpr-46cx35;52;1
131;Kpr-46cx35    A*;52;1
132;Kpr-46cx35   B*;52;1
133;Kpr-46ex20;52;1
134;Kpr-46ex25;52;1
135;Kpr-46ex35;52;1
136;Kpr-46exr15;52;1
137;Kpr-46exr15_ A*;52;1
138;Kpr-46exr15_ B*;52;1
139;Kpr-53cx35;52;1
140;Kpr-53cx35    A*;52;1
141;Kpr-53cx35   B*;52;1
142;Kpr-53ex20;52;1
143;Kpr-53ex35;52;1
144;Kpr-53exr15;52;1
145;Kpr-53exr15_ A*;52;1
146;Kpr-53exr15_ B*;52;1
147;Kv 1459 Mx;52;1
148;Kv 21fs120;52;1
149;Kv-00;52;1
150;Kv-10fmr20;52;1
151;Kv-10p2;52;1
152;Kv-1200;52;1
153;Kv-1200u;52;1
154;Kv-1204;52;1
155;Kv-1205;52;1
156;Kv-1205   A**;52;1
157;Kv-1207;52;1
158;Kv-1215;52;1
159;Kv-1216;52;1
160;Kv-1216  A**;52;1
161;Kv-1217;52;1
162;Kv-1221r;52;1
163;Kv-1222r;52;1
164;Kv-1223r;52;1
165;Kv-1240;52;1
166;Kv-1240wp;52;1
167;Kv-1301;52;1
168;Kv-1311cr;52;1
169;Kv-1311cr    A**;52;1
170;Kv-1312an;52;1
171;Kv-1326r;52;1
172;Kv-1352e;52;1
173;Kv-1361;52;1
174;Kv-1362;52;1
175;Kv-1365;52;1
176;Kv-1368;52;1
177;Kv-1370;52;1
178;Kv-1395r;52;1
179;Kv-1395r  A**;52;1
180;Kv-1396r;52;1
181;Kv-1397r;52;1
182;Kv-1397r  A**;52;1
183;Kv-13a2;52;1
184;Kv-13f1;52;1
185;Kv-13fm13;52;1
186;Kv-13fm13  A**;52;1
187;Kv-13fm14;52;1
188;Kv-13fm14  A**;52;1
189;Kv-13m10;52;1
190;Kv-13sf1;52;1
191;Kv-13tr14;52;1
192;Kv-1400;52;1
193;Kv-1400 An;52;1
194;Kv-1400 An  A**;52;1
195;Kv-1400an;52;1
196;Kv-1400hk;52;1
197;Kv-1400vb;52;1
198;Kv-1401;52;1
199;Kv-1414wr;52;1
200;Kv-1421;52;1
201;Kv-1432wp;52;1
202;Kv-1435me3;52;1
203;Kv-1442an;52;1
204;Kv-1450b;52;1
205;Kv-1454rwp;52;1
206;Kv-1470r;52;1
207;Kv-1483;52;1
208;Kv-1484an;52;1
209;Kv-1484an  A**;52;1
210;Kv-1487mt.;52;1
211;Kv-1499m7j;52;1
212;Kv-14a1;52;1
213;Kv-14d2;52;1
214;Kv-14d3;52;1
215;Kv-14dk2;52;1
216;Kv-14dr2;52;1
217;Kv-14lm1;52;1
218;Kv-14lt1;52;1
219;Kv-14m;52;1
220;Kv-14m1a;52;1
221;Kv-14m70;52;1
222;Kv-14mb40a;52;1
223;Kv-14mtr1;52;1
224;Kv-14mtr2;52;1
225;Kv-14nx3;52;1
226;Kv-14t1a;52;1
227;Kv-14tr24;52;1
228;Kv-1512;52;1
229;Kv-1513;52;1
230;Kv-1513   A**;52;1
231;Kv-1541r;52;1
232;Kv-1542;52;1
233;Kv-1542r;52;1
234;Kv-1545r;52;1
235;Kv-1545r  A**;52;1
236;Kv-1546r;52;1
237;Kv-1612an;52;1
238;Kv-1616;52;1
239;Kv-1670mt;52;1
240;Kv-1675;52;1
241;Kv-1677r;52;1
242;Kv-1678;52;1
243;Kv-1684mt;52;1
244;Kv-1685r;52;1
245;Kv-16a1;52;1
246;Kv-16b;52;1
247;Kv-16d1;52;1
248;Kv-16ds1;52;1
249;Kv-16f1;52;1
250;Kv-16r1;52;1
251;Kv-16sx1;52;1
252;Kv-1712d;52;1
253;Kv-1713;52;1
254;Kv-1713/911;52;1
255;Kv-1714;52;1
256;Kv-1730-r;52;1
257;Kv-1741;52;1
258;Kv-1741r/941;52;1
259;Kv-1742r;52;1
260;Kv-1742r  A**;52;1
261;Kv-1742r/k;52;1
262;Kv-1743;52;1
263;Kv-1743-r;52;1
264;Kv-1751;52;1
265;Kv-1820r;52;1
266;Kv-1842e;52;1
267;Kv-1842e  A**;52;1
268;Kv-1868;52;1
269;Kv-1875;52;1
270;Kv-1878;52;1
271;Kv-1880r;52;1
272;Kv-1882aeb;52;1
273;Kv-1885r;52;1
274;Kv-18a1;52;1
275;Kv-18bx1;52;1
276;Kv-18dr1;52;1
277;Kv-18g1;52;1
278;Kv-18gr1;52;1
279;Kv-18mr1;52;1
280;Kv-18r1;52;1
281;Kv-18r2;52;1
282;Kv-18s1;52;1
283;Kv-18sr2;52;1
284;Kv-18sr3;52;1
285;Kv-18sx1;52;1
286;Kv-18xr2;52;1
287;Kv-18xr3;52;1
288;Kv-1910;52;1
289;Kv-1911;52;1
290;Kv-1913;52;1
291;Kv-1914;52;1
292;Kv-1914wr;52;1
293;Kv-1920;52;1
294;Kv-1921;52;1
295;Kv-1922;52;1
296;Kv-1922/1911;52;1
297;Kv-1923;52;1
298;Kv-1928r;52;1
299;Kv-1935h;52;1
300;Kv-1941;52;1
301;Kv-1941r;52;1
302;Kv-1942r;52;1
303;Kv-1942r   A**;52;1
304;Kv-1943r;52;1
305;Kv-1944r;52;1
306;Kv-1951;52;1
307;Kv-1984mt;52;1
308;Kv-19b;52;1
309;Kv-19tr10;52;1
310;Kv-19tr10/20;52;1
311;Kv-19tr20;52;1
312;Kv-19ts10   Ver;52;1
313;Kv-19ts20;52;1
314;Kv-2010e;52;1
315;Kv-2012;52;1
316;Kv-2012me;52;1
317;Kv-2015e;52;1
318;Kv-2016me;52;1
319;Kv-2022am;52;1
320;Kv-2022an;52;1
321;Kv-2032me;52;1
322;Kv-2037rs;52;1
323;Kv-2067an;52;1
324;Kv-2067an   A**;52;1
325;Kv-2072r;52;1
326;Kv-2078;52;1
327;Kv-2080r;52;1
328;Kv-2082me7;52;1
329;Kv-2082me7   A**;52;1
330;Kv-2085r;52;1
331;Kv-2088r;52;1
332;Kv-2092r;52;1
333;Kv-2092r  A**;52;1
334;Kv-2093;52;1
335;Kv-2093r;52;1
336;Kv-2093r   A**;52;1
337;Kv-20a1;52;1
338;Kv-20bx1;52;1
339;Kv-20exr20;52;1
340;Kv-20fs100;52;1
341;Kv-20fs12;52;1
342;Kv-20fs12  A**;52;1
343;Kv-20fv12;52;1
344;Kv-20fv12  A**;52;1
345;Kv-20m10;52;1
346;Kv-20m20;52;1
347;Kv-20mr1;52;1
348;Kv-20r2;52;1
349;Kv-20s1;52;1
350;Kv-20s10;52;1
351;Kv-20s20;52;1
352;Kv-20s21;52;1
353;Kv-20s30;52;1
354;Kv-20sr2;52;1
355;Kv-20sr3;52;1
356;Kv-20sx1;52;1
357;Kv-20tr22;52;1
358;Kv-20tr23;52;1
359;Kv-20ts27;52;1
360;Kv-20ts50;52;1
361;Kv-20vm30;52;1
362;Kv-20vm30  A**;52;1
363;Kv-20ws1;52;1
364;Kv-20xr2;52;1
365;Kv-20xr3;52;1
366;Kv-2100;52;1
367;Kv-2101;52;1
368;Kv-211xm;52;1
369;Kv-2142r;52;1
370;Kv-2150r;52;1
371;Kv-2160wr;52;1
372;Kv-2167mt;52;1
373;Kv-2180r;52;1
374;Kv-2182m9;52;1
375;Kv-2182m9/rm677;52;1
376;Kv-2182m9/rm677   A*;52;1
377;Kv-2184;52;1
378;Kv-2184an;52;1
379;Kv-2184an   A**;52;1
380;Kv-2184mt;52;1
381;Kv-2184p;52;1
382;Kv-2184wr;52;1
383;Kv-2185;52;1
384;Kv-2185mt;52;1
385;Kv-2190rs;52;1
386;Kv-2199mst;52;1
387;Kv-2199xdk;52;1
388;Kv-21c4k;52;1
389;Kv-21c5b;52;1
390;Kv-21c5d;52;1
391;Kv-21cl5k;52;1
392;Kv-21dk1;52;1
393;Kv-21dk2;52;1
394;Kv-21fa315;52;1
395;Kv-21fe12;52;1
396;Kv-21fe12  A**;52;1
397;Kv-21fe12a;52;1
398;Kv-21fe12a   A**;52;1
399;Kv-21fe12c;52;1
400;Kv-21fe12c   A**;52;1
401;Kv-21fm100;52;1
402;Kv-21fm12;52;1
403;Kv-21fm12   A**;52;1
404;Kv-21fs100;52;1
405;Kv-21fs105;52;1
406;Kv-21ft1b;52;1
407;Kv-21fv12;52;1
408;Kv-21fv12   A**;52;1
409;Kv-21fv12c;52;1
410;Kv-21fv12c    A**;52;1
411;Kv-21fv300;52;1
412;Kv-21m1a;52;1
413;Kv-21m30;52;1
414;Kv-21m50;52;1
415;Kv-21m5d;52;1
416;Kv-21mtr2.;52;1
417;Kv-21nx3;52;1
418;Kv-21pm1;52;1
419;Kv-21ps1;52;1
420;Kv-21r1;52;1
421;Kv-21r10;52;1
422;Kv-21r20;52;1
423;Kv-21rd1;52;1
424;Kv-21rs10;52;1
425;Kv-21rs20;52;1
426;Kv-21sd1;52;1
427;Kv-21se40a;52;1
428;Kv-21se80a;52;1
429;Kv-21str1;52;1
430;Kv-21t1a;52;1
431;Kv-21t5d;52;1
432;Kv-21t5k;52;1
433;Kv-21vx1mt;52;1
434;Kv-21x1a-u;52;1
435;Kv-21x1d;52;1
436;Kv-21x5a;52;1
437;Kv-21xrtd;52;1
438;Kv-21xt4a;52;1
439;Kv-21xtr1;52;1
440;Kv-21xtr2;52;1
441;Kv-21xtr3;52;1
442;Kv-2252;52;1
443;Kv-2256;52;1
444;Kv-22xr1;52;1
445;Kv-22xr2;52;1
446;Kv-22xr2   A**;52;1
447;Kv-24fv12;52;1
448;Kv-25;52;1
449;Kv-2553mt;52;1
450;Kv-2553mt-;52;1
451;Kv-2565;52;1
452;Kv-2584mt;52;1
453;Kv-2584mt  A**;52;1
454;Kv-25fm100;52;1
455;Kv-25fv12.;52;1
456;Kv-25fv300;52;1
457;Kv-25fx20;52;1
458;Kv-25fx30;52;1
459;Kv-25k1;52;1
460;Kv-25k5;52;1
461;Kv-25m;52;1
462;Kv-25r2a;52;1
463;Kv-25x1d;52;1
464;Kv-25xbr;52;1
465;Kv-2643r;52;1
466;Kv-2644;52;1
467;Kv-2644r;52;1
468;Kv-2710;52;1
469;Kv-2710d;52;1
470;Kv-2711r;52;1
471;Kv-2711rd;52;1
472;Kv-2720ec;52;1
473;Kv-2720ec  A**;52;1
474;Kv-2722ec;52;1
475;Kv-2722ec  A**;52;1
476;Kv-2724ec;52;1
477;Kv-2724ec  A**;52;1
478;Kv-2752;52;1
479;Kv-2756;52;1
480;Kv-2781r;52;1
481;Kv-2781r   A**;52;1
482;Kv-2790r;52;1
483;Kv-2790r   A**;52;1
484;Kv-27a1;52;1
485;Kv-27ax1;52;1
486;Kv-27exr10;52;1
487;Kv-27exr10/15;52;1
488;Kv-27exr15;52;1
489;Kv-27exr20;52;1
490;Kv-27exr20   A**;52;1
1149;21pt839/77r;52;2
1150;21pv267;52;2
1151;21pv345;52;2
1152;25f800 7583;52;2
1153;25fl1760;52;2
1154;25fl1760   A**;52;2
1155;25fl1760  B**;52;2
1156;25fl1760  C**;52;2
1157;25gx1882    A**;52;2
1158;25ps321;52;2
1159;25ps50;52;2
1160;25pt263a;52;2
1161;25pt4622;52;2
1162;25pt4622  A**;52;2
1163;25pt463;52;2
1164;25pt463a;52;2
1165;25pt544;52;2
1166;25pt544    A**;52;2
1167;25pt544/a77b;52;2
1168;25pt544/a77b   A**;52;2
1169;25pt548a/77b;52;2
1170;25pt5531/77r;52;2
1171;25pt554;52;2
1172;25pt5541/77r;52;2
1173;25pt574;52;2
1174;25pt848a/77r;52;2
1175;25pt848a/pl;52;2
1176;25pt848a/pl Bra;52;2
1177;25st1724;52;2
1178;25sx8674/54 R;52;2
1179;26c536/75;52;2
1180;26cl9305/77z;52;2
1181;28ce6298;52;2
1182;28ct7690uhf/vhf;52;2
1183;28ct7691/772    A**;52;2
1184;28ct7691/772    B**;52;2
1185;28ct7692uhf/vhf;52;2
1186;28ct7693uhf/vhf;52;2
1187;28ct7694uhf/vhf;52;2
1188;28mk2490/77;52;2
1189;28mk2490/77  A**;52;2
1190;28ml8916;52;2
1191;28pt2541;52;2
1192;28pt6431/77r;52;2
1193;28pt6532/77r;52;2
1194;28pw6005;52;2
1195;28pw6506/01;52;2
1196;28pw6515;52;2
1197;28pw6542/77r;52;2
1198;28pw9767;52;2
1199;29fl1770;52;2
1200;29fl1770   A**;52;2
1201;29fl1770  B**;52;2
1202;29fl1770  C**;52;2
1203;29fl1775;52;2
1204;29fl1775   A**;52;2
1205;29fl1775  B**;52;2
1206;29fl1775  C**;52;2
1207;29gx1892;52;2
1208;29gx1892   A**;52;2
1209;29pd6932/77r;52;2
1210;29pt458a/77r;52;2
1211;29pt458a/77r_;52;2
1212;29pt461a;52;2
1213;29pt461a     A**;52;2
1214;29pt4622;52;2
1215;29pt4622  A**;52;2
1216;29pt4622  B**;52;2
1217;29pt4631-77r;52;2
1218;29pt4631/77r;52;2
1219;29pt544;52;2
1220;29pt554/a77b;52;2
1221;29pt558a-77;52;2
1222;29pt558a/77r_;52;2
1223;29pt5632/77r;52;2
1224;29pt5642/77r;52;2
1225;29pt6361;52;2
1226;29pt6361  A**;52;2
1227;29pt652/78r;52;2
1228;29pt652/78r     A**;52;2
1229;29pt652/78r     B**;52;2
1230;29pt656;52;2
1231;29pt656  A**;52;2
1232;29pt658a/77r;52;2
1233;29pt658a/77r_;52;2
1234;29pt752a/77b;52;2
1235;29pt752a/77b    A**;52;2
1236;29pt752a/77b    B**;52;2
1237;29pt854  A**;52;2
1238;29pt854_;52;2
1239;29sx8674/54r;52;2
1240;29sx8674/54r  A**;52;2
1241;29sx8674/54r  B**;52;2
1242;29sx8674/54r  C**;52;2
1243;29sx8879;52;2
1244;29sx8879  A**;52;2
1245;29sx8879  B**;52;2
1246;29sx8879  C**;52;2
1247;306106-12;52;2
1248;306106-12     A**;52;2
1249;306106-12     B**;52;2
1250;3106;52;2
1251;32fl2884/54r;52;2
1252;32pd6932/77r;52;2
1253;32pw6532/77r;52;2
1254;32pw6542/77r;52;2
1255;32pw878;52;2
1256;32pw878  A**;52;2
1257;32pw9576-12e;52;2
1258;32pw9763/12;52;2
1259;32pw9763/12  A**;52;2
1260;33fl1780;52;2
1261;33fl1780   A**;52;2
1262;33fl1780  B**;52;2
1263;33fl1780  C**;52;2
1264;33fl1785;52;2
1265;33fl1785   A**;52;2
1266;33fl1785  B**;52;2
1267;33fl1785  C**;52;2
1268;33fl1880;52;2
1269;33fl1880   A**;52;2
1270;33fl1880  B**;52;2
1271;33fl1880  C**;52;2
1272;33pt578a/55r;52;2
1273;33pt578a/77r;52;2
1274;33pt772a/78r;52;2
1275;34pt6361;52;2
1276;34pt6361  A**;52;2
1277;34pt876;52;2
1278;34pt876  A**;52;2
1279;36pw9767;52;2
1280;37pt782a/78r;52;2
1281;37pt784;52;2
1282;37pt784a/78r;52;2
1283;37pt876_;52;2
1284;42fd9932.;52;2
1285;46pp912a;52;2
1286;512;52;2
1287;51tr426;52;2
1288;54r9157;52;2
1289;63kv9636;52;2
1290;63kv9647;52;2
1291;9pt461(md1.oa);52;2
1292;9pt461(md1.oa) A**;52;2
1293;A10-2k2;52;2
1294;A10a Aa;52;2
1295;A10a+dvd;52;2
1296;A29(960);52;2
1297;A5ls;52;2
1298;Anubis;52;2
1299;Anubis(a;52;2
1300;Anubis(a)  A**;52;2
1301;Anubisdd;52;2
1302;Anubiss;52;2
1303;"Anubiss(29"")";52;2
1304;Anubiss(bb);52;2
1305;Anubiss(bb)    A**;52;2
1306;Cf1;52;2
1307;Chasisfl1.0;52;2
1308;Chasisfl1.0     A**;52;2
1309;Chasisfl1.0     B**;52;2
1310;Chasisfl1.0     C**;52;2
1311;Chasisg8;52;2
1312;Chasisg8   A**;52;2
1313;Chasisg8   B**;52;2
1314;Chasisg8   C**;52;2
1315;Controlremoto;52;2
1316;Cp110;52;2
1317;Cpt90.;52;2
1318;Csm6012;52;2
1319;Ctk1425  Ii;52;2
1320;Cto;52;2
1321;Cto 49.01;52;2
1322;Cto 49.02;52;2
1323;Cto 49.03;52;2
1324;Cto 49.04;52;2
1325;Cto 49.05;52;2
1326;Cto 49.06;52;2
1327;Cto 49.07;52;2
1328;Cto Mh7,p86;52;2
1329;Ctx-e;52;2
1330;Ctx40-e;52;2
1331;E30;52;2
1332;Em5l;52;2
1333;Fl;52;2
1334;Fl2g;52;2
1335;Fl2g  *;52;2
1336;Fm23;52;2
1337;Fm23-32fd 9954;52;2
1338;Fm24-42fd 9954;52;2
1339;Fuente;52;2
1340;G110;52;2
1341;G6;52;2
1342;Gfl2.20e(aa);52;2
1343;Gfl2.20e(aa)    A**;52;2
1344;Gfl2.20e(aa)    B**;52;2
1345;Gfl2.20e(aa)    C**;52;2
1346;Gfl2.20e(aa)  D**;52;2
1347;Gl;52;2
1348;Gr1-ax;52;2
1349;Gr1-ax La;52;2
1350;Gr1221;52;2
1351;Gr1al;52;2
1352;Gr1ax Ntsc;52;2
1353;Gr2.1;52;2
1354;K11   46.02;52;2
1355;K11   46.03;52;2
1356;K11   46.04;52;2
1357;K12  46.05;52;2
1358;K30;52;2
1359;K35;52;2
1360;K40;52;2
1361;Kj256656;52;2
1362;Kl7  47.01;52;2
1363;Kl7  47.02;52;2
1364;Kl8  47.03;52;2
1365;Kl9  47.04;52;2
1366;Kl9  47.05;52;2
1367;Kt3;52;2
1368;Kt3  48.01;52;2
1369;Kt3  48.01  A**;52;2
1370;Kt3  48.02;52;2
1371;Kt3  48.03;52;2
1372;Kt3  48.03  A**;52;2
1373;Kt3  48.04;52;2
1374;Kt3  48.05;52;2
1375;Kt3 Ntsc;52;2
1376;L01;52;2
1377;L01.1ac;52;2
1378;L01h.1l/2l;52;2
1379;L5 As;52;2
1380;L7.1a(aa;52;2
1381;L7.2a(aa;52;2
1382;L7.2a(aa)       A**;52;2
1383;L9.1a(aa;52;2
1384;L9.2a;52;2
1385;Lcd;52;2
1386;Md1.0a(aa);52;2
1387;Md1.0a(aa) A**;52;2
1388;Mod;52;2
1389;Ncf  51.04;52;2
1390;Ncf 50.01;52;2
1391;Ncf 50.02;52;2
1392;Ncfc/remo;52;2
1393;Nm;52;2
1394;Nubischasisscc;52;2
1395;Nubischasisscc  *;52;2
1396;Ob 51r9157;52;2
1397;Oo52mp50;52;2
1398;Oo61mp60;52;2
1399;Plasma;52;2
1400;R16ct3302;52;2
1401;R18k202;52;2
1402;R20c309;52;2
1403;R20c310;52;2
1404;R20c31075;52;2
1405;R20c311;52;2
1406;R22k181;52;2
1407;R22k183;52;2
1408;R22k184;52;2
1409;R22k210;52;2
1410;R26c326;52;2
1411;R26k191;52;2
1412;R26k192;52;2
1413;R26k195;52;2
1414;R26k197;52;2
1415;R26k198;52;2
1416;R26k220;52;2
1417;R26k221;52;2
1418;R26k225;52;2
1419;R26k226;52;2
1420;Tvc12;52;2
1421;Tvc14;52;2
1422;2000/20;52;3
1423;2000/26pa;52;3
1424;To-14v3;52;3
1425;To-14v3   Ver2;52;3
1426;To-20029;52;3
1427;To-2020db;52;3
1428;To-2023;52;3
1429;To-20v3;52;3
1430;To-20v3   Ver2;52;3
1431;To-2100st;52;3
1432;To-2178;52;3
1433;To-9812;52;3
1434;To-9814;52;3
1435;140-141;52;4
1436;140-141  A**;52;4
1437;1411;52;4
1438;1412;52;4
1439;143.;52;4
1440;151;52;4
1441;1511;52;4
1442;1512;52;4
1443;153;52;4
1444;153-200 Sr  A**;52;4
1445;153-200 St;52;4
1446;16444;52;4
1447;17'' 20''  21'';52;4
1448;17'' 20''  21''  A**;52;4
1449;17'' 20''  21''  B**;52;4
1450;1815;52;4
1451;18444;52;4
1452;200;52;4
1453;201;52;4
1454;2011;52;4
1455;2011  (cuc200);52;4
1456;2012;52;4
1457;202;52;4
1458;203.;52;4
1459;21'';52;4
1460;21''  A**;52;4
1461;2112;52;4
1462;213;52;4
1463;2131;52;4
1464;23400942.;52;4
1465;2404;52;4
1466;24300-942.01;52;4
1467;24300942.;52;4
1468;"28""";52;4
1469;281;52;4
1470;281  A**;52;4
1471;281  B**;52;4
1472;2822;52;4
1473;293st;52;4
1474;29502;52;4
1475;381;52;4
1476;381   A**;52;4
1477;381   B**;52;4
1478;4510;52;4
1479;5365;52;4
1480;55798.;52;4
1481;63;52;4
1482;6632 Super Color;52;4
1483;6643fr;52;4
1484;7880;52;4
1485;8132;52;4
1486;8135;52;4
1487;82/84/8632;52;4
1488;82/84/8632   A**;52;4
1489;8242;52;4
1490;8242  A**;52;4
1491;8242  B**;52;4
1492;8245;52;4
1493;8285ele;52;4
1494;8432;52;4
1495;8432   A**;52;4
1496;8435;52;4
1497;8442;52;4
1498;8442  A**;52;4
1499;8442  B**;52;4
1500;8442  C**;52;4
1501;84428642;52;4
1502;84428642   A**;52;4
1503;8612;52;4
1504;8613;52;4
1505;8615;52;4
1506;8632;52;4
1507;8632     A**;52;4
1508;8635;52;4
1509;8635 - 8135;52;4
1510;8642;52;4
1511;8643fr;52;4
1512;86858285;52;4
1513;8806hohen;52;4
1514;8832;52;4
1515;8935;52;4
1516;8935   A**;52;4
1517;8942;52;4
1518;8942  A**;52;4
1519;8942  B**;52;4
1520;B3104;52;4
1521;B4101gb;52;4
1522;B4104;52;4
1523;B4202kt;52;4
1524;C3302;52;4
1525;C3303;52;4
1526;C3304;52;4
1527;C3305;52;4
1528;C3306;52;4
1529;C3307;52;4
1530;C3308;52;4
1531;C3402;52;4
1532;C3403;52;4
1533;C3404;52;4
1534;C4202;52;4
1535;C4203;52;4
1536;C4204;52;4
1537;C4402;52;4
1538;C4403;52;4
1539;C4404;52;4
1540;C5302;52;4
1541;C5303;52;4
1542;C5304;52;4
1543;C5402;52;4
1544;C5403;52;4
1545;C5404;52;4
1546;Color;52;4
1547;Color5005ue;52;4
1548;Color5010ue;52;4
1549;Color5030ue;52;4
1550;Color5050ue;52;4
1551;Color6005ue/td;52;4
1552;Color6010ue/td;52;4
1553;Color6030ue/td;52;4
1554;Color6050ue/td;52;4
1555;Color7510ue;52;4
1556;Color8010ue/td;52;4
1557;Color8050ue/td;52;4
1558;Color8510ue/td;52;4
1559;Crm;52;4
1560;Cuc 3410;52;4
1561;"Cuc 5360  28""";52;4
1562;Cuc 6310 Y Otros.;52;4
1563;Cuc 6851;52;4
1564;Cuc10;52;4
1565;Cuc120;52;4
1566;Cuc121;52;4
1567;Cuc121 A**;52;4
1568;Cuc121 Sc1;52;4
1569;Cuc121 Sc1     A**;52;4
1570;Cuc121 Sc1     B**;52;4
1571;Cuc1805;52;4
1572;Cuc1807;52;4
1573;Cuc1821/51;52;4
1574;Cuc1821/51  A**;52;4
1575;Cuc1821/51  B**;52;4
1576;Cuc1821/51  C*;52;4
1577;Cuc1821/51g;52;4
1578;Cuc1821cuc51;52;4
1579;Cuc1821cuc51    A**;52;4
1580;Cuc1821cuc51    B**;52;4
1581;Cuc1821cuc51    C**;52;4
1582;Cuc1821cuc51    D**;52;4
1583;Cuc1821cuc51    E**;52;4
1584;Cuc1822;52;4
1585;Cuc1822     A**;52;4
1586;Cuc1822     B**;52;4
1587;Cuc1822     C**;52;4
1588;Cuc1822     E**;52;4
1589;Cuc1823;52;4
1590;Cuc1824;52;4
1591;Cuc1825;52;4
1592;Cuc1826;52;4
1593;Cuc1829;52;4
1594;Cuc1837;52;4
1595;Cuc1838;52;4
1596;Cuc1839;52;4
1597;Cuc1851;52;4
1598;Cuc1852;52;4
1599;Cuc1881;52;4
1600;Cuc1882;52;4
1601;Cuc1892;52;4
1602;Cuc1893;52;4
1603;Cuc1929;52;4
1604;Cuc1934;52;4
1605;Cuc1935;52;4
1606;Cuc200;52;4
1607;Cuc200/p1;52;4
1608;Cuc2000;52;4
1609;Cuc2003;52;4
1610;Cuc2011;52;4
1611;Cuc2103;52;4
1612;Cuc2121;52;4
1613;Cuc2130;52;4
1614;Cuc2131;52;4
1615;Cuc2136;52;4
1616;Cuc220;52;4
1617;Cuc220  A**;52;4
1618;Cuc220  B**;52;4
1619;Cuc220 Sc;52;4
1620;Cuc220 Ss;52;4
1621;Cuc22090;52;4
1622;Cuc220s.s;52;4
1623;Cuc220s.s    A**;52;4
1624;Cuc221;52;4
1625;Cuc221    A**;52;4
1626;Cuc2600;52;4
1627;Cuc2800;52;4
1628;Cuc300;52;4
1629;Cuc300bs;52;4
1630;Cuc3410;52;4
1631;Cuc3490;52;4
1632;Cuc3500;52;4
1633;Cuc3500  A**;52;4
1634;Cuc3500  B**;52;4
1635;Cuc3510;52;4
1636;Cuc3800mh10;52;4
1637;Cuc3800mh10   A**;52;4
1638;Cuc3800mh10   B**;52;4
1639;Cuc3840;52;4
1640;Cuc3840    A**;52;4
1641;Cuc3840m;52;4
1642;Cuc3850;52;4
1643;Cuc3850   A**;52;4
1644;Cuc3850   B**;52;4
1645;Cuc3850   C**;52;4
1646;Cuc3850m;52;4
1647;Cuc3850m  A**;52;4
1648;Cuc3850m  B**;52;4
1649;Cuc3850m  C**;52;4
1650;Cuc40;52;4
1651;Cuc4400;52;4
1652;Cuc4410;52;4
1653;Cuc4411;52;4
1654;Cuc4620;52;4
1655;Cuc4635;52;4
1656;Cuc50;52;4
1657;Cuc50     A**;52;4
1658;Cuc50     B**;52;4
1659;Cuc51;52;4
1660;Cuc51   **;52;4
1661;Cuc51a;52;4
1662;Cuc51a   A***;52;4
1663;Cuc52;52;4
1664;Cuc52      A**;52;4
1665;Cuc5200;52;4
1666;Cuc5200     A**;52;4
1667;Cuc53;52;4
1668;Cuc53    A**;52;4
1669;Cuc53    B**;52;4
1670;Cuc5300;52;4
1671;Cuc5302;52;4
1672;Cuc5303;52;4
1673;Cuc5310;52;4
1674;Cuc5312;52;4
1675;"Cuc5360  28""";52;4
1676;"Cuc5360  28""  A**";52;4
1677;Cuc5360/5361;52;4
1678;Cuc5360/5361  A**;52;4
1679;Cuc5361;52;4
1680;Cuc5365;52;4
1681;Cuc5365    A**;52;4
1682;Cuc5365    B**;52;4
1683;Cuc5371;52;4
1684;Cuc5510;52;4
1685;Cuc5510/1;52;4
1686;Cuc5510/55;52;4
1687;Cuc5510/55   A**;52;4
1688;Cuc5510/55   B**;52;4
1689;Cuc5511;52;4
1690;Cuc5511   A**;52;4
1691;Cuc5511   B**;52;4
1692;Cuc5820;52;4
1693;Cuc5820    A**;52;4
1694;Cuc5820   B**;52;4
1695;Cuc5820   C**;52;4
1696;Cuc5820   Satelital;52;4
1697;Cuc5835;52;4
1698;Cuc5860;52;4
1699;Cuc5880;52;4
1700;Cuc5890;52;4
1701;Cuc5890   A**;52;4
1702;Cuc5890   B**;52;4
1703;"Cuc5890  38"" Stereo";52;4
1704;Cuc6300;52;4
1705;Cuc6310;52;4
1706;Cuc6330;52;4
1707;Cuc6331;52;4
1708;Cuc6360;52;4
1709;Cuc6360   A**;52;4
1710;Cuc6360   B**;52;4
1711;Cuc6360   C**;52;4
1712;Cuc6361;52;4
1713;Cuc6365;52;4
1714;Cuc6365   A**;52;4
1715;Cuc6365   B**;52;4
1716;Cuc6365   C**;52;4
1717;Cuc6369;52;4
1718;Cuc720;52;4
1719;Cuc720    A**;52;4
1720;Cuc720    B**;52;4
1721;Cuc731;52;4
1722;Cuc731   A**;52;4
1723;Cuc731   B**;52;4
1724;Cuc740;52;4
1725;Cuc740   A**;52;4
1726;Cuc740   B**;52;4
1727;Cuc740   C**;52;4
1728;Cuc741;52;4
1729;Cuc741   A**;52;4
1730;Cuc741   B**;52;4
1731;Cuc7851;52;4
1732;Cuc7880;52;4
1733;Cuc7880  A**;52;4
1734;Cuc7880  B**;52;4
1735;Cuc7880  C**;52;4
1736;Cuc7890;52;4
1737;Cuc7890   A**;52;4
1738;Cuc7890   B**;52;4
1739;Cuc7890   C**;52;4
1740;Cuc8800;52;4
1741;Cuc8801;52;4
1742;Cuc91;52;4
1743;Cuc91   A**;52;4
1744;Curso De Tv Color;52;4
1745;Eincolor6010ue/;52;4
1746;Eincolor6010ue/td;52;4
1747;Gr-143;52;4
1748;Gr-143  Ver.2;52;4
1749;Gr-201;52;4
1750;Gr-203;52;4
1751;Gr-203  Ver.;52;4
1752;Gr-203 Ver.2;52;4
1753;Gr-213;52;4
1754;Gr-2829;52;4
1755;Gr-293st;52;4
1756;Gr-293st  Ver.2;52;4
1757;Gr-293st  Ver.3;52;4
1758;Gr21-533t;52;4
1759;Gsc  700 (video);52;4
1760;Gsc 200;52;4
1761;Gsc100;52;4
1762;Gsc200;52;4
1763;Gsc200    A**;52;4
1764;Gsc600;52;4
1765;Gsc600    A**;52;4
1766;Gsc600    B**;52;4
1767;Gsc700;52;4
1768;Gsc700   A**;52;4
1769;Gsc700   B**;52;4
1770;Gt-2005;52;4
1771;Gt-2105;52;4
1772;M;52;4
1773;M.m;52;4
1774;M45-775top;52;4
1775;M55-280;52;4
1776;M63-281;52;4
1777;M63-370;52;4
1778;M70-100;52;4
1779;M70-100-;52;4
1780;M70-269 Pal;52;4
1781;M70-281;52;4
1782;M70-300;52;4
1783;M70-395;52;4
1784;M70-695top;52;4
1785;M72-315idv;52;4
1786;M82-1690;52;4
1787;M82-269;52;4
1788;M84-210;52;4
1789;Mf29-493s;52;4
1790;Mf55-2401;52;4
1791;Mfw82-2410;52;4
1792;Mfw92-610;52;4
1793;Mod.321;52;4
1794;Mod.321  A*;52;4
1795;Mod.321  B*;52;4
1796;Mw70-269;52;4
1797;Ne;52;4
1798;Nea;52;4
1799;Nn   A**;52;4
1800;Nn   B**;52;4
1801;No;52;4
1802;Oscilogramas;52;4
1803;P14-833s.;52;4
1804;P142020;52;4
1805;P1649;52;4
1806;P37-066;52;4
1807;P37-071;52;4
1808;P37-4101;52;4
1809;P37-440;52;4
1810;P37-440/1 A*;52;4
1811;P37-440/1 Text;52;4
1812;P37-440/1 Text   A*;52;4
1813;P37-449;52;4
1814;P37-449   A**;52;4
1815;P37-549;52;4
1816;P37-730;52;4
1817;P37-731;52;4
1818;P40145;52;4
1819;P42-142;52;4
1820;P45-731;52;4
1821;P47-142;52;4
1822;P51-730;52;4
1823;P55-730;52;4
1824;Palb/n;52;4
1825;Prisma300;52;4
1826;Prisma300   A*;52;4
1827;Pw110-520;52;4
1828;S902;52;4
1829;Sc;52;4
1830;Sc 2;52;4
1831;Sc 2gb;52;4
1832;Sc 3;52;4
1833;Sc 40vt;52;4
1834;Sc 4a;52;4
1835;Sc 5;52;4
1836;Sc1414;52;4
1837;Sc1510a;52;4
1838;Sc1510b;52;4
1839;Sc1514;52;4
1840;Sc1516;52;4
1841;Sc1613b;52;4
1842;Sc1614;52;4
1843;Sc1615;52;4
1844;Sc1630;52;4
1845;Sc1630  A**;52;4
1846;Sc1631;52;4
1847;Sc1631  A**;52;4
1848;Sc1632;52;4
1849;Sc16413b;52;4
1850;Sc16414;52;4
1851;Sc16432;52;4
1852;Sc1644;52;4
1853;Sc16444;52;4
1854;Sc1645;52;4
1855;Sc1813b;52;4
1856;Sc1814;52;4
1857;Sc1830;52;4
1858;Sc1832;52;4
1859;Sc1844;52;4
1860;Sc18444;52;4
1861;Sc1845;52;4
1862;Sc18832;52;4
1863;Sc2015;52;4
1864;Sc2030;52;4
1865;Sc2045;52;4
1866;Sc2230;52;4
1867;Sc2230  A**;52;4
1868;Sc3202;52;4
1869;Sc3203;52;4
1870;Sc3204;52;4
1871;Sc3205;52;4
1872;Sc4145;52;4
1873;Sc4202;52;4
1874;Sc4203;52;4
1875;Sc4204;52;4
1876;Sc4205;52;4
1877;Sc4210;52;4
1878;Sc4213b;52;4
1879;Sc4215;52;4
1880;Sc4230;52;4
1881;Sc4230  A**;52;4
1882;Sc4232;52;4
1883;Sc4236;52;4
1884;Sc4245ele;52;4
1885;Sc4415;52;4
1886;Sc4430;52;4
1887;Sc4436;52;4
1888;Sc4445;52;4
1889;Sc4613b;52;4
1890;Sc4614;52;4
1891;Sc4630;52;4
1892;Sc4632;52;4
1893;Sc4644;52;4
1894;Sc4813b;52;4
1895;Sc5202;52;4
1896;Sc5203;52;4
1897;Sc5204;52;4
1898;Sc5205;52;4
1899;Sc6100;52;4
1900;Sc6200;52;4
1901;Sc6200binorma;52;4
1902;Sc6200ntsc;52;4
1903;Sc6213b;52;4
1904;Sc6215;52;4
1905;Sc6215ele;52;4
1906;Sc6232;52;4
1907;Sc6236;52;4
1908;Sc6236  A**;52;4
1909;Sc6245;52;4
1910;Sc6245ele;52;4
1911;Sc6245w;52;4
1912;Sc6400binorma;52;4
1913;Sc6400ntsc;52;4
1914;Sc6401;52;4
1915;Sc6430;52;4
1916;Sc6436;52;4
1917;Sc6445;52;4
1918;Sc6615;52;4
1919;Sc6630;52;4
1920;Sc6632;52;4
1921;Sc6645;52;4
1922;Sc6836;52;4
1923;Sc6845;52;4
1924;Sc7200;52;4
1925;Sc8115;52;4
1926;Sc8135;52;4
1927;Sc8135   A**;52;4
1928;Sc8142;52;4
1929;Sc8145;52;4
1930;Sc8185;52;4
1931;Sc8215;52;4
1932;Sc8215ele;52;4
1933;Sc8235ele;52;4
1934;Sc8235ele  A**;52;4
1935;Sc8236;52;4
1936;Sc8236   A**;52;4
1937;Sc8242;52;4
1938;Sc8242w;52;4
1939;Sc8245;52;4
1940;Sc8245e;52;4
1941;Sc8245ele;52;4
1942;Sc8250;52;4
1943;Sc8255;52;4
1944;Sc8285;52;4
1945;Sc8415;52;4
1946;Sc8435;52;4
1947;Sc8435   A**;52;4
1948;Sc8436;52;4
1949;Sc8436   A**;52;4
1950;Sc8442;52;4
1951;Sc8445;52;4
1952;Sc8445gb;52;4
1953;Sc8450;52;4
1954;Sc8485;52;4
1955;Sc8515;52;4
1956;Sc8515a;52;4
1957;Sc8615;52;4
1958;Sc8615a;52;4
1959;Sc8635;52;4
1960;Sc8635  A**;52;4
1961;Sc8636;52;4
1962;Sc8642;52;4
1963;Sc8645;52;4
1964;Sc8650;52;4
1965;Sc8685;52;4
1966;Sc8685gb;52;4
1967;Sc8835;52;4
1968;Sc8835  A**;52;4
1969;Sc8836;52;4
1970;Sc8836   A**;52;4
1971;Sc8845;52;4
1972;Sc8850;52;4
1973;Sc8885;52;4
1974;Sc8935;52;4
1975;Sc8935   A**;52;4
1976;Sc8942;52;4
1977;Sc8945;52;4
1978;Sc9250;52;4
1979;Sc9285;52;4
1980;Sc9285video;52;4
1981;Sca1813;52;4
1982;Sca2404a;52;4
1983;Sca2405;52;4
1984;Sca3202;52;4
1985;Sca3205;52;4
1986;Sca3402;52;4
1987;Sca3403;52;4
1988;Sca3404;52;4
1989;Sca3405;52;4
1990;Sca3412;52;4
1991;Sca3413;52;4
1992;Sca3414;52;4
1993;Sca3415;52;4
1994;Sca4202;52;4
1995;Sca4203;52;4
1996;Sca4204;52;4
1997;Sca4205;52;4
1998;Sca4402;52;4
1999;Sca4403;52;4
2000;Sca4404;52;4
2001;Sca4405;52;4
2002;Sca5202;52;4
2003;Sca5205;52;4
2004;Sca5402;52;4
2005;Sca5403;52;4
2006;Sca5404;52;4
2007;Sca5405;52;4
2008;Sca6100;52;4
2009;Sca6100a;52;4
2010;Sca6200;52;4
2011;Sca6400;52;4
2012;Sca6402;52;4
2013;Sca6403;52;4
2014;Sca6404;52;4
2015;Sca6407;52;4
2016;Sca6410;52;4
2017;Sca6411;52;4
2018;Sca6412;52;4
2019;Sca6413;52;4
2020;Sca6414;52;4
2021;Sca6600;52;4
2022;Sca6682;52;4
2023;Sca7200;52;4
2024;Sca7400;52;4
2025;Sca7401w;52;4
2026;Sca7402;52;4
2027;Sca7402w;52;4
2028;Sca7403;52;4
2029;Sca7403w;52;4
2030;Sca7407;52;4
2031;Sca7410kt;52;4
2032;Sca7411kt;52;4
2033;Sca7412kt;52;4
2034;Sca7413kt;52;4
2035;Sca7600;52;4
2036;Scb2102i;52;4
2037;Scb3102gb;52;4
2038;Scb3302kt;52;4
2039;Scb3304kt;52;4
2040;Scb3312kt;52;4
2041;Scb3314kt;52;4
2042;Scb3402kt;52;4
2043;Scb3404kt;52;4
2044;Scb4104i;52;4
2045;Scb4302kt;52;4
2046;Scb4304kt;52;4
2047;Scb4402kt;52;4
2048;Scb4404kt;52;4
2049;Scb5104i;52;4
2050;Scb5302;52;4
2051;Scb5304;52;4
2052;Scb5402kt;52;4
2053;Scb5402vt;52;4
2054;Scb5404kt;52;4
2055;Scb5404vt;52;4
2056;Scb6101a;52;4
2057;Scb6101i;52;4
2058;Scb6101ims;52;4
2059;Scb6101t;52;4
2060;Scb6400;52;4
2061;Scb7102i;52;4
2062;Scb7400;52;4
2063;Scb7402ims;52;4
2064;Scb7800kt;52;4
2065;Scb7801kt;52;4
2066;Scb7801w;52;4
2067;Scb7801w Kt;52;4
2068;Scb7802kt;52;4
2069;Scb7802w;52;4
2070;Scb7802w Kt;52;4
2071;Scb7804kt;52;4
2072;Scb7804w;52;4
2073;Scb7804w Kt;52;4
2074;Scb7807kt;52;4
2075;Scb7881kt;52;4
2076;Scb7883kt;52;4
2077;Scb7884kt;52;4
2078;Scb7890kt;52;4
2079;Scb7893kt;52;4
2080;Scb7894kt;52;4
2081;Scb7898kt;52;4
2082;Scb7899kt;52;4
2083;Scb8400kt;52;4
2084;Scb8400vt;52;4
2085;Scb8404kt;52;4
2086;Scb8404vt;52;4
2087;Scb8407kt;52;4
2088;Scb8407vt;52;4
2089;Scb8410kt;52;4
2090;Scb8411kt;52;4
2091;Scb8412kt;52;4
2092;Scb8413kt;52;4
2093;Scb8414kt;52;4
2094;Scb8440;52;4
2095;Scb8442;52;4
2096;Scb8800kt;52;4
2097;Scb8801w;52;4
2098;Scb8802kt;52;4
2099;Scb8802vc;52;4
2100;Scb8802vc Kt;52;4
2101;Scb8802w;52;4
2102;Scb8803vc;52;4
2103;Scb8803vc Kt;52;4
2104;Scb8804kt;52;4
2105;Scb8804vc;52;4
2106;Scb8804vc Kt;52;4
2107;Scb8804w;52;4
2108;Scb8807kt;52;4
2109;Scb8810kt;52;4
2110;Scb8812kt;52;4
2111;Scb8814kt;52;4
2112;Scb8820kt;52;4
2113;Scb8822kt;52;4
2114;Scb8824kt;52;4
2115;Scb8830;52;4
2116;Scb8832;52;4
2117;Scb8881kt;52;4
2118;Scb8883kt;52;4
2119;Scb8884kt;52;4
2120;Scb8890kt;52;4
2121;Scb8893kt;52;4
2122;Scb8894kt;52;4
2123;Scb8898kt;52;4
2124;Scb8899kt;52;4
2125;Scolor15;52;4
2126;Scolor6242;52;4
2127;Scolor6642;52;4
2128;Scolor8112;52;4
2129;Scolor8212;52;4
2130;Scolor8412;52;4
2131;Scolor8612;52;4
2132;Scp2402gb;52;4
2133;Scp42142;52;4
2134;Scp421421;52;4
2135;Scp421421gb;52;4
2136;Scp421421tt;52;4
2137;Scp421422;52;4
2138;Scp42142gb;52;4
2139;Scp42142tt;52;4
2140;Scp47142;52;4
2141;Scp47142gb;52;4
2142;Scp47142tt;52;4
2143;Scp51142;52;4
2144;Scp51142vt;52;4
2145;Sct51140;52;4
2146;Sct51140vt;52;4
2147;Scw6232;52;4
2148;Se-8227;52;4
2149;Se7020;52;4
2150;Se720;52;4
2151;Se7290id;52;4
2152;Serie2950;52;4
2153;Serie2950  A**;52;4
2154;Serief1616/c33;52;4
2155;Serief1618/c43;52;4
2156;Serief1620/c53;52;4
2157;St-2113s;52;4
2158;St-280;52;4
2159;St29-863s;52;4
2160;St29-863s  Ver.2;52;4
2161;St35-575/90  Ch1;52;4
2162;St35-575/90  Ch1 A*;52;4
2163;St35-575/90  Ch2;52;4
2164;St35-575/90 Ch2 A*;52;4
2165;St35-575/90 Pip;52;4
2166;St35-575/90 Pip  A*;52;4
2167;St55-405;52;4
2168;St55-908;52;4
2169;St63-160a;52;4
2170;St63-270;52;4
2171;St63-660;52;4
2172;St63-700;52;4
2173;St63-702;52;4
2174;St670;52;4
2175;St70-270;52;4
2176;St70-278;52;4
2177;St70-780;52;4
2178;St70-820;52;4
2179;St72-011;52;4
2180;St7212;52;4
2181;Str201plus;52;4
2182;Super Color 3200;52;4
2183;T1000;52;4
2184;T20-843s  Ver.1;52;4
2185;T51-071;52;4
2186;T51-400;52;4
2187;T55-731;52;4
2188;T902;52;4
2189;T902a/triu;52;4
2190;Tms1100/10;52;4
2191;Tms1100/10  A**;52;4
2192;Tms1100/10  B**;52;4
2193;Tp200;52;4
2194;Tp350;52;4
2195;Tp630;52;4
2196;Tv3221;52;4
2197;Tv3221/32;52;4
2198;Tv3221/32   A**;52;4
2199;Tv3221/32   C**;52;4
2200;Tv3221/32  B**;52;4
2201;Tv3821;52;4
2202;Tv3821/32;52;4
2203;Tv3821/32    A**;52;4
2204;Tv3821/32    B**;52;4
2205;Tv3821/32    C**;52;4
2206;Tvn;52;4
2207;Tvr4500;52;4
2208;Tvr4500   A**;52;4
2209;Tvr4500ctitext/gb;52;4
2210;Tvr5504;52;4
2211;Tvr5505;52;4
2212;W8242;52;4
2213;W8242  A**;52;4
2214;13a;52;5
2215;20tc90fr;52;5
2216;33tc30;52;5
2217;33tc630;52;5
2218;33tc92;52;5
2219;53tc50;52;5
2220;Ak-2020;52;5
2221;Ak-2064;52;5
2222;Tc-1491fr;52;5
2223;Tc-2191fr;52;5
2224;11ak19 Y Otros;52;6
2225;"33""";52;6
2226;Vestel;52;6
2227;Ac-155;52;7
2228;Ac-157;52;7
2229;Ac-157  Ver.2;52;7
2230;Ac-201m;52;7
2231;Ac-245;52;7
2232;Ac-255;52;7
2233;Ac-256;52;7
2234;Ac-256  Ver.;52;7
2235;Ac-257;52;7
2236;Ac-257  Ver.2;52;7
2237;Ac256;52;7
2238;St-2110;52;7
2239;St-2157;52;7
2240;St-2157   Ver.2;52;7
2241;St-2160  Ver.2;52;7
2242;St-2960;52;7
2243;St-2960  Ver.2;52;7
2244;St2160;52;7
2245;Bt1401t;52;8
2246;(sylvania);52;9
2247;14av49.;52;9
2248;14b29rc;52;9
2249;14bp8;52;9
2250;14c80-rc;52;9
2251;14c82;52;9
2252;14c82 (rc 2);52;9
2253;14c82 (rc1);52;9
2254;14c82 (st1);52;9
2255;14c82 (st2);52;9
2256;14c82-rc;52;9
2257;14c82-st;52;9
2258;14c82rc;52;9
2259;14c88rc;52;9
2260;14c88st;52;9
2261;14c98 Rc;52;9
2262;14fc49;52;9
2263;14gp8;52;9
2264;14hr9;52;9
2265;14mc8;52;9
2266;14mp8.;52;9
2267;14ms6;52;9
2268;14t29rc;52;9
2269;15m78rc;52;9
2270;20ad49;52;9
2271;20av49.;52;9
2272;20b19rc;52;9
2273;20b98;52;9
2274;20bp8;52;9
2275;20c58  A**;52;9
2276;20c58-b;52;9
2277;20c58bn;52;9
2278;20c58dc;52;9
2279;20c58st;52;9
2280;20c80;52;9
2281;20c80b1;52;9
2282;20c80rc;52;9
2283;20c80st;52;9
2284;20c82-rc;52;9
2285;20c82-st;52;9
2286;20c88rc;52;9
2287;20c98;52;9
2288;20c98rc;52;9
2289;20cl49.;52;9
2290;20cy80;52;9
2291;20d49;52;9
2292;20fc49;52;9
2293;20gp8;52;9
2294;20hr9;52;9
2295;20kt40b;52;9
2296;20kt41b;52;9
2297;20mc8;52;9
2298;20mp8;52;9
2299;20sr8;52;9
2300;20t19rc;52;9
2301;21f29;52;9
2302;21m49;52;9
2303;21m56;52;9
2304;21m57;52;9
2305;21m78-rc;52;9
2306;21sr8;52;9
2307;26c80;52;9
2308;26c82;52;9
2309;26c82-st;52;9
2310;26c82rc;52;9
2311;26cl8100;52;9
2312;26cl8400;52;9
2313;26cl8500;52;9
2314;28ct7691772;52;9
2315;28ct7691772 Cto;52;9
2316;2935kwr;52;9
2317;29dp8;52;9
2318;29dp8_ A*;52;9
2319;29m39rc;52;9
2320;29m39rc.   A**;52;9
2321;29m49;52;9
2322;29ms7;52;9
2323;29sr8;52;9
2324;29sr8_ A*;52;9
2325;2cy80;52;9
2326;32fl2884;52;9
2327;991110├©;52;9
2328;991110├©    A**;52;9
2329;B 825-cr;52;9
2330;B288+st;52;9
2331;B326 Cri;52;9
2332;B803;52;9
2333;B8051;52;9
2334;B8052;52;9
2335;B8053;52;9
2336;B8054;52;9
2337;B8071;52;9
2338;B8072;52;9
2339;B808;52;9
2340;B809;52;9
2341;B810;52;9
2342;B8101;52;9
2343;B812;52;9
2344;B813;52;9
2345;B814;52;9
2346;B8141;52;9
2347;B814crm;52;9
2348;B814m;52;9
2349;B815;52;9
2350;B816;52;9
2351;B8164;52;9
2352;B816cr;52;9
2353;B817cr;52;9
2354;B818;52;9
2355;B819m;52;9
2356;B820;52;9
2357;B821;52;9
2358;B823;52;9
2359;B824;52;9
2360;B8241m;52;9
2361;B825 St;52;9
2362;B825cr;52;9
2363;B825st;52;9
2364;B826cr;52;9
2365;B826stcr;52;9
2366;B828;52;9
2367;B828-i-st;52;9
2368;B8281m;52;9
2369;B828cr;52;9
2370;B828i-cr;52;9
2371;B828icr;52;9
2372;B828ist;52;9
2373;B828st;52;9
2374;B828st1;52;9
2375;B829m;52;9
2376;B831;52;9
2377;B832m;52;9
2378;B838m;52;9
2379;B86st;52;9
2380;Brasil;52;9
2381;Brasil   A**;52;9
2382;C2908;52;9
2383;C2930kn;52;9
2384;C2935kwr;52;9
2385;Chasiscph01;52;9
2386;Chasiscph02;52;9
2387;Chasiscph02    A**;52;9
2388;Cm003;52;9
2389;Cp1405;52;9
2390;Cph01;52;9
2391;Cph02;52;9
2392;Cs2935kwr;52;9
2393;E2414;52;9
2394;E2415;52;9
2395;Mh05,p90;52;9
2396;Nec14t21n;52;9
2397;Pavm2040;52;9
2398;Pavm2040    A**;52;9
2399;Pavm2050;52;9
2400;Pavm2054;52;9
2401;Pavm2400;52;9
2402;Pc-1401;52;9
2403;Pc-1402;52;9
2404;Pc-1405;52;9
2405;Pc-1601;52;9
2406;Pc-1602;52;9
2407;Pc-1603;52;9
2408;Pc-1605;52;9
2409;Pc-1613u;52;9
2410;Pc-2001;52;9
2411;Pc-2002;52;9
2412;Pc-2003;52;9
2413;Pc-2004;52;9
2414;Pc-2007;52;9
2415;Pc-2013;52;9
2416;Pc1402;52;9
2417;Pc1406;52;9
2418;Pc1406    A**;52;9
2419;Pc1416u;52;9
2420;Pc1425;52;9
2421;Pc1426;52;9
2422;Pc1601;52;9
2423;Pc1602;52;9
2424;Pc1606;52;9
2425;Pc1613u;52;9
2426;Pc1616u;52;9
2427;Pc2001;52;9
2428;Pc2002;52;9
2429;Pc2003;52;9
2430;Pc2008;52;9
2431;Pc2013u;52;9
2432;Pc2016u;52;9
2433;Pc2025;52;9
2434;Pc2026;52;9
2435;Pcs2956n;52;9
2436;Pf 2175 Chasis La 5a;52;9
2437;Ph-21st;52;9
2438;Ph-t20d5;52;9
2439;Ph-t21d4;52;9
2440;Pm-1414;52;9
2441;Pm-1424;52;9
2442;Pm-2014;52;9
2443;Pm-2024;52;9
2444;Ps-2114;52;9
2445;Ps2914;52;9
2446;R26c319;52;9
2447;R26c320;52;9
2448;R26c321;52;9
2449;Rx Y Tx Gama;52;9
2450;Tv 385;52;9
2451;Tv-14u1;52;9
2452;Tv-14u1   Ver2;52;9
2453;Tv-14v1;52;9
2454;Tv-14v1   Ver2;52;9
2455;Tv-14v4;52;9
2456;Tv-14v4   Ver2;52;9
2457;Tv-14v7;52;9
2458;Tv-14v7   Ver2;52;9
2459;Tv-20u1;52;9
2460;Tv-20u1   Ver2;52;9
2461;Tv-20v1;52;9
2462;Tv-20v1   Ver2;52;9
2463;Tv-20v4;52;9
2464;Tv-20v4   Ver2;52;9
2465;Tv-20v7;52;9
2466;Tv-20v7   Ver2;52;9
2467;Tv-21sr8;52;9
2468;Tv20t19rc;52;9
2469;Tv20u1;52;9
2470;Tv20v4;52;9
2471;Tv377;52;9
2472;Tv380;52;9
2473;Tv380 1 Y 2;52;9
2474;Tv382;52;9
2475;Tv383;52;9
2476;Tv384;52;9
2477;Tv385;52;9
2478;Tv389    A**;52;9
2479;Tvc-014;52;9
2480;Tvc-3000/014;52;9
2481;Tvc014;52;9
2482;Tvc300;52;9
2483;Tvc30014;52;9
2484;An5512;52;10
2485;C-3045k;52;10
2486;C-3050 K;52;10
2487;C-3050k;52;10
2488;C-3060k;52;10
2489;C-3065k;52;10
2490;C-5071k;52;10
2491;C-5081k;52;10
2492;C-7029k;52;10
2493;C-7029k  A*;52;10
2494;C-7129k;52;10
2495;C3050k;52;10
2496;C3060k / C5071k;52;10
2497;Cn7230w;52;10
2498;K 50 Sq;52;10
2499;K-1400;52;10
2500;K-3025;52;10
2501;K-3050;52;10
2502;K2014r;52;10
2503;P-50adr (rm 201);52;10
2504;P50 Adr;52;10
2505;W2014r;52;10
2506;14a5;52;11
2507;14q1;52;11
2508;2056ff;52;11
2509;20a5;52;11
2510;20q1;52;11
2511;20v1fs;52;11
2512;21a5;52;11
2513;21q1;52;11
2514;2590;52;11
2515;2594st;52;11
2516;25g1st;52;11
2517;2895;52;11
2518;2896st;52;11
2519;28g2st;52;11
2520;29g1st;52;11
2521;C102a;52;11
2522;C102b2;52;11
2523;C108a/b;52;11
2524;Cm;52;11
2525;"Cm860 ""st";52;11
2526;Cm865 Sat;52;11
2527;Cn200 A;52;11
2528;Cn200 I;52;11
2529;Cp-185;52;11
2530;Cp-330;52;11
2531;Cp-375;52;11
2532;Da-2597;52;11
2533;Dta-14c4tf;52;11
2534;Dta-14v1tf;52;11
2535;Dta-20c4tf;52;11
2536;Dta-20t1;52;11
2537;Dta-21c6tf;52;11
2538;Dtb-21u7;52;11
2539;Dtc-14;52;11
2540;Dtc-14v1;52;11
2541;Dtc-20;52;11
2542;Dtc-20v2;52;11
2543;Dtc-21;52;11
2544;Dtc-21v3;52;11
2545;Dtc-25;52;11
2546;Dtc-25g1tm;52;11
2547;Dtc-25g1vm;52;11
2548;Dtc-25g3vmr;52;11
2549;Dtc-25g4vms;52;11
2550;Dtc-25g7vm;52;11
2551;Dtc-29;52;11
2552;Dtc-29g1tm;52;11
2553;Dtc-29g1vm;52;11
2554;Dtd-29u9;52;11
2555;Dte-25g6;52;11
2556;Dth-1427fs;52;11
2557;Dth-1450fs;52;11
2558;Dth-1456fs;52;11
2559;Dth-1456fs/m;52;11
2560;Dth-14q1fs;52;11
2561;Dth-14q2fs;52;11
2562;Dth-14q3fs;52;11
2563;Dth-14t1as;52;11
2564;Dth-14v1fs;52;11
2565;Dth-14v1fs  Ver2;52;11
2566;Dth-14v3fs;52;11
2567;Dth-14v3fs  Ver2;52;11
2568;Dth-14v4fs;52;11
2569;Dth-14v4fs  Ver2;52;11
2570;Dth-14v5;52;11
2571;Dth-14v5  Ver2;52;11
2572;Dth-2027fs;52;11
2573;Dth-2050fs;52;11
2574;Dth-2056fs;52;11
2575;Dth-2056fs/m;52;11
2576;Dth-20q1fs;52;11
2577;Dth-20q2fs;52;11
2578;Dth-20q3fs;52;11
2579;Dth-20t1as;52;11
2580;Dth-20t1fs;52;11
2581;Dth-20t2as;52;11
2582;Dth-20t2fs;52;11
2583;Dth-20t3as;52;11
2584;Dth-20v1fs;52;11
2585;Dth-20v1fs  Ver2;52;11
2586;Dth-20v2  Ver2;52;11
2587;Dth-20v3fs;52;11
2588;Dth-20v3fs  Ver2;52;11
2589;Dth-20v4fs;52;11
2590;Dth-20v4fs  Ver2;52;11
2591;Dth-20v5;52;11
2592;Dth-20v5  Ver2;52;11
2593;Dth-2172fs;52;11
2594;Dth-21t1fs;52;11
2595;Dth-21t2fs;52;11
2596;Dth-21t5fs;52;11
2597;Dth-21t9fs;52;11
2598;Dth-21v1fs;52;11
2599;Dth-21v1fs  Ver2;52;11
2600;Dth-21v3fs;52;11
2601;Dth-21v3fs  Ver2;52;11
2602;Dth-21v4fs;52;11
2603;Dth-21v4fs  Ver2;52;11
2604;Dth-2575 Sat252;52;11
2605;Dth-2575fs;52;11
2606;Dth-2596;52;11
2607;Dth-2597;52;11
2608;Dth-25g1;52;11
2609;Dth-25g1  A*;52;11
2610;Dth-2975 Fs/fsb Ster;52;11
2611;Dth-2975fs;52;11
2612;Dth-2997fsn;52;11
2613;Dth-2999fs;52;11
2614;Dth-29g1;52;11
2615;Dth-29g1   A*;52;11
2616;Dth-29g3;52;11
2617;Dth-29g3   A*;52;11
2618;Dth-29m2fs;52;11
2619;Dth-3397fs;52;11
2620;Dth2027fs;52;11
2621;Dth2172;52;11
2622;Dtl-29u8zlp;52;11
2623;Dtp-14v1;52;11
2624;Dtq 14v1ss;52;11
2625;Dtq 20d4ss;52;11
2626;Dtq-1319v1fc;52;11
2627;Dtq-1438fs;52;11
2628;Dtq-14u1fs;52;11
2629;Dtq-14v1fc;52;11
2630;Dtq-14v1fcn;52;11
2631;Dtq-14v3fc;52;11
2632;Dtq-14v5fc;52;11
2633;Dtq-14v5fs;52;11
2634;Dtq-14z4ssfg;52;11
2635;Dtq-2038fs;52;11
2636;Dtq-20p3fc (chasis Cn-001a);52;11
2637;Dtq-20v1fcn;52;11
2638;Dtq-20v1scg;52;11
2639;Dtq-20v4fc;52;11
2640;Dtq-20v4fcn;52;11
2641;Dvt-14h1;52;11
2642;Dvt-20h1;52;11
2643;Dwl-28w8zlp;52;11
2644;K14h3t1;52;11
2645;Nn-;52;11
2646;Sat-293;52;11
2647;Wp895;52;11
2648;X;52;11
2649;Xx;52;11
2650;Xxx;52;11
2651;Ctvc-5454;52;12
2652;Ctvg-4545ls;52;12
2653;Ctvg-4545lst;52;12
2654;Ctvg-4545lstc;52;12
2655;Ctvg-5454lstc;52;12
2656;Ctvg4545ls;52;12
2657;Ctvl-4545;52;12
2658;Stvg4545ls;52;12
2659;Ct-14wkdt;52;13
2660;Ct-2005em;52;13
2661;Ct-2007dt;52;13
2662;Ct-2012;52;13
2663;Ct-20wkdt;52;13
2664;Ct-2107dt;52;13
2665;Ct-2570m;52;13
2666;Ct-2590;52;13
2667;Ct2005;52;13
2668;Ea;52;13
2669;Em-2005;52;13
2670;Tv-1420;52;13
2671;Tv-1421;52;13
2672;Tv-2851;52;13
2673;20j20-   chasis Mc58a;52;14
2674;21fd1al;52;14
2675;28cz10rx;52;14
2676;32a30d;52;14
2677;32a30d   A**;52;14
2678;32cz10rx;52;14
2679;72-82w;52;14
2680;Bc-250;52;14
2681;Ca14f33;52;14
2682;Cb-14f84x;52;14
2683;Cb21f84sx;52;14
2684;Cb21f84x;52;14
2685;Cb21t20x;52;14
2686;Ce28h86t;52;14
2687;Cf-14b10b;52;14
2688;Cf-14d60b;52;14
2689;Cf-14e20b;52;14
2690;Cf-20d60b;52;14
2691;Cf-20e20b;52;14
2692;Cf-20e60x;52;14
2693;Cf-21d60b;52;14
2694;Cf-21e20b;52;14
2695;Cf-21e60x;52;14
2696;Cf-28a50f;52;14
2697;Cf14b10b;52;14
2698;Cf14d60b;52;14
2699;Cf14e20b;52;14
2700;Cf14f80x;52;14
2701;Cf20e20b;52;14
2702;Cf20e60x;52;14
2703;Cf21d60b;52;14
2704;Cf21e20b;52;14
2705;Cf21e60x;52;14
2706;Cf28a50f;52;14
2707;Cl-21q20et;52;14
2708;Cn-28b80h;52;14
2709;Cp-14b80h;52;14
2710;Cp-14b82;52;14
2711;Cp-14d60h;52;14
2712;Cp-14d90m;52;14
2713;Cp-14d99m;52;14
2714;Cp-14e20h;52;14
2715;Cp-14f60;52;14
2716;Cp-14j20m;52;14
2717;Cp-14j20r;52;14
2718;Cp-14j50;52;14
2719;Cp-14j52;52;14
2720;Cp-14k40.;52;14
2721;Cp-14k42;52;14
2722;Cp-14k60;52;14
2723;Cp-14k70;52;14
2724;Cp-20b80h;52;14
2725;Cp-20b82;52;14
2726;Cp-20d30m;52;14
2727;Cp-20d60h;52;14
2728;Cp-20d90;52;14
2729;Cp-20d90  Ver.2;52;14
2730;Cp-20d90m;52;14
2731;Cp-20d99m;52;14
2732;Cp-20e20h;52;14
2733;Cp-20f60;52;14
2734;Cp-20j20m;52;14
2735;Cp-20j20r;52;14
2736;Cp-20j50;52;14
2737;Cp-20j52;52;14
2738;Cp-20k40;52;14
2739;Cp-20k42;52;14
2740;Cp-20k44;52;14
2741;Cp-20k60;52;14
2742;Cp-20k70;52;14
2743;Cp-20s10;52;14
2744;Cp-20t20;52;14
2745;Cp-20t20m;52;14
2746;Cp-21d12;52;14
2747;Cp-21d30;52;14
2748;Cp-21d30m;52;14
2749;Cp-21d70;52;14
2750;Cp-21g22;52;14
2751;Cp-21k44;52;14
2752;Cp-21q20;52;14
2753;Cp-21q60;52;14
2754;Cp-25g20;52;14
2755;Cp-25h70.;52;14
2756;Cp-29c34h;52;14
2757;Cp-29c40p;52;14
2758;Cp-29c42p;52;14
2759;Cp-29g12p;52;14
2760;Cp-29g20;52;14
2761;Cp-29g24et;52;14
2762;Cp-29g30p;52;14
2763;Cp-29g50p;52;14
2764;Cp-29g52p;52;14
2765;Cp-29h30;52;14
2766;Cp-29h90p;52;14
2767;Cp-29h90p   A*;52;14
2768;Cp-29h99p;52;14
2769;Cp-29k30;52;14
2770;Cp-29k40;52;14
2771;Cp-29k44p;52;14
2772;Cp-32a30d;52;14
2773;Cp-33c60p;52;14
2774;Cp-34c62p;52;14
2775;Cp-34c69p;52;14
2776;Cp-34m20;52;14
2777;Ct-29q12;52;14
2778;Ct29o12;52;14
2779;Ke-14/20u43;52;14
2780;Ke-14/20u73;52;14
2781;Ke-14u40;52;14
2782;Ke-14u43;52;14
2783;Lg-32q10;52;14
2784;Lg12;52;14
2785;Lp-20a20;52;14
2786;Lp-xg2;52;14
2787;Mp-40pa10;52;14
2788;Mp-50pz40;52;14
2789;Mt-60pz10;52;14
2790;Pp-48a80p;52;14
2791;Pp-53a80p;52;14
2792;Re/rl-29fa31px;52;14
2793;Re/rl-29fa33px;52;14
2794;Rh-4820w;52;14
2795;Rp-21cb62;52;14
2796;Rp-21fa35a;52;14
2797;Rp-21fc40g;52;14
2798;Rp-21fc60;52;14
2799;Rp-21fe60;52;14
2800;Rp-29cc26;52;14
2801;Rp-29fa30;52;14
2802;V8824w;52;14
2803;Wp-32a30d;52;14
2804;Wp-32a30d  A**;52;14
2805; Ct20f2;52;15
2806;1438.;52;15
2807;14poc;52;15
2808;14t500b;52;15
2809;15k2x;52;15
2810;20e3;52;15
2811;210;52;15
2812;29d4v3;52;15
2813;29d4wz  A**;52;15
2814;347f;52;15
2815;B1381w5;52;15
2816;B1381w6;52;15
2817;Cb-3373z5x;52;15
2818;Cb-5073z5x;52;15
2819;Cb-5373z5x;52;15
2820;Cb14f12ts;52;15
2821;Cb14y52tb;52;15
2822;Cb14y5tw0;52;15
2823;Cb20f42ts;52;15
2824;Cb20h1t0x;52;15
2825;Cb20r1x;52;15
2826;Cb20s10bz;52;15
2827;Cb21f5x;52;15
2828;Cb346zse;52;15
2829;Cb5127se;52;15
2830;Cb528zse;52;15
2831;Cb5373z;52;15
2832;Ci-3351a;52;15
2833;Ci-5052at;52;15
2834;Ci-5361a;52;15
2835;Ck-1438vr5x-vwt;52;15
2836;Ck-2085vr5s;52;15
2837;Ck-3373t4x;52;15
2838;Ck-3385tr;52;15
2839;Ck-5051a;52;15
2840;Ck-5073t4x;52;15
2841;Ck-6484;52;15
2842;Ck-6844n3x;52;15
2843;Ck-7484;52;15
2844;Ck1438vr5;52;15
2845;Ck14c8vr5s.;52;15
2846;Ck14e1vr5s;52;15
2847;Ck14e3vr5x.;52;15
2848;Ck14h1vr5s;52;15
2849;Ck14r1vr;52;15
2850;Ck14r1vr5x;52;15
2851;Ck2039vr5s.;52;15
2852;Ck2073xr5;52;15
2853;Ck2085vr5s;52;15
2854;Ck20c8vr5c;52;15
2855;Ck20e1vr5c.;52;15
2856;Ck20t3vr5c;52;15
2857;Ck20t3yr5c;52;15
2858;Ck2139xr5x;52;15
2859;Ck3373t5x;52;15
2860;Ck3385tr..;52;15
2861;Ck5038.;52;15
2862;Ck5051a;52;15
2863;Ck5073;52;15
2864;Ck5312z;52;15
2865;Ck5339;52;15
2866;Ck566bt1x;52;15
2867;Ck566bt3x;52;15
2868;Cka50zm;52;15
2869;CL-17K10MJ (Chassis Ks9a 17k10);52;15
2870;Cl15k5m;52;15
2871;Cl21m40mq;52;15
2872;Cl21n11mj;52;15
2873;Cn-2088bw6x/dri/.;52;15
2874;Cn-20f26x/dri/xbg.;52;15
2875;Cn-25d4wz;52;15
2876;Cn-25d4wz A**;52;15
2877;Cn-29d4wz;52;15
2878;Cn-29d4wz A**;52;15
2879;Cn-3312z;52;15
2880;Cn-3326z;52;15
2881;Cn-3338vb;52;15
2882;Cn-3339vb;52;15
2883;Cn-3348v;52;15
2884;Cn-3351c;52;15
2885;Cn-3351v;52;15
2886;Cn-3351z;52;15
2887;Cn-3352z;52;15
2888;Cn-3367z;52;15
2889;Cn-3385vb.;52;15
2890;Cn-348z;52;15
2891;Cn-50132;52;15
2892;Cn-5013z;52;15
2893;Cn-5038vb;52;15
2894;Cn-5038z;52;15
2895;Cn-5039bzx/xap.;52;15
2896;Cn-5039vb;52;15
2897;Cn-5048v;52;15
2898;Cn-5051v;52;15
2899;Cn-5051z;52;15
2900;Cn-5085bz;52;15
2901;Cn-5085vb;52;15
2902;Cn-5272/5377;52;15
2903;Cn-5272/5377    A**;52;15
2904;Cn-5314w;52;15
2905;Cn-5372wb;52;15
2906;Cn-5372ws;52;15
2907;Cn-5377wb;52;15
2908;Cn-5377ws.;52;15
2909;Cn-565bwc;52;15
2910;Cn-565bwc  A**;52;15
2911;Cn-565bwz   Ver2;52;15
2912;Cn-565bwz  A** Ver.2;52;15
2913;Cn-663a;52;15
2914;Cn-663a  A**;52;15
2915;Cn-663awz   Ver2;52;15
2916;Cn-663awz  A** Ver.2;52;15
2917;Cn-7202wz  Ver.2;52;15
2918;Cn-7202wz A** Ver.2;52;15
2919;Cn-7266bp;52;15
2920;Cn-765dwc;52;15
2921;Cn-765dwc  A**;52;15
2922;Cn-765dwz  Ver.2;52;15
2923;Cn-765dwz A** Ver.2;52;15
2924;Cn540m;52;15
2925;Cn6229w;52;15
2926;Cn7202wa;52;15
2927;Cn7202wb;52;15
2928;Cn721ap;52;15
2929;Cn721ap    A**;52;15
2930;Cn722ap/seax;52;15
2931;Cn722ap/seax   A**;52;15
2932;Cn722ap/seax   B**;52;15
2933;Cn722ap/seax29;52;15
2934;Cn7230w      A**;52;15
2935;Cn723ap/seax;52;15
2936;Cn7251wb;52;15
2937;Cn7266bp  A**;52;15
2938;Combo;52;15
2939;Cs14h2;52;15
2940;Cs20h2;52;15
2941;Cs21k9m;52;15
2942;Cs29a6hpt;52;15
2943;Cs29d9;52;15
2944;Cs6277pf-;52;15
2945;Ct-20v10mn;52;15
2946;Ct-21v10mn;52;15
2947;Ct-5038g, Chasis K15a;52;15
2948;Ct-6846;52;15
2949;Ct-766dwz;52;15
2950;Ct1400r;52;15
2951;Ct1401r;52;15
2952;Ct1405r;52;15
2953;Ct1480r;52;15
2954;Ct1481r;52;15
2955;Ct1488;52;15
2956;Ct29d4wz;52;15
2957;Ct30a9pz;52;15
2958;Ct31255bg;52;15
2959;Ct331fz;52;15
2960;Ct332 Fm;52;15
2961;Ct3325;52;15
2962;Ct3329;52;15
2963;Ct332fm;52;15
2964;Ct335;52;15
2965;Ct344f;52;15
2966;Ct347f;52;15
2967;Ct34d2px;52;15
2968;Ct5013z;52;15
2969;Ct501az;52;15
2970;Ct5038;52;15
2971;Ct5062v;52;15
2972;Ct5072;52;15
2973;Ct520w;52;15
2974;Ct5346w;52;15
2975;Ct5372;52;15
2976;Ct5377;52;15
2977;Ct565bz A*;52;15
2978;Ct5915;52;15
2979;Ct5915  A**;52;15
2980;Ct6202;52;15
2981;Ct6335w;52;15
2982;Ct6346w;52;15
2983;Ct66bvx;52;15
2984;Ct6846w;52;15
2985;Ct7202;52;15
2986;Ct721ap;52;15
2987;Ct722ap;52;15
2988;Ct722ap   A**;52;15
2989;Ct7277bp;52;15
2990;Ctc-43pro;52;15
2991;Ctc-43pro   A**;52;15
2992;Ctc-52pro;52;15
2993;Ctc-52pro   A**;52;15
2994;Cw-30a90sd;52;15
2995;Cw-764aha;52;15
2996;Cw21m63ns8;52;15
2997;Cw28c75vs8x;52;15
2998;Cw28c7vh2x;52;15
2999;Cw29z6;52;15
3000;Cw593cwg8;52;15
3001;Cw683cng8;52;15
3002;Cx-512zse;52;15
3003;Cx-5312w;52;15
3004;Cx512zse;52;15
3005;Cx683cwg3x;52;15
3006;Cx6840w3x;52;15
3007;Cx6844n3x;52;15
3008;Cx6844w;52;15
3009;Cz21k22t;52;15
3010;D8sx;52;15
3011;Fut2acx;52;15
3012;Gt-8258;52;15
3013;Gt-8298;52;15
3014;Gxe1395;52;15
3015;K 20 A 1;52;15
3016;K1 Sup;52;15
3017;K1sup;52;15
3018;Kct11a;52;15
3019;Kct52a.;52;15
3020;Lcd403;52;15
3021;Ln32r83b 0x/xax  (hdtv);52;15
3022;Lt17n23w;52;15
3023;Lw32a23w;52;15
3024;Lw40a23w;52;15
3025;Mtv207r;52;15
3026;Mvr2160;52;15
3027;Mvr3150;52;15
3028;Mvr3160;52;15
3029;Nscta331;52;15
3030;Ntsa3761;52;15
3031;P1300;52;15
3032;P1330;52;15
3033;Pa330l;52;15
3034;Pa330lh;52;15
3035;Pc04;52;15
3036;Pc04-;52;15
3037;Pc04a;52;15
3038;Ps42p2stx;52;15
3039;Pss4014;52;15
3040;S51a;52;15
3041;Sat-210;52;15
3042;Sp-42w5hfx;52;15
3043;Spt43pro;52;15
3044;Sv-dvd3e;52;15
3045;Sv-dvd6e;52;15
3046;Svp-43j8m;52;15
3047;Svp-54j8m;52;15
3048;Svp-62j8m;52;15
3049;Svp-71j8m;52;15
3050;Sw 1r;52;15
3051;Sw 1rn;52;15
3052;Sw 2r;52;15
3053;Sw 2rn;52;15
3054;Sw 2u;52;15
3055;Sw 2ub;52;15
3056;Sw 4r;52;15
3057;Sw 4rn;52;15
3058;Sw-t347;52;15
3059;Sw347t;52;15
3060;Sw3761/2;52;15
3061;Swc3761;52;15
3062;Swc3761r;52;15
3063;Swc3761rn;52;15
3064;Swc3762;52;15
3065;Swc3762r;52;15
3066;Swc3762rn;52;15
3067;Swc3762u;52;15
3068;Swc3762ub;52;15
3069;Swc3764;52;15
3070;Swc3764r;52;15
3071;Swc3764rn;52;15
3072;Swt347;52;15
3073;Tahoci;52;15
3074;Tc9865tb;52;15
3075;Ti14n34x;52;15
3076;Ti14p1df4x;52;15
3077;Tv2;52;15
3078;Tvn236;52;15
3079;Tvp-3350x;52;15
3080;Tvp-5050x;52;15
3081;Tvp-5350x;52;15
3082;Txe-2045;52;15
3083;Txe-2545;52;15
3084;Txe-2745;52;15
3085;Wf-24w6vn3;52;15
3086;Wf-28w6vn3;52;15
3087;Wf-32w6vn3;52;15
3088;Wf28w6n3x;52;15
3089;Wi24w6vd3x;52;15
3090;Ws28m64vs8;52;15
3091;Ws28z6;52;15
3092;Ws29z6;52;15
3093;Ws32m66vs8;52;15
3094;Ws32z46v;52;15
3095;Ws32z6;52;15
3096;Cetv-31614;52;16
3097;Cetv-34629;52;16
3098;Ctv-2180;52;16
3099;Ctv-2924;52;16
3100;Ctv-34614;52;16
3101;Ctv-34620;52;16
3102;Ctv-34621;52;16
3103;Ctv-5474;52;16
3104;Ctv-5490;52;16
3105;Ctv-5670;52;16
3106;Ctv-5679;52;16
3107;Ctv-5950;52;16
3108;Ctv-5990;52;16
3109;Ctv-5995;52;16
3110;Ctv-6795;52;16
3111;Ctv5679 (chasis Mc97a);52;16
3112;St;52;16
3113;;52;17
3114;1405r;52;17
3115;2001rc/re;52;17
3116;2005;52;17
3117;"20\"" S/mod";52;17
3118;2801;52;17
3119;Cm-1403;52;17
3120;Cm-1407;52;17
3121;Cm-1407  Ver;52;17
3122;Cm-1414rd;52;17
3123;Cm-1414rd  Ver2;52;17
3124;Cm-2002rd;52;17
3125;Cm-2002rd  Ver.4;52;17
3126;Cm-2002rd Ver.2;52;17
3127;Cm-2002rd Ver.3;52;17
3128;Cm-2003;52;17
3129;Cm-2003 Ver.;52;17
3130;Cm-2005  Ver;52;17
3131;Cm-2006r;52;17
3132;Cm-2007;52;17
3133;Cm-2007  Ver;52;17
3134;Cm-2007m;52;17
3135;Cm-2007r;52;17
3136;Cm-2008;52;17
3137;Cm-2008  Ver.2;52;17
3138;Cm-2103  Ver.;52;17
3139;Cm-2893;52;17
3140;Cm2007r;52;17
3141;Ct-1403r;52;17
3142;Ct-1405 Ver.;52;17
3143;Ct-1405r;52;17
3144;Ct-1405r  Ver.;52;17
3145;Ct-14071t300;52;17
3146;Ct-2001r.;52;17
3147;Ct-2003r;52;17
3148;Ct-2004r;52;17
3149;Ct-2004r/5;52;17
3150;Ct-2006r;52;17
3151;Ct-2100r;52;17
3152;Ct-2103r;52;17
3153;Ct-2501r;52;17
3154;Ct-2503;52;17
3155;Ct-2801;52;17
3156;Ct-2829rpll;52;17
3157;Ct-2829st  Ver.2;52;17
3158;Ct-2901r;52;17
3159;Ct-2901r  Ver.3;52;17
3160;Ct-m2005 Ver.;52;17
3161;Ct-r355pn;52;17
3162;Ct-v2501r;52;17
3163;Ct-vr600n;52;17
3164;Ct2001r;52;17
3165;Ct2004r;52;17
3166;H613m1;52;17
3167;Jyt-20h1dcm-a;52;17
3168;Jyt-20h2dcm-a;52;17
3169;Kv-21st91r;52;17
3170;M-2005  Ver;52;17
3171;Nt6x;52;17
3172;Tc-1432r;52;17
3173;Tc-1459fl;52;17
3174;Tm-2059;52;17
3175;Tm-2159;52;17
3176;Tv- 8813;52;17
3177;Tv-700n;52;17
3178;Svc2001b;52;19
3179;208m4-mkii;52;20
3180;20e2ly;52;20
3181;20lv33d00;52;20
3182;21bn1;52;20
3183;29-e77bb;52;20
3184;31c40a;52;20
3185;31c44;52;20
3186;33lj13;52;20
3187;4240;52;20
3188;51c60a;52;20
3189;51c60l;52;20
3190;6240;52;20
3191;6242;52;20
3192;6606;52;20
3193;80 P;52;20
3194;83p;52;20
3195;83pd 21;52;20
3196;83pd14;52;20
3197;90c33u;52;20
3198;91c50;52;20
3199;91c55s;52;20
3200;91c57s;52;20
3201;91c68l;52;20
3202;91c75s;52;20
3203;91c76;52;20
3204;91c78a;52;20
3205;91c82;52;20
3206;Avm-2005;52;20
3207;Avm3259;52;20
3208;Avm3260;52;20
3209;C-14lt13m;52;20
3210;C-20le90bc;52;20
3211;C-20lv23m;52;20
3212;C10a1;52;20
3213;C10e1;52;20
3214;C144am;52;20
3215;C148rm;52;20
3216;C14a1;52;20
3217;C14a4r;52;20
3218;C14a4s;52;20
3219;C14a5;52;20
3220;C14b1;52;20
3221;C14bw1;52;20
3222;C14e1;52;20
3223;C14e2;52;20
3224;C14e2n;52;20
3225;C14e4;52;20
3226;C14e7;52;20
3227;C14ea13ex;52;20
3228;C14f1;52;20
3229;C14f1  A**;52;20
3230;C14jw1;52;20
3231;C14k1;52;20
3232;C14lt13m;52;20
3233;C14lt13m_;52;20
3234;C14lt77m;52;20
3235;C14lt83m;52;20
3236;C14lt84m;52;20
3237;C14lt87m;52;20
3238;C14lt88m;52;20
3239;C14s5m;52;20
3240;C14v1;52;20
3241;C14vc1;52;20
3242;C14vc1  A**;52;20
3243;C14vi;52;20
3244;C14w1;52;20
3245;C14w2;52;20
3246;C14w2n;52;20
3247;C14w3;52;20
3248;C15av3;52;20
3249;C15av3  A**;52;20
3250;C15av3  B**;52;20
3251;C15av3  C**;52;20
3252;C161rm;52;20
3253;C16av1;52;20
3254;C16e1;52;20
3255;C16e7;52;20
3256;C16r1;52;20
3257;C16s3mc-16r1m;52;20
3258;C189rm;52;20
3259;C18b1;52;20
3260;C18bw1;52;20
3261;C18e1;52;20
3262;C18e2;52;20
3263;C18e3;52;20
3264;C18e5;52;20
3265;C18e7;52;20
3266;C18e9;52;20
3267;C18jw1;52;20
3268;C18k4;52;20
3269;C18kw2;52;20
3270;C18s7;52;20
3271;C18s8t;52;20
3272;C18s9a;52;20
3273;C18sw1s;52;20
3274;C18v1;52;20
3275;C18w2;52;20
3276;C18w3;52;20
3277;C19av3;52;20
3278;C19b2;52;20
3279;C19b2/21b;52;20
3280;C19b2/21b  A**;52;20
3281;C19b2/c2;52;20
3282;C19sw2;52;20
3283;C19vc2;52;20
3284;C19vc2   A**;52;20
3285;C20av2;52;20
3286;C20dn4avn;52;20
3287;C20e1;52;20
3288;C20kw;52;20
3289;C20kw1;52;20
3290;C20kw2;52;20
3291;C20lb13s;52;20
3292;C20lb14s;52;20
3293;C20lb18s;52;20
3294;C20lb77m-00.;52;20
3295;C20lb87m;52;20
3296;C20lb88m;52;20
3297;C20lb93m;52;20
3298;C20lb94m.;52;20
3299;C20lb98m;52;20
3300;C20le90bc_;52;20
3301;C20le90s;52;20
3302;C20lt94m;52;20
3303;C20lv23m_;52;20
3304;C20lv33d;52;20
3305;C20lv33d04;52;20
3306;C20lv33s05;52;20
3307;C20sw1;52;20
3308;C20v1/18v;52;20
3309;C20w3;52;20
3310;C20z5m;52;20
3311;C20z6;52;20
3312;C20z6m;52;20
3313;C21av3/19;52;20
3314;C21av3/19   A**;52;20
3315;C21av3/19   B**;52;20
3316;C21av3/19   C**;52;20
3317;C21av3/19   D**;52;20
3318;C21ef45nb;52;20
3319;C21ef63;52;20
3320;C21f2gs;52;20
3321;C21lb23s;52;20
3322;C21lb24s;52;20
3323;C21lb25s;52;20
3324;C21lb29s;52;20
3325;C21lb76;52;20
3326;C21lb76   A**;52;20
3327;C21lb77;52;20
3328;C21lm90b00;52;20
3329;C21lm90s00;52;20
3330;C21sw2;52;20
3331;C21sw2/19;52;20
3332;C21sw2/19  A**;52;20
3333;C21sw2/c1;52;20
3334;C21sw2/c1   A**;52;20
3335;C21tf26s;52;20
3336;C2511;52;20
3337;C2580;52;20
3338;C25lf33;52;20
3339;C25lf33  A**;52;20
3340;C26b2;52;20
3341;C26kw;52;20
3342;C26sw1;52;20
3343;C26z5;52;20
3344;C27lv33s;52;20
3345;C27lw13s;52;20
3346;C27lw33s;52;20
3347;C27lw44s;52;20
3348;C27lw47;52;20
3349;C2880t;52;20
3350;C29lf34;52;20
3351;C29lf34  A**;52;20
3352;C29lh43;52;20
3353;C29lh93;52;20
3354;C29lh96;52;20
3355;C29lk33;52;20
3356;C29lk34;52;20
3357;C29lk35;52;20
3358;C29lk39;52;20
3359;C29lk96-00;52;20
3360;C29lk96-00    A**;52;20
3361;C29tf36s;52;20
3362;C33lj13;52;20
3363;C33lj26;52;20
3364;C33lj26   A**;52;20
3365;C33lj35;52;20
3366;C33lj99;52;20
3367;C33lj99   A**;52;20
3368;C33lj99   B**;52;20
3369;C34tf46s;52;20
3370;C46vp;52;20
3371;C6a1;52;20
3372;Ce-14at2-gb;52;20
3373;Ce-14atr2-gb;52;20
3374;Ce-14ax2-gb;52;20
3375;Ce-21cm1f;52;20
3376;Ce-21dn4;52;20
3377;Ce-28chn5f;52;20
3378;Ce-28cn8f;52;20
3379;Ce-28fwh2f;52;20
3380;Ce-28fwh4f;52;20
3381;Ce-28fwn4f;52;20
3382;Ce-32fwh1f;52;20
3383;Ce-32fwn4f;52;20
3384;Ce-32w1;52;20
3385;Ce-32wn1;52;20
3386;Ce14m2;52;20
3387;Ce21b3-c;52;20
3388;Ce21b5-c;52;20
3389;Ce21en6f-c;52;20
3390;Ce28cn8f;52;20
3391;Ce28h1a;52;20
3392;Ce32wn3-c;52;20
3393;Cem2130pv-20;52;20
3394;Cem2151;52;20
3395;Cem2161;52;20
3396;Cem2510ptx;52;20
3397;Cem6018vlp2;52;20
3398;Cem6022su;52;20
3399;CEP1497E;52;20
3400;Cep2576;52;20
3401;Cep2580;52;20
3402;Cep2876;52;20
3403;Cep2883;52;20
3404;Chassis A3 - A3-a;52;20
3405;Clp-2051c;52;20
3406;Clp1421-00;52;20
3407;Clp1450;52;20
3408;Clp1451;52;20
3409;Clp2050;52;20
3410;Clp2051;52;20
3411;Clp2120-00;52;20
3412;Clp2121-00;52;20
3413;Clp2122-00;52;20
3414;Clp215;52;20
3415;Clp2151;52;20
3416;Clp2910;52;20
3417;Clp2910 *;52;20
3418;Clp3022.;52;20
3419;Clp3024;52;20
3420;Clp3310;52;20
3421;Clp602143;52;20
3422;Clp6022;52;20
3423;Clp602220-e2ly;52;20
3424;Clp6024;52;20
3425;Clp6029;52;20
3426;Clx2800sr;52;20
3427;Clx2800sr     A**;52;20
3428;Clx2800sr   Mh15;52;20
3429;Clx2800sr   Mh15   A;52;20
3430;Clx2800sr  C60;52;20
3431;Clx2800sr  C60  A**;52;20
3432;Clx2800sr0;52;20
3433;Clx800sr;52;20
3434;Clx800sr     A**;52;20
3435;Control Remoto;52;20
3436;Cpt3265;52;20
3437;Cpt4265;52;20
3438;Cpt6265;52;20
3439;Cr 3;52;20
3440;Cs120ml;52;20
3441;Cs147m;52;20
3442;Cs163m;52;20
3443;Cs1800p;52;20
3444;Cs180ml;52;20
3445;Cs181ml;52;20
3446;Cs182bm;52;20
3447;Cs182m;52;20
3448;Cs186ml;52;20
3449;Cs200ml;52;20
3450;Cs200mlv;52;20
3451;Cs201m;52;20
3452;Cs203ml;52;20
3453;Cs204ml;52;20
3454;Cs206ml;52;20
3455;Cs226m;52;20
3456;Cs264m;52;20
3457;Cs267m;52;20
3458;Ctp3221;52;20
3459;Ctp3265;52;20
3460;Ctp3702;52;20
3461;Ctp3702/3;52;20
3462;Ctp3703;52;20
3463;Ctp3712;52;20
3464;Ctp3712(1);52;20
3465;Ctp3712(2);52;20
3466;Ctp3730;52;20
3467;Ctp3730a;52;20
3468;Ctp3732;52;20
3469;Ctp3734;52;20
3470;Ctp3734-00;52;20
3471;Ctp3734-01;52;20
3472;Ctp373401;52;20
3473;Ctp3735;52;20
3474;Ctp3735-00;52;20
3475;Ctp3735-01;52;20
3476;Ctp37350;52;20
3477;Ctp373500;52;20
3478;Ctp373501;52;20
3479;Ctp37351;52;20
3480;Ctp3736;52;20
3481;Ctp37360;52;20
3482;Ctp373600;52;20
3483;Ctp3737;52;20
3484;Ctp3737-00;52;20
3485;Ctp37370;52;20
3486;Ctp373700;52;20
3487;Ctp4240;52;20
3488;Ctp4240   A**;52;20
3489;Ctp6227;52;20
3490;Ctp6240;52;20
3491;Ctp6305;52;20
3492;Ctp6458;52;20
3493;Ctp6606;52;20
3494;Ctp6703;52;20
3495;Ctp6708;52;20
3496;Ctp6710;52;20
3497;Ctp6730;52;20
3498;Ctp6730a;52;20
3499;Ctp6731;52;20
3500;Ctp6731a;52;20
3501;Ctp6734;52;20
3502;Ctp6734-00;52;20
3503;Ctp673400;52;20
3504;Ctp6735;52;20
3505;Ctp6735-00;52;20
3506;Ctp673500;52;20
3507;Ctp6736;52;20
3508;Ctp6736-00;52;20
3509;Ctp67360;52;20
3510;Ctp673600;52;20
3511;Ctp673600  A**;52;20
3512;Ctp6737;52;20
3513;Ctp6737-00;52;20
3514;Ctp67370;52;20
3515;Ctp673700;52;20
3516;Ctp7204;52;20
3517;Ctp8204;52;20
3518;Ctp8730;52;20
3519;Ctp8731;52;20
3520;Ctp8731/31n;52;20
3521;Ctp8731n;52;20
3522;Ctp8732;52;20
3523;Cxm2608;52;20
3524;Cxm2608    A**;52;20
3525;Cz146m;52;20
3526;Cz202m;52;20
3527;Cz2050w;52;20
3528;Cz451ml;52;20
3529;Ds-19330;52;20
3530;DS-25390;52;20
3531;Ds25330;52;20
3532;Ds27780;52;20
3533;La1b(2151st);52;20
3534;P11;52;20
3535;P11   A**;52;20
3536;Plc-220p;52;20
3537;Plc-400p;52;20
3538;Plc-8810e;52;20
3539;Plc-su20e;52;20
3540;Plc-xp4100;52;20
3541;Plc-xp41l;52;20
3542;Plc-xp41l00;52;20
3543;Plc-xp46l;52;20
3544;Plv-30;52;20
3545;T120dm;52;20
3546;T121;52;20
3547;T121v;52;20
3548;T1245vn;52;20
3549;T124on;52;20
3550;Td 0013 Aa;52;20
3551;Tp250;52;20
3552;Tranmisor;52;20
3553;Trc5;52;20
3554;Trp25;52;20
3555;Trp252;52;20
3556;Tvs1430ma (e);52;20
3557;Vtcf9;52;20
3558;Vtcg1;52;20
3559;Nnv;52;22
3560;Atc6020s;52;23
3561;26st28;52;24
3562;6h10;52;24
3563;7519s;52;24
3564;Ad-13;52;24
3565;Ad-20a;52;24
3566;Ad-20a (doblador);52;24
3567;Ad-20b;52;24
3568;Ad-294;52;24
3569;Cr-1553m;52;24
3570;Gp2900g;52;24
3571;K20;52;24
3572;St6720sa;52;24
3573;T294a St;52;24
3574;T294a St  A**;52;24
3575;Tg;52;24
3576;Tg-1029a;52;24
3577;Tg-141;52;24
3578;Tg-141am;52;24
3579;Tg-142am  Ver.2;52;24
3580;Tg-201am;52;24
3581;Tg-201as;52;24
3582;Tg-203am;52;24
3583;Tg-203am  Ver.2;52;24
3584;Tg-2100a;52;24
3585;Tg-2100st  Ver.2;52;24
3586;Tg-2900a;52;24
3587;Tg-2960;52;24
3588;Tkf-2100a;52;24
3589;Tkf-3400a;52;24
3590;Tm-1021;52;24
3591;Ak-1486;52;25
3592;Ak-2086;52;25
3593;Ak-2121;52;25
3594;Ce-2018;52;25
3595;Ce-2108;52;25
3596;Ce-2838ns;52;25
3597;1402;52;26
3598;2002;52;26
3599;2102;52;26
3600;Av-d35;52;26
3601;Av-d55;52;26
3602;Av-dv300;52;26
3603;Av-dv75;52;26
3604;Av-dv95;52;26
3605;Cn140nh;52;26
3606;Hv-fx5200;52;26
3607;Hv-fx780;52;26
3608;Hv-gx770;52;26
3609;S009;52;26
3610;S1311;52;26
3611;Tv-1402;52;26
3612;Tv-141;52;26
3613;Tv-1452;52;26
3614;Tv-14gt33;52;26
3615;Tv-201;52;26
3616;Tv-204ar;52;26
3617;Tv-204ar     A**;52;26
3618;Tv-20st3;52;26
3619;Tv-25bs1;52;26
3620;Tv-a145;52;26
3621;Tv-a149;52;26
3622;Tv-a205;52;26
3623;Tv-a207;52;26
3624;Tv-a209;52;26
3625;Tv-a219;52;26
3626;Tv-an1410;52;26
3627;Tv-an145;52;26
3628;Tv-an2110;52;26
3629;Tv-ar144;52;26
3630;Tv-ar144     A**;52;26
3631;Tv-ar146;52;26
3632;Tv-ar146     A**;52;26
3633;Tv-ar204;52;26
3634;Tv-ar204     A**;52;26
3635;Tv-ar206;52;26
3636;Tv-ar206   A**;52;26
3637;Tv-ar216;52;26
3638;Tv-ar216     A**;52;26
3639;Tv-ar295;52;26
3640;Tv-as145;52;26
3641;Tv-as205;52;26
3642;Tv-as205nh;52;26
3643;Tv-as215;52;26
3644;Tv-az149;52;26
3645;Tv-az209;52;26
3646;Tv-az219;52;26
3647;Tv-c1300;52;26
3648;Tv-c141;52;26
3649;Tv-c1425;52;26
3650;Tv-cn140;52;26
3651;Tv-cn143;52;26
3652;Tv-cn202;52;26
3653;Tv-f2000;52;26
3654;Tv-f2100;52;26
3655;Tv-f21ts1;52;26
3656;Tv-f2400;52;26
3657;Tv-f2500;52;26
3658;Tv-f2588;52;26
3659;Tv-s2011;52;26
3660;Tv-se141;52;26
3661;Tv-se211;52;26
3662;Tv-vxt2020;52;26
3663;Vx-c131;52;26
3664;Vx-d1420k;52;26
3665;Vx-f205;52;26
3666;Vx-ft21;52;26
3667;Vx-g142;52;26
3668;Vx-g142k;52;26
3669;Vx-g142k  A**;52;26
3670;Vx-g143;52;26
3671;Vx-s135;52;26
3672;Vx-s137;52;26
3673;Vx-s205;52;26
3674;Vx-t147;52;26
3675;Vx-t1470ph;52;26
3676;Vx-t1470ph  A**;52;26
3677;Vx-t147k;52;26
3678;Vx-t147k  A**;52;26
3679;Vx-t14g9;52;26
3680;Vx-t14gx20;52;26
3681;Vx-t14sx5;52;26
3682;Vx-t2170;52;26
3683;Vx-t21bx1;52;26
3684;Xd-dv500;52;26
3685;Ct-2161;52;27
3686;Ct-2867;52;27
3687;Ct-2107;52;28
3688;K-3922;52;29
3689;14mfv-c;52;31
3690;Cv-14t21n;52;31
3691;C200-ns;52;32
3692;1400;52;33
3693;2020;52;33
3694;Alton 1428;52;34
3695;C-140;52;35
3696;C-14va;52;36
3697;4m46;52;37
3698;4m46/6m46;52;37
3699;6m46;52;37
3700;20''26'';52;39
3701;S/m;52;40
3702;20zu;52;41
3703;2004;52;42
3704;2004   Ver.2;52;42
3705;Mrt-1470;52;42
3706;Mrt-1470  Ver.2;52;42
3707;Mrt-2070;52;42
3708;Mrt-2070  Ver.2;52;42
3709;Mrt-2071;52;42
3710;Mrt-2071  Ver.2;52;42
3711;Mrt-2170;52;42
3712;Mrt-2170  Ver.2;52;42
3713;Mrt-ct20d;52;42
3714;Ax6121t;52;43
3715;331;52;44
3716;Nn;52;45
3717;29-b1;52;46
3718;Bl-2950st;52;46
3719;Emtv-31444;52;46
3720;Shtv-31614;52;46
3721;Shtv-31614  Ver.2;52;46
3722;Shtv-31620;52;46
3723;Shtv-31629;52;46
3724;N;52;47
3725;N-;52;47
3726;N-n;52;47
3727;Nnn;52;47
3728;V30;52;47
3729;Ctv-202;52;48
3730;Lx-5000;52;50
3731;Mx-4000;52;50
3732;Mx-7000;52;50
3733;116/r16;52;52
3734;16''20''fm121;52;52
3735;"26""";52;52
3736;"26""  A**";52;52
3737;7665;52;52
3738;7665   A*;52;52
3739;7668...,7669...;52;52
3740;Cs82-100;52;52
3741;Cs82.100    B*;52;52
3742;Cs82.100    C*;52;52
3743;Fm100-10;52;52
3744;Fm100k;52;52
3745;Fm100k  A**;52;52
3746;Fm100k/66/67;52;52
3747;Fm100k/66/67 A*;52;52
3748;Fm100k/66/69;52;52
3749;Fm100k/66/69 A*;52;52
3750;Fm100kc;52;52
3751;Fm100t Tipo7666/7;52;52
3752;Fm100ttipo7666/7;52;52
3753;Fm121s;52;52
3754;Fm121se;52;52
3755;Fm241;52;52
3756;Gmh3200;52;52
3757;I16/r16;52;52
3758;Il32;52;52
3759;Il32c/remoto;52;52
3760;Ir16;52;52
3761;Ir16p;52;52
3762;Memotr 200;52;52
3763;Mp45;52;52
3764;Ms70-100;52;52
3765;Ms70-100   B*;52;52
3766;Ms70-100   C*;52;52
3767;Pm37-47;52;52
3768;Pm40-46;52;52
3769;Pm42-47;52;52
3770;Pm45-47;52;52
3771;Up16;52;52
3772;Fs871;52;53
3773;Fs874;52;53
3774;Fv932;52;53
3775;Bsl-28s;52;54
3776;Nr-fx70 (ch├ísis 7sz190-07);52;54
3777;"20"" - 26""";52;55
3778;Slg1400;52;56
3779;Sw-c3762;52;56
3780;20''s/con;52;58
3781;20s/rm;52;58
3782;Btc6020-s;52;58
3783;C-32 D;52;58
3784;Cp-1421r;52;58
3785;Cp-1421r  A**;52;58
3786;Cp-2021r;52;58
3787;Ic Color;52;58
3788;Mod20''s/con;52;58
3789;Tc-961 Da;52;58
3790;H03 20320;52;59
3791;Kit;52;59
3792;37syce-5;52;61
3793;37sye5;52;61
3794;Sp-1411;52;61
3795;C026;52;62
3796;Regolo20tvc;52;63
3797;Spot16tvc;52;63
3798;Udi21;52;64
3799;Udi21-110;52;64
3800;Udi21ste;52;64
3801;Udi21ste  A**;52;64
3802;Ui-14;52;64
3803;25abc;52;65
3804;B-20;52;65
3805;B-20t;52;65
3806;B-21t;52;65
3807;Btv17;52;67
3808;Ev-200c/d/i/n;52;68
3809;Ev-b510;52;68
3810;Tv-100g;52;68
3811;Tv-1400;52;68
3812;Tv-1400  A**;52;68
3813;Tv-470 C;52;68
3814;Tv-475v/f;52;68
3815;Cbs2010;52;69
3816;Hps-1070x;52;70
3817;Hps-1402;52;70
3818;Hps-1403;52;70
3819;Hps-1405;52;70
3820;Hps-1407;52;70
3821;Hps-1423;52;70
3822;Hps-1470;52;70
3823;Hps-1481;52;70
3824;Hps-1492;52;70
3825;Hps-14bps;52;70
3826;Hps-2002;52;70
3827;Hps-2004;52;70
3828;Hps-2005;52;70
3829;Hps-2006;52;70
3830;Hps-2007;52;70
3831;Hps-2023;52;70
3832;Hps-2070;52;70
3833;Hps-2075;52;70
3834;Hps-2076;52;70
3835;Hps-2080;52;70
3836;Hps-2081;52;70
3837;Hps-2091;52;70
3838;Hps-2092;52;70
3839;Hps-2706;52;70
3840;Hps-2906;52;70
3841;Hps-2908;52;70
3842;Hps-2910;52;70
3843;Hps-2981;52;70
3844;Tv-27blk;52;70
3845;Th-2029;52;71
3846;Jctv-1314;52;72
3847;Jctv-2120;52;72
3848;20 26 110;52;73
3849;20 26 90;52;73
3850;20 26 90  A**;52;73
3851;20c100;52;73
3852;20c100  A**;52;73
3853;Elc3082;52;73
3854;20'';52;74
3855;802 A;52;74
3856;Dz80st;52;74
3857;Dz90rp;52;74
3858;Tv389;52;74
3859;802a;52;75
3860;P311;52;77
3861;P411;52;77
3862;P412e;52;77
3863;P414e;52;77
3864;P416r;52;77
3865;P417r;52;77
3866;P418r;52;77
3867;T210v;52;77
3868;T261;52;77
3869;T263h;52;77
3870;T282e;52;77
3871;T282ea;52;77
3872;T283;52;77
3873;T285;52;77
3874;T286h;52;77
3875;T287r;52;77
3876;T288r;52;77
3877;T889e;52;77
3878;T889ea;52;77
3879;T890;52;77
3880;T892;52;77
3881;T893r;52;77
3882;T894;52;77
3883;T895r;52;77
3884;T896r;52;77
3885;T897sr;52;77
3886;5200;52;78
3887;5300;52;78
3888;Ctl-1mb20;52;79
3889;Ctl-1mb21;52;79
3890;Ctl-3mb20;52;79
3891;Ctl-3stb21;52;79
3892;Ctl-7stb21;52;79
3893;Ce2118;52;80
3894;Kt8135;52;80
3895;2003;52;82
3896;2004r;52;82
3897;Tv20'';52;83
3898;Oocp4180;52;84
3899;Oocp4680;52;84
3900;Ptv370;52;84
3901;14;52;85
3902;14cx44;52;85
3903;Ab;52;85
3904;Crt-6955r;52;85
3905;Crt-9655r;52;85
3906;Ct 2004-r;52;85
3907;Ctv-2013;52;85
3908;Ctv-b5036;52;85
3909;Nt 6x;52;85
3910;Pn1;52;85
3911;Tc-1332r.;52;85
3912;Tc-140;52;85
3913;Tc-1432;52;85
3914;Tc-1474r;52;85
3915;Tc-2132;52;85
3916;Tc-2193;52;85
3917;Tc1483r;52;85
3918;Oogp4100;52;87
3919;Oogp4610;52;87
3920;Oogp4650;52;87
3921;Oogp5250;52;87
3922;Oogp6150;52;87
3923;Ptv376;52;87
3924;Ptv382;52;87
3925;Shp4100;52;87
3926;Shp4600;52;87
3927;2047;52;88
3928;Dct-1450;52;88
3929;Dct1450m;52;88
3930;1405;52;89
3931;2097;52;89
3932;C01.16;52;89
3933;Dct-1400 Hcr;52;89
3934;Dct-1400a;52;89
3935;Dct-1400m;52;89
3936;Dct-1450m;52;89
3937;Dct-2000m;52;89
3938;Dct-2097;52;89
3939;Dtc-1450;52;89
3940;Dtc-2097   20'';52;89
3941;Nueva Ver;52;89
3942;Irt;52;91
3943;Tcq-1434;52;91
3944;Tcq-1434f;52;91
3945;Tcq-2034f;52;91
3946;S200;52;94
3947;1421;52;95
3948;C27.03;52;95
3949;20z1fs;52;96
3950;Dct-1450m_;52;96
3951;Dct-2001m;52;96
3952;Dct-2050m_;52;96
3953;Dth-1349v;52;96
3954;Dth-1442vs;52;96
3955;Dth-1444fs;52;96
3956;Dth-1445vs;52;96
3957;Dth-1446;52;96
3958;Dth-1448fs;52;96
3959;Dth-1449vs;52;96
3960;Dth-1449vs/vp;52;96
3961;Dth-14z1fs;52;96
3962;Dth-2042vs;52;96
3963;Dth-2042vs/vp;52;96
3964;Dth-2044fs;52;96
3965;Dth-2046fs;52;96
3966;Dth-2049vs;52;96
3967;Dth-2049vs/vp;52;96
3968;Dth-20z1fs;52;96
3969;Hcr-10z;52;96
3970;Vp1442vs;52;96
3971;Vp1445vs;52;96
3972;Vp2042vs;52;96
3973;Vp2049;52;96
3974;Multi-standard;52;97
3975;8415;52;98
3976;Dtc-1420rc;52;99
3977;Dtc4020rc;52;99
3978;Dth2044fs;52;99
3979;"29""";52;101
3980;8813.;52;101
3981;8814.;52;101
3982;8820.;52;101
3983;8821.;52;101
3984;C/remoto;52;101
3985;C38n C;52;101
3986;C41m;52;101
3987;Cth6913;52;101
3988;Dcl412;52;101
3989;Dph-3922;52;101
3990;Dth-1437;52;101
3991;Dth-2037 B1;52;101
3992;Dth-2999fs   A**;52;101
3993;K3932_;52;101
3994;K6913_;52;101
3995;K7014_;52;101
3996;K7020_;52;101
3997;K7021_;52;101
3998;Mod14''/20'';52;101
3999;Mod20';52;101
4000;Mod20''  A**;52;101
4001;Nnv  A**;52;101
4002;Sn4858820519.;52;101
4003;Tv6913;52;101
4004;Tv8813;52;101
4005;Tv8820;52;101
4006;Tvp-9220;52;101
4007;Tvp-9415;52;101
4008;Tvp-9420;52;101
4009;Vh7014;52;101
4010;Vh7020_;52;101
4011;Vh7021_;52;101
4012;Vph-8320.;52;101
4013;Vph-8415.;52;101
4014;Vph-8420;52;101
4015;Vph-8425;52;101
4016;Vph-8520.;52;101
4017;Vph-8614;52;101
4018;Vph-8620;52;101
4019;Vph-8720;52;101
4020;Vph-8813;52;101
4021;Vph-8814;52;101
4022;Vph-8820;52;101
4023;Vph-8821;52;101
4024;Vph-9115.;52;101
4025;Vph-9329;52;101
4026;Vph-9420;52;101
4027;Vph-9620.;52;101
4028;Vph-9720;52;101
4029;Vph-9725;52;101
4030;Vph-9814;52;101
4031;Vph7020;52;101
4032;Vph9620;52;101
4033;Vpm-5160;52;101
4034;Digivision;52;103
4035;Ctv 15;52;106
4036;Ctv1403b4;52;106
4037;Dsc14tv;52;106
4038;16;52;108
4039;2332;52;108
4040;3102;52;108
4041;3102 A**;52;108
4042;3102dd;52;108
4043;3122;52;108
4044;3122  A**;52;108
4045;3122dd;52;108
4046;3122r;52;108
4047;3202;52;108
4048;3202 A**;52;108
4049;3202d;52;108
4050;3202dd;52;108
4051;3222;52;108
4052;3222  A**;52;108
4053;3222dd;52;108
4054;3222slb;52;108
4055;3302d;52;108
4056;3302d A**;52;108
4057;3302dd;52;108
4058;3302ds0;52;108
4059;3322;52;108
4060;3332b;52;108
4061;3332d;52;108
4062;3332dd;52;108
4063;3332dd  A**;52;108
4064;3332dr;52;108
4065;3332slb;52;108
4066;484-558u;52;108
4067;484-657a;52;108
4068;484168a;52;108
4069;C-3025k;52;108
4070;Ch1013;52;108
4071;Ch1053_;52;108
4072;Ch2353_;52;108
4073;Gh1053;52;108
4074;Gh2353;52;108
4075;Ha1053tr;52;108
4076;Lb602vk;52;108
4077;Lb602vk    A**;52;108
4078;Rc-1053_;52;108
4079;K1915;52;109
4080;K3920.;52;109
4081;K3922;52;109
4082;K5920mn;52;109
4083;K6913;52;109
4084;K9115_;52;109
4085;K9320mn;52;109
4086;Tv9a85;52;109
4087;Tv9a85    A**;52;109
4088;Tv9a85    B**;52;109
4089;Tvc2371;52;109
4090;Tvc2371    A**;52;109
4091;Tvc2371    B**;52;109
4092;Tvc9a85;52;109
4093;Cr402;52;110
4094;14syc  Ver.1;52;111
4095;14syc  Ver.2;52;111
4096;Ntsc;52;112
4097;Slg-1400;52;113
4098;1410;52;114
4099;1490md;52;114
4100;2050;52;114
4101;2110;52;114
4102;21s506;52;114
4103;28s542;52;114
4104;28w1000;52;114
4105;E12;52;114
4106;E15;52;114
4107;Pc-100;52;115
4108;Pc-200;52;115
4109;121;52;117
4110;T210;52;117
4111;Beltran;52;119
4112;Beltran  A**;52;119
4113;"19""";52;121
4114;7513s2;52;121
4115;7513s3;52;121
4116;Ccr1417;52;121
4117;Ct501fl;52;122
4118;Ct508fl;52;122
4119;Ctr-1498;52;124
4120;Ctr-2036;52;124
4121;Ctr-2036emk;52;124
4122;Tv5470;52;125
4123;Ct-14rp;52;126
4124;Ct-20rp;52;126
4125;Ctv-2002;52;127
4126;Ver.;52;127
4127;10;52;129
4128;1969/1969g;52;129
4129;Cxa1111p;52;129
4130;Ec11w;52;129
4131;Ecr1350;52;129
4132;Ecr138;52;129
4133;Ecr139;52;129
4134;Em20b_;52;129
4135;Emtv-22021  Ver.2;52;129
4136;Emtv-31448;52;129
4137;Emtv-32048;52;129
4138;Emtv-32144;52;129
4139;Emtv-32148;52;129
4140;Emtv-32948;52;129
4141;Emtv22021..;52;129
4142;Emtv22541;52;129
4143;Emtv32541;52;129
4144;Emtv32941;52;129
4145;En20b;52;129
4146;Pc65''c/radio;52;129
4147;Tc-1969g;52;129
4148;Tc-1972d;52;129
4149;Vt1320;52;129
4150;Vt1320   A*;52;129
4151;Vt1920;52;129
4152;Vt1920   A**;52;129
4153;Emp-5000sm;52;131
4154;Eur-1mb20;52;132
4155;20 Axi;52;133
4156;Ctv12;52;133
4157;Ctv12paln;52;133
4158;Ctv15;52;133
4159;Ctv700;52;133
4160;Modpaln;52;133
4161;S/m.  A**;52;133
4162;S19;52;133
4163;S22;52;133
4164;S25;52;133
4165;Salida Video;52;133
4166;715;52;135
4167;Tvc26;52;137
4168;14a1;52;139
4169;Dct;52;140
4170;Dct-1450-m;52;140
4171;Dth-14j1fs;52;140
4172;Dth-20j1 (chasiscm-531);52;140
4173;Dth-20j1fs;52;140
4174;Dth-20z1fs_;52;140
4175;Tmt-1459fl;52;140
4176;Tmt-2059fl;52;140
4177;Tmt-2159fl;52;140
4178;Tmt-2859;52;140
4179;Ftm-0129s;52;141
4180;Ftm-536;52;141
4181;Ftm-541;52;141
4182;Ftm-542;52;141
4183;Ftm-6114;52;141
4184;Ftm-6120;52;141
4185;Ftm-6121;52;141
4186;Ftm-9120;52;141
4187;Ftm0229s;52;141
4188;Ftm0229s    A**;52;141
4189;Ftm0429;52;141
4190;An5410;52;142
4191;Nvc-142;52;142
4192;Nvc142;52;142
4193;Rl1709;52;145
4194;Stc;52;146
4195;Stc20;52;146
4196;6n22a_;52;147
4197;Gn21b;52;147
4198;Gn22a;52;147
4199;Saa3010p;52;147
4200;2000a-mk7;52;148
4201;2500;52;148
4202;6720fdd;52;148
4203;Kta1267;52;148
4204;Ktc3189;52;148
4205;Mk11;52;148
4206;Ms20;52;148
4207;Ms20mk Ii;52;148
4208;Tv-1900mts;52;148
4209;Tv-2000;52;148
4210;Tv-2000a;52;148
4211;Tv-2000t;52;148
4212;Tv-2003;52;148
4213;Tv-2100a;52;148
4214;Tv1400t;52;148
4215;Tv2000-mk7;52;148
4216;Tv2000a;52;148
4217;Tv2003;52;148
4218;Tv20ms;52;148
4219;Tv2100-mk10;52;148
4220;Ce2018;52;149
4221;Gw1401;52;150
4222;36 89513e/j;52;151
4223;36 Imc989513e/j;52;151
4224;40 89510a/e/j;52;151
4225;40 Imc989510a/e;52;151
4226;42 89516e/k/j;52;151
4227;42 Imc989516e/k;52;151
4228;45 Imcvt989511k;52;151
4229;45 T989511k;52;151
4230;51 89514e/k/j;52;151
4231;51 Imc989514e/k;52;151
4232;13p30m;52;153
4233;149120;52;153
4234;14p10e;52;153
4235;14p10eb;52;153
4236;14p11b/k;52;153
4237;14p11b/v;52;153
4238;14p11c;52;153
4239;14p150a;52;153
4240;14p50m;52;153
4241;14p7e;52;153
4242;14p7ea;52;153
4243;14p8;52;153
4244;14p83;52;153
4245;14p9e;52;153
4246;14p9eb;52;153
4247;14pa5d;52;153
4248;14pa6;52;153
4249;14pa6e;52;153
4250;14pa6m;52;153
4251;14pa7m;52;153
4252;16pa60e;52;153
4253;16pa60em;52;153
4254;16pa60m;52;153
4255;18t13ea;52;153
4256;18t13era;52;153
4257;18t15em;52;153
4258;18t16e;52;153
4259;18t200er;52;153
4260;20t23er;52;153
4261;Atm20;52;153
4262;Atm2025;52;153
4263;Atr1125;52;153
4264;Atr20;52;153
4265;Fm18;52;153
4266;Fm181w;52;153
4267;Fm18d;52;153
4268;Fm18e;52;153
4269;Fm18t;52;153
4270;Fm20;52;153
4271;Fm201w;52;153
4272;Fm20g;52;153
4273;Fm26;52;153
4274;Fm80;52;153
4275;Fmr180;52;153
4276;Fmr182d;52;153
4277;Fmr200;52;153
4278;Fmr200d;52;153
4279;Fmr202;52;153
4280;Fmr202d;52;153
4281;Fmr203d;52;153
4282;M14;52;153
4283;M1801b;52;153
4284;M1825b;52;153
4285;M182a;52;153
4286;M183b/s;52;153
4287;M183b/t;52;153
4288;M20;52;153
4289;M80;52;153
4290;M801;52;153
4291;Tg12a;52;153
4292;Tg12ua;52;153
4293;V40;52;153
4294;"10""ab 13""/17"" Ac";52;154
4295;13;52;154
4296;1317;52;154
4297;13pf6545;52;154
4298;14700;52;154
4299;14p83v;52;154
4300;17;52;154
4301;20700;52;154
4302;21600;52;154
4303;21600  A*;52;154
4304;27600;52;154
4305;33658;52;154
4306;33658   A**;52;154
4307;3pf6545;52;154
4308;Ag-2900;52;154
4309;Ag-3300;52;154
4310;Atm26;52;154
4311;Atr11s;52;154
4312;Atr11s/11;52;154
4313;Dtq-2039f;52;154
4314;E14700;52;154
4315;E20700;52;154
4316;Elec.ge14;52;154
4317;Fmr203d    A**;52;154
4318;Ge-1400;52;154
4319;Ge-14000;52;154
4320;Ge-14700;52;154
4321;Ge-2000;52;154
4322;Ge-20000;52;154
4323;Ge-2000st;52;154
4324;Ge-20700;52;154
4325;Ge-21090;52;154
4326;Ge-2110;52;154
4327;Ge-2900st;52;154
4328;Ge-3300st;52;154
4329;Ge14000;52;154
4330;Ge14091;52;154
4331;Ge2000;52;154
4332;Ge20000;52;154
4333;Ge20091;52;154
4334;Ge20700;52;154
4335;Ge2099st;52;154
4336;Ge21091;52;154
4337;Ge21600;52;154
4338;Ge21600   A**;52;154
4339;Ge21600/27600;52;154
4340;Ge27184;52;154
4341;Ge27600;52;154
4342;Ge27600  A**;52;154
4343;Ge27602;52;154
4344;Ge27602   A*;52;154
4345;Ge27602/27184/29184/;52;154
4346;Ge2901st;52;154
4347;Ge2910stx;52;154
4348;Ge29184;52;154
4349;Ge29520;52;154
4350;Ge29521;52;154
4351;Ge29601;52;154
4352;Ge29601  A*;52;154
4353;Ge29615;52;154
4354;Ge3300st;52;154
4355;Ge33184;52;154
4356;Ge33658;52;154
4357;Ge33682;52;154
4358;Ge37681;52;154
4359;Ge46941;52;154
4360;Ge46941    A**;52;154
4361;Ge46941    B**;52;154
4362;Ge46941    C**;52;154
4363;M80s;52;154
4364;M80s  A**;52;154
4365;Pw300 0ka1;52;154
4366;Pw40;52;154
4367;"Tx8213""";52;154
4368;12;52;156
4369;"14""y19""";52;156
4370;20c60;52;156
4371;2122;52;156
4372;21c52;52;156
4373;25 Y 29'';52;156
4374;25 Y 29''   A**;52;156
4375;2529cf;52;156
4376;29pc33;52;156
4377;4200;52;156
4378;4825ei11212;52;156
4379;484502m;52;156
4380;9;52;156
4381;Cb-14a80;52;156
4382;Cb-20a80;52;156
4383;Cb-20a86;52;156
4384;Cbt-4902e;52;156
4385;Cf-20a80v;52;156
4386;Cf-25c20f;52;156
4387;Cf-25c22f;52;156
4388;Cf-25c44;52;156
4389;Cf-25c44-c80;52;156
4390;Cf-28c22f;52;156
4391;Cf-2944-b20;52;156
4392;Cf-29c44;52;156
4393;Cf-29c60;52;156
4394;Cf-29c70;52;156
4395;Cf-29c80;52;156
4396;Cf14a40;52;156
4397;Cf20/21d30;52;156
4398;Cf20a40;52;156
4399;Cf20d29;52;156
4400;Cit-2190f;52;156
4401;Cit-4902;52;156
4402;Cit-9902;52;156
4403;Ckt-9742;52;156
4404;Ckt-9745;52;156
4405;Ckt-9822;52;156
4406;Ckt-9825;52;156
4407;Cmr-4200_;52;156
4408;Cmr-4540.;52;156
4409;Cmr-9160_;52;156
4410;Cms4841;52;156
4411;Cms9841;52;156
4412;Cmt9482;52;156
4413;Cmt9482   A**;52;156
4414;Cmt9482/85;52;156
4415;Cmt9485;52;156
4416;Cmt9485   A**;52;156
4417;Cmz9322;52;156
4418;Cn - 20b80h Chasis 5aa;52;156
4419;Cn-14d90;52;156
4420;Cn-20b80h;52;156
4421;Cnt-2197;52;156
4422;Cnt-4175;52;156
4423;Cnt-4442b;52;156
4424;Cnt-4745;52;156
4425;Cnt-4825;52;156
4426;Cnt-4882;52;156
4427;Cnt-4885;52;156
4428;Cnt-9172;52;156
4429;Cnt-9175;52;156
4430;Cnt-9325b;52;156
4431;Cnt-9762;52;156
4432;Cnt-9762  Ver.2;52;156
4433;Cnt-9825;52;156
4434;Cnt-9905;52;156
4435;Cnt-9905  Ver.2;52;156
4436;Cnt9325b;52;156
4437;Cnt9765;52;156
4438;Cnt9765_;52;156
4439;Cnt9825;52;156
4440;Cp-20a82;52;156
4441;Cp-20b70;52;156
4442;Cp-20c60;52;156
4443;Cp-20j20;52;156
4444;Cp-21a80;52;156
4445;Cp-21a90;52;156
4446;Cp-21c20;52;156
4447;Cp-21c40;52;156
4448;Cp-21c52;52;156
4449;Cp-21g20;52;156
4450;Cp-25c34h;52;156
4451;Cp-29c10;52;156
4452;Cp-29c24;52;156
4453;Cp-29c70h;52;156
4454;Cp1420b82;52;156
4455;Cp20b80h;52;156
4456;Cp20b82;52;156
4457;Cr401;52;156
4458;Cr870;52;156
4459;Ct 14b30n;52;156
4460;Cvt-2197;52;156
4461;K-50sq;52;156
4462;K50sq;52;156
4463;Kf-14v20;52;156
4464;Kf-21v20;52;156
4465;Kmv-9050;52;156
4466;Kmv-9050    A**;52;156
4467;Lsc1008p;52;156
4468;Mc-59k;52;156
4469;Mc25a;52;156
4470;Mc53a;52;156
4471;Mc53a    A**;52;156
4472;Mc59k;52;156
4473;N06x3;52;156
4474;Ncmc25;52;156
4475;Pc02x;52;156
4476;Pc04b;52;156
4477;Rm677a;52;156
4478;Tv;52;156
4479;Wf28a10tm;52;156
4480;2580b;52;157
4481;2880b;52;157
4482;Gtv17;52;157
4483;Gt-1420;52;159
4484;Gt-1422;52;159
4485;Gt-2020;52;159
4486;Gt-2022;52;159
4487;Htm-277s;52;159
4488;Htm-299s;52;159
4489;4102;52;160
4490;4122;52;160
4491;4202;52;160
4492;4222;52;160
4493;4331oscar;52;160
4494;4332;52;160
4495;Barones4225;52;160
4496;Graetz;52;160
4497;Kontess4325;52;160
4498;Tvc20;52;161
4499;Ps-45-29;52;162
4500;E2416ch;52;163
4501;Gsl2910;52;164
4502;3385;52;165
4503;9a85;52;165
4504;Dtm2044;52;165
4505;F5 2;52;165
4506;F502;52;165
4507;F52;52;165
4508;F8/f9;52;165
4509;Hannover;52;165
4510;Hannover Ii;52;165
4511;K3915;52;165
4512;Mc7812;52;165
4513;Tee408-21;52;165
4514;Tee40821;52;165
4515;Tee40822;52;165
4516;Televideon;52;165
4517;Tvc8971;52;165
4518;Tvc8971    A**;52;165
4519;Tvc8971    B**;52;165
4520;Yrr408-21/2;52;165
4521;Yrr40821;52;165
4522;9a85,35;52;166
4523;Ct-mtc-mgg;52;167
4524;Ct-mtc-mgg   A**;52;167
4525;Cr405;52;168
4526;Ctv14m04;52;168
4527;20tc24fs2h;52;169
4528;550 R;52;170
4529;Ctv310;52;170
4530;Mctv002;52;170
4531;Mctv002    A**;52;170
4532;Mctv003;52;170
4533;Mctv003   A**;52;170
4534;Mctv2;52;170
4535;Mctv3;52;170
4536;Mctv550r;52;170
4537;Mctv929;52;170
4538;Mctv9291;52;170
4539;Smodelo;52;170
4540;Tvr302;52;170
4541;Tvr302    A**;52;170
4542;13ga1b;52;171
4543;1408rx;52;171
4544;1408ry;52;171
4545;1408ty;52;171
4546;141715;52;171
4547;142021;52;171
4548;2011r;52;171
4549;2021;52;171
4550;20gm2;52;171
4551;2114;52;171
4552;2121;52;171
4553;21b155;52;171
4554;2514re;52;171
4555;C-1410r;52;171
4556;C-1415t;52;171
4557;C-1422r;52;171
4558;C-1714te;52;171
4559;C-2120pn;52;171
4560;C-2122t;52;171
4561;C-2123mn;52;171
4562;C-2125ms;52;171
4563;C-2128fs;52;171
4564;C-2146tn;52;171
4565;C-2156tn;52;171
4566;C-2198fs;52;171
4567;C-24w1tn;52;171
4568;C-24w410sn;52;171
4569;C-2546tn;52;171
4570;C-2846tn;52;171
4571;C-28w430n;52;171
4572;C-32w510sn;52;171
4573;C10118a;52;171
4574;C10130;52;171
4575;C10140;52;171
4576;C1315m;52;171
4577;C13300;52;171
4578;C13309;52;171
4579;C14400;52;171
4580;C14408m;52;171
4581;C14409;52;171
4582;C14409a;52;171
4583;C14410;52;171
4584;C14413;52;171
4585;C14413-1;52;171
4586;C14420;52;171
4587;C14420a;52;171
4588;C14420b;52;171
4589;C14432;52;171
4590;C14432a;52;171
4591;C14452;52;171
4592;C14458ea;52;171
4593;C14460;52;171
4594;C14462;52;171
4595;C14470;52;171
4596;C14470a;52;171
4597;C14472;52;171
4598;C14480;52;171
4599;C14490;52;171
4600;C14490a;52;171
4601;C14491;52;171
4602;C14493;52;171
4603;C14b20;52;171
4604;C16509ea;52;171
4605;C16510;52;171
4606;C16521;52;171
4607;C16532;52;171
4608;C16549ea;52;171
4609;C16572;52;171
4610;C18201;52;171
4611;C18201a;52;171
4612;C18202;52;171
4613;C18210s;52;171
4614;C18213;52;171
4615;C18221;52;171
4616;C18221a;52;171
4617;C18222;52;171
4618;C18225;52;171
4619;C18225a;52;171
4620;C18231;52;171
4621;C18232;52;171
4622;C18232a;52;171
4623;C18239ea;52;171
4624;C18240;52;171
4625;C18241;52;171
4626;C18248ea;52;171
4627;C18250;52;171
4628;C18250a;52;171
4629;C18251;52;171
4630;C18270;52;171
4631;C18272;52;171
4632;C18290;52;171
4633;C18291;52;171
4634;C18292;52;171
4635;C18292-1;52;171
4636;C19233;52;171
4637;C19273;52;171
4638;C20639ea;52;171
4639;C20800;52;171
4640;C20801;52;171
4641;C20810s;52;171
4642;C20820;52;171
4643;C20821;52;171
4644;C20822;52;171
4645;C20825;52;171
4646;C20825a;52;171
4647;C20832;52;171
4648;C20840;52;171
4649;C20841;52;171
4650;C20850;52;171
4651;C20870;52;171
4652;C20870a;52;171
4653;C20872;52;171
4654;C20880v;52;171
4655;C20890;52;171
4656;C20891;52;171
4657;C20892;52;171
4658;C20892-1;52;171
4659;C20e90;52;171
4660;C2114r;52;171
4661;C2121r;52;171
4662;C2146tn;52;171
4663;C21833;52;171
4664;C21873;52;171
4665;C22970;52;171
4666;C2414t;52;171
4667;C2514t;52;171
4668;C25548;52;171
4669;C2578fs;52;171
4670;C2589fs;52;171
4671;C26900;52;171
4672;C26901;52;171
4673;C26910s;52;171
4674;C26932;52;171
4675;C26940;52;171
4676;C26941;52;171
4677;C26948ea;52;171
4678;C26961;52;171
4679;C26972;52;171
4680;C45k70;52;171
4681;C5612s;52;171
4682;C6600;52;171
4683;C6601;52;171
4684;C6620;52;171
4685;C6640;52;171
4686;C6641;52;171
4687;Ca509e;52;171
4688;Ca509e  A**;52;171
4689;Ca509e1;52;171
4690;Ca509e1  A**;52;171
4691;Ca509e2;52;171
4692;Ca509e2   A**;52;171
4693;Ca509e2   B**;52;171
4694;Ca509e2s;52;171
4695;Ca569;52;171
4696;Ca569    A**;52;171
4697;Cap166nr.;52;171
4698;Cdh 21gfs6;52;171
4699;Cdh 21gfs6 Chasis H909f;52;171
4700;Cdh-14bm3.;52;171
4701;Cdh-14gxm1;52;171
4702;Cdh-14gxm1 Chasis H905f;52;171
4703;Cdh-20bm3;52;171
4704;Cdh-20bm3  Ver.2;52;171
4705;Cdh-20bm3b;52;171
4706;Cdh-20gm2;52;171
4707;Cdh-20gm5;52;171
4708;Cdh-20gxm1;52;171
4709;Cdh-21bm4/h;52;171
4710;Cdh-21gfs4;52;171
4711;Cdh-21gs2;52;171
4712;Cdh-2950sr;52;171
4713;Cdh-29gfs4;52;171
4714;Cdh-29gs2;52;171
4715;Cdh-29gs5;52;171
4716;Cdt1500;52;171
4717;Cdt1500  A**;52;171
4718;Chnpx8;52;171
4719;Ckp110;52;171
4720;Cl-2114re;52;171
4721;Cl-2146tan;52;171
4722;Cl-2516;52;171
4723;Cl-2556tan;52;171
4724;Cl-2560tan;52;171
4725;Cl-2564tan;52;171
4726;Cl-2860tan;52;171
4727;Cl-2864tan;52;171
4728;Cl-28w1tan;52;171
4729;Cl-28w30tan;52;171
4730;Cl-28w410tan;52;171
4731;Cl-32w30tan;52;171
4732;Cl-32w35tan;52;171
4733;Cl2524r;52;171
4734;Cl2544;52;171
4735;Cl2544tn.;52;171
4736;Cl2546tan;52;171
4737;Cl2560;52;171
4738;Cl2564.;52;171
4739;Cl2584.;52;171
4740;Cl2841tan;52;171
4741;Cl2844;52;171
4742;Cl2846tan;52;171
4743;Cl2860;52;171
4744;Cl28w1tan;52;171
4745;Cmt-2077;52;171
4746;Cmt-2097;52;171
4747;Cmt-2141;52;171
4748;Cmt-2187;52;171
4749;Cmt-2196;52;171
4750;Cmt-2198;52;171
4751;Cmt-2598;52;171
4752;Cmt1450;52;171
4753;Cmt2077;52;171
4754;Cmt2097;52;171
4755;Cmt2141;52;171
4756;Cmt2187;52;171
4757;Cmt2196;52;171
4758;Cmt2198;52;171
4759;Cmt2199;52;171
4760;Cmt2578;52;171
4761;Cp-1415;52;171
4762;Cp-1422r;52;171
4763;Cp-1714;52;171
4764;Cp-2045ms;52;171
4765;Cp-2115t;52;171
4766;Cp-2122r;52;171
4767;Cp-2145ms;52;171
4768;Cp-2515t;52;171
4769;Cp-2856ta;52;171
4770;Cp-s310w;52;171
4771;Cp-x960wa;52;171
4772;Cp1421r/t;52;171
4773;Cp2021r/t;52;171
4774;Cp2121r/t;52;171
4775;Cpt-1410;52;171
4776;Cpt-1410r;52;171
4777;Cpt-1445rb;52;171
4778;Cpt-1450r;52;171
4779;Cpt-14sxm1;52;171
4780;Cpt-2045sr;52;171
4781;Cpt-2050r;52;171
4782;Cpt-2090;52;171
4783;Cpt-20sxm1;52;171
4784;Cpt-2199;52;171
4785;Cpt-21bi55;52;171
4786;Cpt-21bxm1;52;171
4787;Cpt-2930sr;52;171
4788;Cpt-2950sr  Ver.2;52;171
4789;Cpt-2950srp;52;171
4790;Cpt-2950srp  A*;52;171
4791;Cpt-2955;52;171
4792;Cpt-3455srp;52;171
4793;Cpt1410r;52;171
4794;Cpt1411;52;171
4795;Cpt1411nr;52;171
4796;Cpt1411nr    A**;52;171
4797;Cpt1411nr    B**;52;171
4798;Cpt1411r;52;171
4799;Cpt1415;52;171
4800;Cpt1420r;52;171
4801;Cpt1430;52;171
4802;Cpt1430r;52;171
4803;Cpt1714;52;171
4804;Cpt2000r;52;171
4805;Cpt2010;52;171
4806;Cpt2011r;52;171
4807;Cpt2020;52;171
4808;Cpt2020r;52;171
4809;Cpt2030;52;171
4810;Cpt2030r;52;171
4811;Cpt2030sr;52;171
4812;Cpt2040  Ver.1;52;171
4813;Cpt2040r;52;171
4814;Cpt2051r_;52;171
4815;Cpt2052n.;52;171
4816;Cpt2052nr.;52;171
4817;Cpt2055sr_;52;171
4818;Cpt2090;52;171
4819;Cpt2100;52;171
4820;Cpt2100  A**;52;171
4821;Cpt2101;52;171
4822;Cpt2101  A**;52;171
4823;Cpt2110;52;171
4824;Cpt2110r;52;171
4825;Cpt2111r;52;171
4826;Cpt2111r     A**;52;171
4827;Cpt2120r;52;171
4828;Cpt2121r;52;171
4829;Cpt2122;52;171
4830;Cpt2130sr;52;171
4831;Cpt2150sr_;52;171
4832;Cpt2155sr_;52;171
4833;Cpt2199;52;171
4834;Cpt2400;52;171
4835;Cpt2930sr;52;171
4836;Cpt2933;52;171
4837;Cpt2933sr;52;171
4838;Cpt2945sr;52;171
4839;Cpt2955_ A*;52;171
4840;Cpt2992   A**;52;171
4841;Cpt2992_;52;171
4842;Cpt29sxs1;52;171
4843;Cpt3455srp_ A*;52;171
4844;Cpt41;52;171
4845;Cs-2514re;52;171
4846;Cs-6277;52;171
4847;Cs6277pf;52;171
4848;Cst-2148;52;171
4849;Cst-2548;52;171
4850;Cst2190;52;171
4851;Ct-2175m   Ch-g7nu;52;171
4852;Ct-2196s;52;171
4853;Ct1410r;52;171
4854;Ct1955;52;171
4855;Ct2013/2017;52;171
4856;Ct2013d;52;171
4857;Ct2017d;52;171
4858;Ct2130;52;171
4859;Ct2250b;52;171
4860;Ct2250b/c;52;171
4861;Ct2250b/c   A**;52;171
4862;Ct2250w;52;171
4863;Ct2250w    A**;52;171
4864;Ct668e;52;171
4865;Ct668e1;52;171
4866;Ct668e1   A**;52;171
4867;Ct668e1   B**;52;171
4868;Ct668e2;52;171
4869;Ct668e2  A**;52;171
4870;Ct668e2  B**;52;171
4871;Ct908;52;171
4872;Ct920;52;171
4873;Ct920   A**;52;171
4874;Ct920/38/48;52;171
4875;Ct928r;52;171
4876;Ct938;52;171
4877;Ct948;52;171
4878;Ct959;52;171
4879;Ctc95r;52;171
4880;Ctc98r;52;171
4881;Ctp14/20/2121r/t;52;171
4882;Ctp1411nr.;52;171
4883;Ctp1420r;52;171
4884;Ctp2000r;52;171
4885;Ctp2011r;52;171
4886;Ctp2020r;52;171
4887;Ctp2030;52;171
4888;Ctp2052;52;171
4889;Ctp2100;52;171
4890;Ctp2110r;52;171
4891;Ctp2121r;52;171
4892;Ctp2130;52;171
4893;Ctp2130sr;52;171
4894;Ctp236d;52;171
4895;Cw239;52;171
4896;Cwp350;52;171
4897;Cwp350a;52;171
4898;Hfc-2014br;52;171
4899;Hitachi;52;171
4900;K1;52;171
4901;K2;52;171
4902;K27;52;171
4903;K56;52;171
4904;K59;52;171
4905;K62;52;171
4906;Kido14;52;171
4907;Manual;52;171
4908;Modulomem;52;171
4909;Np 8 X  Ajust,repar.;52;171
4910;Np 8 X  Teoria;52;171
4911;Np 8 X (modulos);52;171
4912;Np 8 Xp;52;171
4913;Np 80 C;52;171
4914;Np 88;52;171
4915;Np-2000;52;171
4916;Np80 C;52;171
4917;Np80c;52;171
4918;Np86 N;52;171
4919;Np88;52;171
4920;Np8x;52;171
4921;Np8x  Ajust,repar.;52;171
4922;Np8x  Teoria;52;171
4923;Np8x (modulos);52;171
4924;Np91;52;171
4925;Np94;52;171
4926;Nt 6 X;52;171
4927;P28;52;171
4928;P28v;52;171
4929;Pu29;52;171
4930;Sensipower;52;171
4931;Sensor Y Remoto;52;171
4932;Simil2052nr;52;171
4933;Tp 420;52;171
4934;Tp420;52;171
4935;Ttm612;52;171
4936;1 970;52;172
4937;1 982;52;172
4938;1 990;52;172
4939;77010;52;172
4940;77010198;52;172
4941;77010s;52;172
4942;77014;52;172
4943;77014197;52;172
4944;77014s;52;172
4945;77020;52;172
4946;77020199;52;172
4947;Upc1365c;52;172
4948;Ce2108;52;173
4949;Ct-2910;52;174
4950;Ct1410;52;174
4951;Modelo-prueba;52;174
4952;Tq1820_;52;174
4953;20uoc;52;175
4954;Mc-plus;52;176
4955;20''   **;52;180
4956;Tc1220;52;180
4957;Tvc366;52;181
4958;Ct332;52;182
4959;1437f;52;183
4960;2191 St;52;183
4961;2191st;52;183
4962;Alba 12p30c;52;183
4963;Chasisc102a/b;52;183
4964;Dcb2006p;52;183
4965;Dcb2008p;52;183
4966;Dcb2009p;52;183
4967;Dcb2011*;52;183
4968;Dcb2015p;52;183
4969;Dcb2016p;52;183
4970;Dcb2019p;52;183
4971;Dcb4001vr;52;183
4972;Dcb406p;52;183
4973;Dcb406vr;52;183
4974;Dcb407p;52;183
4975;Dcb409p;52;183
4976;Dcb415p;52;183
4977;Dcb416p;52;183
4978;Dcb419p;52;183
4979;Dtq1439fn;52;183
4980;Dtq2039;52;183
4981;Dtq2039fn;52;183
4982;Tcb1412;52;183
4983;Tcb2011rs;52;183
4984;Tck2162;52;183
4985;Tcq1434f;52;183
4986;Tcq1437fs;52;183
4987;Tcq1437fs2037f;52;183
4988;Tcq2037fs;52;183
4989;Tcr 2001;52;183
4990;Tcr1400;52;183
4991;Tcr1401;52;183
4992;Tcr2000d;52;183
4993;12p30c;52;184
4994;Oac;52;185
4995;3332 Dr;52;186
4996;3332d A**;52;186
4997;3332d1;52;186
4998;3332d1  A**;52;186
4999;3332d2;52;186
5000;3332d2 A**;52;186
5001;333dr;52;186
5002;C16.05   Mh09,p24;52;186
5003;Ct3312;52;187
5004;Pc-09x;52;187
5005;Pn-2;52;187
5006;1404;52;189
5007;2000;52;189
5008;3122 B;52;189
5009;3122 Oscar;52;189
5010;3222 B;52;189
5011;3222 C;52;189
5012;3222 C  A**;52;189
5013;3222 Oscar;52;189
5014;3227;52;189
5015;3302;52;189
5016;3307;52;189
5017;3307 Digital;52;189
5018;3321;52;189
5019;3325;52;189
5020;3327;52;189
5021;3332;52;189
5022;3332   A**;52;189
5023;3332dd1-d;52;189
5024;3332dd1-d     A**;52;189
5025;3332s;52;189
5026;3350;52;189
5027;3350     A**;52;189
5028;3350  16'';52;189
5029;3350 Fi Sinto;52;189
5030;3401;52;189
5031;3402;52;189
5032;3432;52;189
5033;3432   A**;52;189
5034;3476;52;189
5035;3601;52;189
5036;3621;52;189
5037;3621  A**;52;189
5038;3621  Ver.2;52;189
5039;3660;52;189
5040;3702;52;189
5041;3732;52;189
5042;3732   A**;52;189
5043;4222m;52;189
5044;5732;52;189
5045;5732   A**;52;189
5046;5861;52;189
5047;5861/64/42/44;52;189
5048;6360vt;52;189
5049;Cbs2012;52;189
5050;Cbs2014;52;189
5051;Ch5842;52;189
5052;Ch5842  A**;52;189
5053;Ch5861;52;189
5054;Ch5861  A**;52;189
5055;Ch586164-42-44;52;189
5056;Ch5864;52;189
5057;Ch5864  A**;52;189
5058;Cna1402;52;189
5059;Control Remoto 3227;52;189
5060;Ct3312v;52;189
5061;Ct5012;52;189
5062;Ct5012v;52;189
5063;Dr3302;52;189
5064;Fravega3327;52;189
5065;Ic3100;52;189
5066;Ic3102;52;189
5067;Ic3122;52;189
5068;Ic3125;52;189
5069;Ic3202;52;189
5070;Ic3222;52;189
5071;Ic3225;52;189
5072;Ic3226;52;189
5073;Ic3301;52;189
5074;Ic3325;52;189
5075;Ic3401;52;189
5076;Ic3402;52;189
5077;Ic3432;52;189
5078;Ic3702;52;189
5079;Ic3732;52;189
5080;Ic8325;52;189
5081;Ideal Color 3125;52;189
5082;Ideal Color 3125  A*;52;189
5083;Idealcolo;52;189
5084;Idealcolo  A**;52;189
5085;Idealcolo  B**;52;189
5086;Idealcolo  C**;52;189
5087;Idealcolo  D**;52;189
5088;Itt/nokia;52;189
5089;Oscar3122;52;189
5090;Oscar3222;52;189
5091;Oscar3301;52;189
5092;Oscar3401;52;189
5093;Pc09x;52;189
5094;Pn2;52;189
5095;Sat-201;52;189
5096;Sat201;52;189
5097;Sat201/14;52;189
5098;Sat20114    A**;52;189
5099;Sat251;52;189
5100;Sat290;52;189
5101;Sat521;52;189
5102;Sk3401;52;189
5103;Sn29764an2;52;189
5104;Sn29764an2   A**;52;189
5105;Trc5000n;52;189
5106;3988;52;190
5107;332/3331o;52;192
5108;332/3331o  A**;52;192
5109;3321 A**;52;192
5110;3331;52;192
5111;3331  A**;52;192
5112;3421;52;192
5113;4122m;52;192
5114;Graetz  A**;52;192
5115;Graetz  B*;52;192
5116;Oscar3331;52;192
5117;Oscar3421;52;192
5118;Oscar3421  A**;52;192
5119;3724;52;193
5120;5110vt;52;193
5121;5110vt   A**;52;193
5122;5110vt   B**;52;193
5123;6330vt;52;193
5124;6360;52;193
5125;6360    A**;52;193
5126;6360    B**;52;193
5127;7161vt;52;193
5128;Fu4pcx;52;193
5129;Nokia;52;193
5130;Nokia A**;52;193
5131;Sat-120;52;193
5132;Sat-141;52;193
5133;Sat-142;52;193
5134;Sat-143;52;193
5135;Sat-144;52;193
5136;Sat-145;52;193
5137;Sat-146;52;193
5138;Sat-203;52;193
5139;Sat-204;52;193
5140;Sat-205;52;193
5141;Sat-206;52;193
5142;Sat-221;52;193
5143;Sat-291;52;193
5144;Sat-294;52;193
5145;Sat-320;52;193
5146;Sat-521;52;193
5147;Sat144;52;193
5148;Sat144_;52;193
5149;Sat146;52;193
5150;Sat202;52;193
5151;Sat203;52;193
5152;Sat204;52;193
5153;Sat204_;52;193
5154;Sat206.;52;193
5155;Sat210;52;193
5156;Sat210/14;52;193
5157;Sat220;52;193
5158;Sat221;52;193
5159;Sat252;52;193
5160;Sat293;52;193
5161;Sat294     A**;52;193
5162;Sat321  St;52;193
5163;Sat421;52;193
5164;St252;52;193
5165;St293;52;193
5166;Sw-1000;52;193
5167;2307 (ntsc);52;194
5168;6850000;52;194
5169;6852006;52;194
5170;6852021;52;194
5171;6852512;52;194
5172;6852512 A**;52;194
5173;8550774;52;194
5174;8551004;52;194
5175;1405a;52;196
5176;14a3;52;196
5177;14pul;52;196
5178;210mv;52;196
5179;2184;52;196
5180;3060;52;196
5181;35b50bj;52;196
5182;42b50bj;52;196
5183;42v31bje;52;196
5184;7255ee;52;196
5185;7255me;52;196
5186;7280ch;52;196
5187;7288;52;196
5188;7288me;52;196
5189;7301ch;52;196
5190;7460;52;196
5191;7680;52;196
5192;7705ar  2;52;196
5193;7705ars/rm;52;196
5194;7755 Meee;52;196
5195;7755me/ee;52;196
5196;7780us;52;196
5197;7801ch;52;196
5198;7805ar14;52;196
5199;7805ar20;52;196
5200;7805ar20    A**;52;196
5201;7805arc/rm;52;196
5202;7808ee-;52;196
5203;7860;52;196
5204;An340;52;196
5205;An340    A**;52;196
5206;Av-1415ee;52;196
5207;Av-14fm;52;196
5208;Av-14ftr;52;196
5209;Av-2058s;52;196
5210;Av-20d303s;52;196
5211;Av-20f703;52;196
5212;Av-20nt;52;196
5213;Av-2103;52;196
5214;Av-2134ee;52;196
5215;Av-2135ee;52;196
5216;Av-21a4e;52;196
5217;Av-21at;52;196
5218;Av-21bf10en;52;196
5219;Av-21d10;52;196
5220;Av-21d3;52;196
5221;Av-21dm10;52;196
5222;Av-21dmg3;52;196
5223;Av-21dmt3;52;196
5224;Av-21dtg2;52;196
5225;Av-21em;52;196
5226;Av-21f4e;52;196
5227;Av-21fm;52;196
5228;Av-21ft;52;196
5229;Av-21sx1ek;52;196
5230;Av-21te.;52;196
5231;Av-24f702;52;196
5232;Av-25a8;52;196
5233;Av-25bd3en;52;196
5234;Av-25f1eg;52;196
5235;Av-25f2en;52;196
5236;Av-25k8;52;196
5237;Av-25ps;52;196
5238;Av-25px;52;196
5239;Av-25s4e;52;196
5240;Av-27320s;52;196
5241;Av-27330s;52;196
5242;Av-2771s;52;196
5243;Av-2771s  A**;52;196
5244;Av-27820;52;196
5245;Av-2795s;52;196
5246;Av-27d202;52;196
5247;Av-27d302;52;196
5248;Av-27d303s;52;196
5249;Av-27s33s;52;196
5250;Av-28bt7ep;52;196
5251;Av-28ch1eu;52;196
5252;Av-28ch1eus;52;196
5253;Av-28ct1ek;52;196
5254;Av-28f2en;52;196
5255;Av-28fx12en;52;196
5256;Av-28s2e;52;196
5257;Av-28wfx1e;52;196
5258;Av-28wfx1eu;52;196
5259;Av-28wh3ep;52;196
5260;Av-29bf10en;52;196
5261;Av-29r8b;52;196
5262;Av-29rf6;52;196
5263;Av-29rs;52;196
5264;Av-29rx.;52;196
5265;Av-32320;52;196
5266;Av-32330;52;196
5267;Av-32360;52;196
5268;Av-32s33;52;196
5269;Av-32s36;52;196
5270;Av-32wfx1eu;52;196
5271;Av-32wh3ep;52;196
5272;Av-3352s;52;196
5273;Av-3590s;52;196
5274;Av-3590s  A**;52;196
5275;Av-3590s  B**;52;196
5276;Av-36320;52;196
5277;Av-36330;52;196
5278;Av-36360;52;196
5279;Av-36d201;52;196
5280;Av-36d501;52;196
5281;Av-36s33;52;196
5282;Av-36s36;52;196
5283;Av-61s902;52;196
5284;Av-a14m3;52;196
5285;Av-a14t3;52;196
5286;Av-g21t;52;196
5287;Av-n29303;52;196
5288;Av-n29320;52;196
5289;Av-s25m1s;52;196
5290;Av-s25m1s  A**;52;196
5291;Av-s25m1s  B**;52;196
5292;Av-t2122;52;196
5293;Av-t2192 Ar;52;196
5294;Av-t2912 (ar);52;196
5295;Av-t2922;52;196
5296;Av-t2982ar;52;196
5297;Av-t2992;52;196
5298;Av14;52;196
5299;Av20;52;196
5300;Av202;52;196
5301;Av20br;52;196
5302;Av20m;52;196
5303;Av2196;52;196
5304;Av21te;52;196
5305;Av25f1;52;196
5306;Av26;52;196
5307;Av260;52;196
5308;Av2751/61s;52;196
5309;Av2751/61s     A**;52;196
5310;Av2751s;52;196
5311;Av2761s;52;196
5312;Av2776s;52;196
5313;Av2779s;52;196
5314;Av2795s_;52;196
5315;Av2795s_  A**;52;196
5316;Av2796s;52;196
5317;Av27bh5;52;196
5318;Av27bh5    A**;52;196
5319;Av27bh6;52;196
5320;Av27bh6   A**;52;196
5321;Av27bh6/3;52;196
5322;Av27bh6/3 A**;52;196
5323;Av27bm5;52;196
5324;Av27bm5   A**;52;196
5325;Av27bm6;52;196
5326;Av27bp5;52;196
5327;Av27bp5   B**;52;196
5328;Av27bp5/3;52;196
5329;Av27bp5/3 A**;52;196
5330;Av27bp5/3 C**;52;196
5331;Av27bp6;52;196
5332;Av27bx5;52;196
5333;Av27bx5    A**;52;196
5334;Av27bx5/3;52;196
5335;Av27bx5/3  A**;52;196
5336;Av28bd5e;52;196
5337;Av28f1;52;196
5338;Av2973ar;52;196
5339;Av2973ar  A**;52;196
5340;Av31bh5;52;196
5341;Av31bh6;52;196
5342;Av31bh6    A**;52;196
5343;Av31bm3;52;196
5344;Av31bm6;52;196
5345;Av31bp5;52;196
5346;Av31bp6;52;196
5347;Av31bx5;52;196
5348;Av32wfp1e;52;196
5349;Av35155;52;196
5350;Av35bh6;52;196
5351;Av35bh6    A**;52;196
5352;Av35bh6    B**;52;196
5353;Av35bp5;52;196
5354;Av35bp6;52;196
5355;Av35bp6     A**;52;196
5356;Av35bx5;52;196
5357;Av35bx5   A**;52;196
5358;Av35bx5   B**;52;196
5359;Avf18;52;196
5360;Avf19;52;196
5361;Avf20;52;196
5362;Avf21;52;196
5363;Avs18;52;196
5364;Avs20;52;196
5365;Avs250m;52;196
5366;Avs250m   A**;52;196
5367;Avt2192ar;52;196
5368;C-1327;52;196
5369;C-1327(chile);52;196
5370;C-140ar;52;196
5371;C-1428;52;196
5372;C-1480ek;52;196
5373;C-14et1e;52;196
5374;C-20910;52;196
5375;C-210ee;52;196
5376;C-211ed;52;196
5377;C-2163 Ar;52;196
5378;C-21z;52;196
5379;C-f14ee;52;196
5380;C-f20ee;52;196
5381;C-f21ee;52;196
5382;C-ft14ee;52;196
5383;C-t1421;52;196
5384;C-t1491 Ar;52;196
5385;C-t2021;52;196
5386;C-t2091 Ar;52;196
5387;C-v14e;52;196
5388;C-v21e;52;196
5389;C-vt14e;52;196
5390;C-vt21e;52;196
5391;C-vt21ek;52;196
5392;C-y21ek;52;196
5393;C1405ar;52;196
5394;C140ar;52;196
5395;C140me/mh;52;196
5396;C140mehm;52;196
5397;C1427;52;196
5398;C1427kd;52;196
5399;C1428;52;196
5400;C1428k;52;196
5401;C1430;52;196
5402;C1430n;52;196
5403;C1450;52;196
5404;C1450w;52;196
5405;C1459;52;196
5406;C1463ar;52;196
5407;C1469;52;196
5408;C1470;52;196
5409;C1484;52;196
5410;C1486;52;196
5411;C1489;52;196
5412;C14r;52;196
5413;C14rx;52;196
5414;C14rxa;52;196
5415;C15rx1;52;196
5416;C1628;52;196
5417;C1628k;52;196
5418;C1668e;52;196
5419;C1668k;52;196
5420;C1850;52;196
5421;C1850s;52;196
5422;C1868e;52;196
5423;C1868k;52;196
5424;C1879;52;196
5425;C1890r;52;196
5426;C18rx;52;196
5427;C200m;52;196
5428;C202 Ar;52;196
5429;C2068k;52;196
5430;C2088e;52;196
5431;C210mu;52;196
5432;C210mu  *;52;196
5433;C2163ar;52;196
5434;C2164;52;196
5435;C2184;52;196
5436;C2186;52;196
5437;C2186sar;52;196
5438;C2269;52;196
5439;C2298k;52;196
5440;C2668er;52;196
5441;C2668k;52;196
5442;C2669;52;196
5443;C2699s;52;196
5444;C2699sa;52;196
5445;C3614a;52;196
5446;C3614k;52;196
5447;C8200s;52;196
5448;C8201b;52;196
5449;C8202b;52;196
5450;C8300;52;196
5451;Ct14/2091/2192;52;196
5452;Ct2091ar;52;196
5453;Cx-60me;52;196
5454;Cx-610me;52;196
5455;Cx101;52;196
5456;Cx101m;52;196
5457;Cx180;52;196
5458;Cx180k;52;196
5459;Cx181;52;196
5460;Cx182s;52;196
5461;Cx183;52;196
5462;Cx1831;52;196
5463;Cx184;52;196
5464;Cx200;52;196
5465;Cx200k;52;196
5466;Cx201;52;196
5467;Cx202s;52;196
5468;Cx203;52;196
5469;Cx2031;52;196
5470;Cx204;52;196
5471;Cx205;52;196
5472;Cx265;52;196
5473;Cx50;52;196
5474;Cx55v;52;196
5475;Cx600;52;196
5476;Cx61;52;196
5477;Cx61a;52;196
5478;Cx61s;52;196
5479;Cx62;52;196
5480;Cx64;52;196
5481;Cx65m;52;196
5482;Cx65mx;52;196
5483;D7301ch;52;196
5484;Hr-dvs30u;52;196
5485;Hv-29wh21;52;196
5486;Hv-29wh51;52;196
5487;Hv-29wh71;52;196
5488;Hv-32p37sje;52;196
5489;Hv-34lh21;52;196
5490;Hv-34lh51;52;196
5491;Hv-34lh71;52;196
5492;Hv-l34pro;52;196
5493;Lt-26c31bj;52;196
5494;Lt-26wx84;52;196
5495;Sr-vs30u;52;196
5496;Tmp3;52;196
5497;Tv-13142;52;196
5498;V14r;52;196
5499;V18r;52;196
5500;Vm14psn;52;196
5501;Vmx100;52;196
5502;Vx-1055psn;52;196
5503;Vx-d1050psn;52;196
5504;Vx-d1050psn    A**;52;196
5505;Vx-d705psn;52;196
5506;Vx-d705psn    A**;52;196
5507;Vx-v1039psn;52;196
5508;Vx4001;52;196
5509;Cs2035;52;198
5510;Cs2040;52;198
5511;Cs2040  A**;52;198
5512;Sab3022e;52;198
5513;Sab3022e    A**;52;198
5514;K3115ct;52;199
5515;20''osdm;52;200
5516;9020;52;200
5517;Tmpa8701ck;52;200
5518;Fuente Discreta;52;202
5519;141tr;52;203
5520;201tr;52;203
5521;263tr;52;203
5522;2988;52;203
5523;Hps-1471;52;203
5524;Hps-2071;52;203
5525;Kb-2920st;52;203
5526;Kv-1-2111;52;203
5527;Kv-1-2121;52;203
5528;Kv-2-2111;52;203
5529;Kv-2-2121;52;203
5530;Kv-3-2111;52;203
5531;Kv-3-2121;52;203
5532;Kv-4-2111;52;203
5533;Kv-4-2121;52;203
5534;M-2988;52;203
5535;Tkb-2018;52;203
5536;Tkb-2118;52;203
5537;Tkb-2128;52;203
5538;Tkb-2128/2138/2158/2158;52;203
5539;Tkb-2138;52;203
5540;Tkb-2158;52;203
5541;Tkb-2168;52;203
5542;Tkb-2178;52;203
5543;Tkb-2968;52;203
5544;Tkb2188_;52;203
5545;Tv-2968;52;203
5546;C1480 Igu;52;204
5547;C1480(c1499y);52;204
5548;C1499y;52;204
5549;C1603y;52;204
5550;C3520y;52;204
5551;C7029k;52;204
5552;Duntky 5060 We;52;204
5553;Ix0040ta;52;204
5554;Nipon;52;207
5555;37syce-5_;52;208
5556;Sc-3710.;52;208
5557;Sc-5110.;52;208
5558;Sc-5310.;52;208
5559;Dcb409;52;209
5560;Dtq1439fs;52;209
5561;Dtq1449v;52;209
5562;Dtq1449vs;52;209
5563;Tc1412;52;209
5564;Tcb1415 Fns;52;209
5565;Tcq1434;52;209
5566;K26;52;210
5567;Tf80;52;210
5568;Z96s2;52;210
5569;Z96s3;52;210
5570;Z96s4;52;210
5571;Z96sb;52;210
5572;Kn2519;52;211
5573;Kn2828;52;211
5574;"14"" 17""";52;212
5575;Tc2004pa;52;213
5576;40215;52;214
5577;40235;52;214
5578;40235  A**;52;214
5579;40235c/rm;52;214
5580;40415;52;214
5581;40415s/rm;52;214
5582;40425;52;214
5583;40425   A**;52;214
5584;40425c/rm;52;214
5585;40515;52;214
5586;40534;52;214
5587;40615;52;214
5588;40623supra;52;214
5589;40634;52;214
5590;40634   A**;52;214
5591;59220;52;214
5592;59220  A**;52;214
5593;59621;52;214
5594;59621   A**;52;214
5595;Ir510  C/r;52;214
5596;Repet;52;214
5597;Varios;52;214
5598;P-1301mn;52;215
5599;P1401mn;52;215
5600;P2001mn;52;215
5601;P2101mn;52;215
5602;20awc;52;216
5603;20toc;52;216
5604;Ctv 12;52;217
5605;Sin Modelo;52;217
5606;Tv20c;52;217
5607;Chasis F300;52;220
5608;Chasisf300;52;220
5609;Chasisf300    A**;52;220
5610;Sat-4001;52;220
5611;29c44;52;221
5612;C60;52;221
5613;C70;52;221
5614;C80;52;221
5615;Cf25;52;221
5616;Cf25c44-c80;52;221
5617;Cf25c80;52;221
5618;Cf2944-b20;52;221
5619;Cp-29h70p;52;221
5620;Cp-29k40p;52;221
5621;Cp-29q12p;52;221
5622;Cp-34c62p  A**;52;221
5623;Cp27k60;52;221
5624;Vp32a30;52;221
5625;Vp32a30  A**;52;221
5626;Vp32a30  B**;52;221
5627;Wf-28a10tm;52;221
5628;Wf28a12t;52;221
5629;Wf32a;52;221
5630;16''20'';52;223
5631;22''26'';52;223
5632;40vt;52;223
5633;5572z;52;223
5634;5572z  A**;52;223
5635;5572z  B**;52;223
5636;5572z  C**;52;223
5637;55vt;52;223
5638;60431;52;223
5639;7220;52;223
5640;7220  A**;52;223
5641;7220  B**;52;223
5642;7220  C**;52;223
5643;Art950;52;223
5644;"C 7000/110 26""";52;223
5645;C34.01   Mh04,p78;52;223
5646;C34.02  C34.01  Mh04;52;223
5647;"C700016/20""";52;223
5648;"C700026""";52;223
5649;C8000;52;223
5650;C8000     A**;52;223
5651;C8500;52;223
5652;C8500    A**;52;223
5653;C9003;52;223
5654;C9003    A**;52;223
5655;Dl1;52;223
5656;Lc21;52;223
5657;Lc26;52;223
5658;Mc14493p;52;223
5659;Mc14493p   A**;52;223
5660;Memo.digital;52;223
5661;Memoria Dl1;52;223
5662;Memoriade;52;223
5663;Memoriade   A**;52;223
5664;Menoria Re1;52;223
5665;Re1k;52;223
5666;S28;52;223
5667;S32/24;52;223
5668;Studio63;52;223
5669;T28/24;52;223
5670;3392tx;52;224
5671;K3922_;52;225
5672;Ctm1410r;52;226
5673;C-700 A/b;52;227
5674;Mt-1300r;52;227
5675;Mt-2200r;52;227
5676;Oorm8341;52;228
5677;Oorm8346;52;228
5678;Oorm8352;52;228
5679;Oorm8446;52;228
5680;Oorm8510;52;228
5681;Oorm8530;52;228
5682;Oorm8540;52;228
5683;Oorm8544;52;228
5684;Oorm8550;52;228
5685;Oorm8560;52;228
5686;Oorm8564;52;228
5687;Oorm8570;52;228
5688;Clp2143;52;229
5689;Ctv3718;52;229
5690;M60213;52;229
5691;Sw5000r;52;229
5692;"Tvc15""20""";52;230
5693;"Tvc15""20""   A**";52;230
5694;Mti-1420;52;231
5695;Mti-2020;52;231
5696;Mti-2020  Ver2;52;231
5697;Mti2020;52;231
5698;Pu13a;52;233
5699;1410r;52;234
5700;2010r;52;234
5701;28wn04;52;234
5702;Ctv3303;52;235
5703;1301;52;236
5704;"14"" 20""";52;236
5705;C12b;52;237
5706;678g;52;238
5707;679g;52;238
5708;680g;52;238
5709;6942;52;238
5710;6942  A**;52;238
5711;6974;52;238
5712;6981;52;238
5713;6981  A**;52;238
5714;6982;52;238
5715;6982   A**;52;238
5716;6986;52;238
5717;6986    A**;52;238
5718;6992;52;238
5719;6992  A**;52;238
5720;6996;52;238
5721;6996   A**;52;238
5722;6997;52;238
5723;6997  A**;52;238
5724;7055;52;238
5725;7063;52;238
5726;7071;52;238
5727;7073;52;238
5728;7074;52;238
5729;7075;52;238
5730;7082;52;238
5731;7085;52;238
5732;7086;52;238
5733;7087;52;238
5734;7088;52;238
5735;7089;52;238
5736;7092;52;238
5737;7096;52;238
5738;70tb44;52;238
5739;7171;52;238
5740;7173;52;238
5741;Chasis679;52;238
5742;Chasis679   A**;52;238
5743;Chasis680;52;238
5744;Mec7005;52;238
5745;Mec7006;52;238
5746;Mec7007;52;238
5747;Sn29764an;52;238
5748;Sn29764an   A**;52;238
5749;2087;52;239
5750;5 '';52;239
5751;5'';52;239
5752;C12a;52;239
5753;Ct1220r;52;239
5754;Dth1324;52;239
5755;Dth1342vs;52;239
5756;Dth1444f;52;239
5757;Dth1444fs;52;239
5758;Mod5'';52;239
5759;P1402mn;52;239
5760;Tda3560;52;239
5761;Ctv-1401.;52;240
5762;M-1400;52;242
5763;M-2000;52;242
5764;M-2100;52;242
5765;M2100_;52;242
5766;7003;52;243
5767;10cb200e;52;244
5768;10cbb10;52;244
5769;12ps3190;52;244
5770;14c310;52;244
5771;14c311;52;244
5772;14c315;52;244
5773;14c320;52;244
5774;14c330;52;244
5775;14cp101k;52;244
5776;14cp101ps;52;244
5777;14cp141k;52;244
5778;14cp141s;52;244
5779;14cpa20r;52;244
5780;14cpa20w;52;244
5781;14cpa30r;52;244
5782;14cpb20;52;244
5783;14cpb22;52;244
5784;14cpb24ts;52;244
5785;14cpb30;52;244
5786;14cpc20;52;244
5787;14cpc22;52;244
5788;14cpc23t;52;244
5789;14cpc28tz;52;244
5790;14cpc28w;52;244
5791;14cpc30;52;244
5792;14cpd20;52;244
5793;14cpd20s;52;244
5794;14cpd21;52;244
5795;14cpd30;52;244
5796;14cpd30s;52;244
5797;14ct131k;52;244
5798;14ct131ks;52;244
5799;14ct131s;52;244
5800;14ct161t;52;244
5801;14ct161tk;52;244
5802;14ct162tk;52;244
5803;14ctb24t;52;244
5804;14ctd25t;52;244
5805;14ctd27v;52;244
5806;14ctd38w;52;244
5807;16ct313k;52;244
5808;16ct313sa;52;244
5809;16ct333tk;52;244
5810;16ct333tks;52;244
5811;16cta40r;52;244
5812;16ctc40;52;244
5813;16ctc43t;52;244
5814;16ctc45t;52;244
5815;18c520;52;244
5816;18c530;52;244
5817;18ckc60w;52;244
5818;18ckd60w;52;244
5819;18ct546t;52;244
5820;18ct546ts;52;244
5821;18ct562etm;52;244
5822;18ct565;52;244
5823;18ct565k;52;244
5824;18ct598em;52;244
5825;18cta53t;52;244
5826;18cta56d;52;244
5827;18cta65w;52;244
5828;18ctb52t;52;244
5829;18ctb54t;52;244
5830;18ctb62w;52;244
5831;18ctb62wat;52;244
5832;18ctb64w;52;244
5833;18ctc50n;52;244
5834;18ctc51t;52;244
5835;18ctc54tz;52;244
5836;18ctc55t;52;244
5837;18ctc64w;52;244
5838;18ctd54t;52;244
5839;18ctd58w;52;244
5840;18ctd68w;52;244
5841;18tc579t;52;244
5842;20c630;52;244
5843;20c630l;52;244
5844;20ck852m;52;244
5845;20ckc80w;52;244
5846;20ckd80w;52;244
5847;20ckd81w;52;244
5848;20ct757k;52;244
5849;20ct762etm;52;244
5850;20ct777m;52;244
5851;20ct777t;52;244
5852;20cta74t;52;244
5853;20cta76d;52;244
5854;20cta85w;52;244
5855;20cta86w;52;244
5856;20ctb73t;52;244
5857;20ctb75tz;52;244
5858;20ctb82w;52;244
5859;20ctb83w;52;244
5860;20ctb84w;52;244
5861;20ctb88w;52;244
5862;20ctc84w;52;244
5863;20ctd74t;52;244
5864;20ctd77w;52;244
5865;20ctd88w;52;244
5866;21c660;52;244
5867;21c670;52;244
5868;21c675p;52;244
5869;21c680;52;244
5870;22ckb94w;52;244
5871;22ckc90w;52;244
5872;22ckd90w;52;244
5873;22ct939tma;52;244
5874;22ct939tmk;52;244
5875;22ct939tms;52;244
5876;26c860;52;244
5877;26ckc95w;52;244
5878;26ckd95w;52;244
5879;26ct948m;52;244
5880;26ct989dm;52;244
5881;26cta97t;52;244
5882;26ctb98w;52;244
5883;26ctc97t;52;244
5884;5pb1000;52;244
5885;6cbd12;52;244
5886;Cp1403ka;52;244
5887;Cp1403kar;52;244
5888;Cp1532ka;52;244
5889;Cs-20ex1;52;244
5890;Cs-26ex1;52;244
5891;Cs-27ex1;52;244
5892;Ct-14ms1;52;244
5893;Ct-2125eet;52;244
5894;Ct-21a5lst;52;244
5895;Ct-21m1bm;52;244
5896;Ct-21m5b;52;244
5897;Ct-2525eet;52;244
5898;Ct-2525tx;52;244
5899;Ct-25b2stx;52;244
5900;Ct-25m5bt;52;244
5901;Ct-25m5g;52;244
5902;Ct-28av1b;52;244
5903;Ct-29b2stx;52;244
5904;Ct1995ka;52;244
5905;Ct21m3gt;52;244
5906;Ct25m3gt;52;244
5907;Sctm201;52;244
5908;Tc2020;52;244
5909;Vs-4503r;52;244
5910;Vs-4503r   A**;52;244
5911;Vs-4503r   B**;52;244
5912;Vs-4504r;52;244
5913;Vs-4504r   A**;52;244
5914;Vs-4504r   B**;52;244
5915;Vs-45605;52;244
5916;Vs-45605   A**;52;244
5917;Vs-45605   B**;52;244
5918;Vs-50605;52;244
5919;Vs-50605   A**;52;244
5920;Vs-50605   B**;52;244
5921;Vs-50705;52;244
5922;Vs-50705   A**;52;244
5923;Vs-50705   B**;52;244
5924;Vs-55705;52;244
5925;Vs-55705   A**;52;244
5926;Vs-55705   B**;52;244
5927;Vs-60705;52;244
5928;Vs-60705   A**;52;244
5929;Vs-60705   B**;52;244
5930;Vs-70705;52;244
5931;Vs-70705   A**;52;244
5932;Vs-70705   B**;52;244
5933;14m2tvd;52;245
5934;15m1tvd;52;245
5935;20m1;52;245
5936;21s2;52;245
5937;25s3;52;245
5938;T671;52;245
5939;T671  A**;52;245
5940;S/mod;52;246
5941;12965;52;247
5942;Pald;52;248
5943;2004/5;52;249
5944;Ct2004r/5;52;249
5945;Tc1432r;52;249
5946;Manual 7449;52;251
5947;Proyecci├ôn;52;251
5948;Ct9073/90;52;253
5949;Ct9082;52;253
5950;Ct9082  A**;52;253
5951;Ct919;52;253
5952;Tc182n /205n;52;253
5953;Tc182n/;52;253
5954;Tc206a;52;253
5955;Tc212 Nr;52;253
5956;Tc212nr;52;253
5957;Tc33a4px;52;253
5958;Tc33a4px  A**;52;253
5959;Tc33a4px  B**;52;253
5960;Tc33a4px  C**;52;253
5961;Tc38 Ieu;52;253
5962;Tc38ieu;52;253
5963;Tc492na;52;253
5964;Ct 1403;52;254
5965;Ct12318;52;254
5966;Ct218;52;254
5967;Ct228;52;254
5968;Ct318;52;254
5969;Ct517;52;254
5970;Ct5511;52;254
5971;Ct9073;52;254
5972;Ct9083;52;254
5973;Ct909;52;254
5974;Ct937a;52;254
5975;Ct968;52;254
5976;Ctl2042r;52;254
5977;Mh07,p50;52;254
5978;Mh08,p70;52;254
5979;N Nmx L23;52;254
5980;Rrth26z9;52;254
5981;T218/228/318;52;254
5982;Tc-206a;52;254
5983;Tc1410nr;52;254
5984;Tc141m;52;254
5985;Tc141n;52;254
5986;Tc142m;52;254
5987;Tc143m;52;254
5988;Tc1440nr;52;254
5989;Tc144m;52;254
5990;Tc145m;52;254
5991;Tc146m;52;254
5992;Tc14r1m;52;254
5993;Tc161m;52;254
5994;Tc162m;52;254
5995;Tc163m;52;254
5996;Tc164m;52;254
5997;Tc165m;52;254
5998;Tc1806;52;254
5999;Tc182m;52;254
6000;Tc201;52;254
6001;Tc203;52;254
6002;Tc203a;52;254
6003;Tc203b;52;254
6004;Tc203c;52;254
6005;Tc203d;52;254
6006;Tc203m;52;254
6007;Tc204;52;254
6008;Tc205b;52;254
6009;Tc205m;52;254
6010;Tc205n;52;254
6011;Tc205s;52;254
6012;Tc206;52;254
6013;Tc206b;52;254
6014;Tc206ba;52;254
6015;Tc207;52;254
6016;Tc207t;52;254
6017;Tc208m;52;254
6018;Tc209;52;254
6019;Tc209s;52;254
6020;Tc210;52;254
6021;Tc210s;52;254
6022;Tc210u;52;254
6023;Tc210us;52;254
6024;Tc2110nr;52;254
6025;Tc211m;52;254
6026;Tc211n;52;254
6027;Tc212;52;254
6028;Tc212s;52;254
6029;Tc213;52;254
6030;Tc214;52;254
6031;Tc2140nr;52;254
6032;Tc214s;52;254
6033;Tc215m;52;254
6034;Tc215n;52;254
6035;Tc261;52;254
6036;Tc297np;52;254
6037;Tc361e;52;254
6038;Tc361eu;52;254
6039;Tc361vm;52;254
6040;Tc381eu;52;254
6041;Tc517;52;254
6042;Tc919;52;254
6043;Tg20bv200;52;254
6044;Th11s10;52;254
6045;Th11s20;52;254
6046;Th11s21v;52;254
6047;Th11s23;52;254
6048;Th11s4;52;254
6049;Th11s6;52;254
6050;Th11s7;52;254
6051;Th11s70;52;254
6052;Th11s8;52;254
6053;Th11s9;52;254
6054;Th13u3;52;254
6055;Th13u4;52;254
6056;Th13u5;52;254
6057;Th13u6;52;254
6058;Th13u7;52;254
6059;Th13u8;52;254
6060;Th14n1;52;254
6061;Th14n10;52;254
6062;Th14n11;52;254
6063;Th14n12;52;254
6064;Th14n14;52;254
6065;Th14n15;52;254
6066;Th14n15n;52;254
6067;Th14n16;52;254
6068;Th14n17;52;254
6069;Th14n18r;52;254
6070;Th14n19;52;254
6071;Th14n19k;52;254
6072;Th14n19m;52;254
6073;Th14n21;52;254
6074;Th14n22;52;254
6075;Th14n22r;52;254
6076;Th14n22rh;52;254
6077;Th14n23r;52;254
6078;Th14n256;52;254
6079;Th14n26;52;254
6080;Th14n27;52;254
6081;Th14n28g;52;254
6082;Th14n3;52;254
6083;Th14n30r;52;254
6084;Th14n31r;52;254
6085;Th14n33vr;52;254
6086;Th14n35;52;254
6087;Th14n4;52;254
6088;Th14n40r;52;254
6089;Th14n5;52;254
6090;Th14n6;52;254
6091;Th14n8k;52;254
6092;Th14n8m;52;254
6093;Th14n8n;52;254
6094;Th14n8r;52;254
6095;Th14n9;52;254
6096;Th14nm2g;52;254
6097;Th14nm3g;52;254
6098;Th14nv1;52;254
6099;Th14nv2;52;254
6100;Th15m1vr;52;254
6101;Th15m55gr;52;254
6102;Th16j100th18-c4;52;254
6103;Th16j12;52;254
6104;Th16j13;52;254
6105;Th16j14;52;254
6106;Th16j2;52;254
6107;Th16j22v;52;254
6108;Th16j22vr;52;254
6109;Th16j3;52;254
6110;Th16j30r;52;254
6111;Th16j31r;52;254
6112;Th16j32;52;254
6113;Th16j33vr;52;254
6114;Th16j37vr;52;254
6115;Th16j4;52;254
6116;Th16j40r;52;254
6117;Th16j5;52;254
6118;Th16j6;52;254
6119;Th16j7;52;254
6120;Th16j70;52;254
6121;Th16j8;52;254
6122;Th16x6v;52;254
6123;Th18c1;52;254
6124;Th18c10;52;254
6125;Th18c11;52;254
6126;Th18c12;52;254
6127;Th18c13;52;254
6128;Th18c14;52;254
6129;Th18c15;52;254
6130;Th18c16;52;254
6131;Th18c17;52;254
6132;Th18c18;52;254
6133;Th18c19;52;254
6134;Th18c1r;52;254
6135;Th18c2;52;254
6136;Th18c20;52;254
6137;Th18c22vr;52;254
6138;Th18c23r;52;254
6139;Th18c26;52;254
6140;Th18c28vr;52;254
6141;Th18c29;52;254
6142;Th18c3;52;254
6143;Th18c30r;52;254
6144;Th18c31r;52;254
6145;Th18c32;52;254
6146;Th18c33vr;52;254
6147;Th18c34r;52;254
6148;Th18c39;52;254
6149;Th18c40r;52;254
6150;Th18c44vr;52;254
6151;Th18c46;52;254
6152;Th18c48vr;52;254
6153;Th18c5;52;254
6154;Th18c6;52;254
6155;Th18c7;52;254
6156;Th18c8;52;254
6157;Th18e50;52;254
6158;Th19l1vr;52;254
6159;Th19l55gr;52;254
6160;Th20a75;52;254
6161;Th20a85;52;254
6162;Th20b1;52;254
6163;Th20b10;52;254
6164;Th20b11;52;254
6165;Th20b13;52;254
6166;Th20b14;52;254
6167;Th20b15;52;254
6168;Th20b17;52;254
6169;Th20b19;52;254
6170;Th20b19n;52;254
6171;Th20b1r;52;254
6172;Th20b2;52;254
6173;Th20b205;52;254
6174;Th20b20v;52;254
6175;Th20b21;52;254
6176;Th20b22v;52;254
6177;Th20b22vr;52;254
6178;Th20b22vrh;52;254
6179;Th20b23;52;254
6180;Th20b25;52;254
6181;Th20b27;52;254
6182;Th20b28vr;52;254
6183;Th20b33vr;52;254
6184;Th20b35vr;52;254
6185;Th20b37vr;52;254
6186;Th20b38vr;52;254
6187;Th20b39;52;254
6188;Th20b43r;52;254
6189;Th20b44vr;52;254
6190;Th20b45vr;52;254
6191;Th20b48vr;52;254
6192;Th20b5;52;254
6193;Th20b6;52;254
6194;Th20b7;52;254
6195;Th20b70;52;254
6196;Th20b71v;52;254
6197;Th20b77;52;254
6198;Th20b8;52;254
6199;Th20b9;52;254
6200;Th20bm1;52;254
6201;Th20bm10;52;254
6202;Th21h36vr;52;254
6203;Th21h36vrn;52;254
6204;Th21h55gr;52;254
6205;Th22y10;52;254
6206;Th22y11;52;254
6207;Th22y13;52;254
6208;Th22y14;52;254
6209;Th22y15;52;254
6210;Th22y19;52;254
6211;Th22y23;52;254
6212;Th22y25;52;254
6213;Th22y45vr;52;254
6214;Th22y48vr;52;254
6215;Th22y6;52;254
6216;Th22y77;52;254
6217;Th26b3;52;254
6218;Th26z10;52;254
6219;Th26z13;52;254
6220;Th26z15;52;254
6221;Th26z22vr;52;254
6222;Th26z25;52;254
6223;Th26z28vr;52;254
6224;Th26z3;52;254
6225;Th26z33vr;52;254
6226;Th26z35vr;52;254
6227;Th26z45vr;52;254
6228;Th26z48vr;52;254
6229;Th26z6;52;254
6230;Th26z7;52;254
6231;Th26z77;52;254
6232;Th3600;52;254
6233;Th3w3v;52;254
6234;Th3w3vgs;52;254
6235;Th4000;52;254
6236;Th4010;52;254
6237;Th4060;52;254
6238;Th4500;52;254
6239;Th6x2;52;254
6240;Th6x30;52;254
6241;Th6x7;52;254
6242;Th8v8;52;254
6243;Th8v9v;52;254
6244;Thz8;52;254
6245;Tr1010;52;254
6246;Tr1020;52;254
6247;Tr1030;52;254
6248;Tr1201;52;254
6249;Tr1202;52;254
6250;Tr1206;52;254
6251;Tr1220;52;254
6252;Tr1221;52;254
6253;Tr1401;52;254
6254;Tr171b;52;254
6255;Tr201-b;52;254
6256;Tr3000;52;254
6257;Tr3010;52;254
6258;Tr4000;52;254
6259;Tr4010;52;254
6260;Tr4030;52;254
6261;Tr4050;52;254
6262;Tr4060;52;254
6263;Tr4070;52;254
6264;Tr5010;52;254
6265;Tr5030;52;254
6266;Tr5040;52;254
6267;Tr5090;52;254
6268;Tr509ab;52;254
6269;12t311;52;256
6270;14c80cr;52;256
6271;14t413;52;256
6272;14t822a1;52;256
6273;14tc413nm;52;256
6274;Beltek/benross;52;256
6275;C12y50r;52;256
6276;C12y50r/m;52;256
6277;C14n10v;52;256
6278;C14n12pv;52;256
6279;C14n15;52;256
6280;C14n16pv;52;256
6281;C14n17;52;256
6282;C14n18pv;52;256
6283;C14n19;52;256
6284;C14n20r;52;256
6285;C14n21;52;256
6286;C14n51r;52;256
6287;C14n52;52;256
6288;C15z10pv;52;256
6289;C18f10;52;256
6290;C18k10;52;256
6291;C18k11vw;52;256
6292;C18k12;52;256
6293;C18k15;52;256
6294;C18k15/m;52;256
6295;C18k16vw;52;256
6296;C18k16vw  A**;52;256
6297;C18k51vw;52;256
6298;C18k52w;52;256
6299;C18k53;52;256
6300;C19a14v;52;256
6301;C19a17v;52;256
6302;C20j10;52;256
6303;C20j11pvw;52;256
6304;C20j50;52;256
6305;C20j51vw;52;256
6306;C20j52w;52;256
6307;C20j52w  A**;52;256
6308;C21x10pvw;52;256
6309;C21x10pvw   A**;52;256
6310;C21x11pvw;52;256
6311;C26l10pvw;52;256
6312;C27.03   Mh05,p52;52;256
6313;Ct2000;52;256
6314;Ct252;52;256
6315;Ct252a;52;256
6316;Ct253e;52;256
6317;Ct254;52;256
6318;Ct254a;52;256
6319;Ct255e;52;256
6320;Ct256;52;256
6321;Ct257z;52;256
6322;Ct258;52;256
6323;Ct259e;52;256
6324;Ct260ez;52;256
6325;Ct2610;52;256
6326;Ct264;52;256
6327;Ct265;52;256
6328;Ct266e;52;256
6329;Ct267e;52;256
6330;Ct6000;52;256
6331;Ct6600;52;256
6332;Ct6a1;52;256
6333;Ct6a2;52;256
6334;Ct6a3z;52;256
6335;Ct9p1z;52;256
6336;Ct9p2z;52;256
6337;Ct9p3;52;256
6338;Cv14-h4;52;256
6339;Cv14h3;52;256
6340;Cv14h5;52;256
6341;Cv14h6e;52;256
6342;Cv14h7;52;256
6343;Cv14h8;52;256
6344;Cv14h9e;52;256
6345;Cv14t13e;52;256
6346;Cv14t15;52;256
6347;Cv14t17e;52;256
6348;Cv14t18e;52;256
6349;Cv14t20;52;256
6350;Cv14t22e;52;256
6351;Cv14t23e;52;256
6352;Cv14t24ez;52;256
6353;Cv14t25;52;256
6354;Cv14t26;52;256
6355;Cv14t28ez;52;256
6356;Cv14t30e;52;256
6357;Cv14t32;52;256
6358;Cv14t33e;52;256
6359;Cv14t822a1;52;256
6360;Cv14t822ai;52;256
6361;Cv16t44e;52;256
6362;Cv16t44ex;52;256
6363;Cv16t45ez;52;256
6364;Cv16t47e;52;256
6365;Cv18f2e;52;256
6366;Cv18f2ex;52;256
6367;Cv18f3e;52;256
6368;Cv18t53e;52;256
6369;Cv18t53ex;52;256
6370;Cv18t54e;52;256
6371;Cv18t56ew;52;256
6372;Cv18t57e;52;256
6373;Cv18t58ew;52;256
6374;Cv18t59e;52;256
6375;Cv18t60ew;52;256
6376;Cv18t61ew;52;256
6377;Cv18t62e;52;256
6378;Cv20t72e;52;256
6379;Cv20t72ex;52;256
6380;Cv20t73e;52;256
6381;Cv20t75ew;52;256
6382;Cv20t76e;52;256
6383;Cv20t77ew;52;256
6384;Cv20t78ew;52;256
6385;Cv22t95e;52;256
6386;Cv22t97ew;52;256
6387;Cv26t991e;52;256
6388;Cv26t992ew;52;256
6389;Cvt57e;52;256
6390;Fp-68t30;52;256
6391;N3440;52;256
6392;N34404840;52;256
6393;N4840;52;256
6394;Pc6042k;52;256
6395;Pc8048k;52;256
6396;Pc8049n;52;256
6397;Pc8050k;52;256
6398;Pc8052;52;256
6399;Pc8851;52;256
6400;Pc8853;52;256
6401;Pj400;52;256
6402;Pj45;52;256
6403;Tv12p3v;52;256
6404;Tv12p63;52;256
6405;Tv5000;52;256
6406;Dct-1460m;52;257
6407;Cn3313z;52;258
6408;Nt1300;52;258
6409;Ctv1044;52;259
6410;Ntc-2044;52;260
6411;29g11a-p;52;261
6412;Cp-185n;52;261
6413;10tc687;52;262
6414;14 T2 Ms;52;262
6415;14c655;52;262
6416;14c667;52;262
6417;14rhrnnh;52;262
6418;14t2msnn;52;262
6419;14t3mr;52;262
6420;14tc605;52;262
6421;14tc611;52;262
6422;14tc612;52;262
6423;14tc612  A**;52;262
6424;14tc612g;52;262
6425;14tc613;52;262
6426;14tc613 A**;52;262
6427;14tc616;52;262
6428;14tc628;52;262
6429;14tc632;52;262
6430;14tc639.;52;262
6431;14tc639c;52;262
6432;14tc655;52;262
6433;14tc659;52;262
6434;14tc665;52;262
6435;14tc667;52;262
6436;14tc673;52;262
6437;14ttm2snn;52;262
6438;14vn321;52;262
6439;16tc675;52;262
6440;16tc687;52;262
6441;16tc698;52;262
6442;20rl;52;262
6443;20rlr;52;262
6444;20rsrnnt;52;262
6445;20t2ssnnt;52;262
6446;20t3srnnt;52;262
6447;20t650;52;262
6448;20tc601;52;262
6449;20tc603;52;262
6450;20tc607;52;262
6451;20tc613;52;262
6452;20tc613   A**;52;262
6453;20tc613g;52;262
6454;20tc615;52;262
6455;20tc620;52;262
6456;20tc621g.;52;262
6457;20tc627;52;262
6458;20tc630m;52;262
6459;20tc631;52;262
6460;20tc633;52;262
6461;20tc637;52;262
6462;20tc640;52;262
6463;20tc644;52;262
6464;20tc645;52;262
6465;20tc646;52;262
6466;20tc646  Ver.;52;262
6467;20tc649;52;262
6468;20tc650;52;262
6469;20tc655;52;262
6470;20tc660;52;262
6471;20tc661;52;262
6472;20tc662;52;262
6473;20tc671;52;262
6474;20tc672;52;262
6475;20tc674;52;262
6476;20tc676;52;262
6477;20tc685;52;262
6478;20tc688;52;262
6479;20tc693;52;262
6480;20tc693   A**;52;262
6481;20tc693d;52;262
6482;20tc697;52;262
6483;20tc697d;52;262
6484;20vn540;52;262
6485;21tc602;52;262
6486;21tc604;52;262
6487;21tc617;52;262
6488;21tc618;52;262
6489;21tc618  A**;52;262
6490;21tc620;52;262
6491;21tc621g;52;262
6492;21tc631;52;262
6493;21tc647;52;262
6494;21tc653f;52;262
6495;21tc655f;52;262
6496;21tc657;52;262
6497;21tc661;52;262
6498;21tc662;52;262
6499;21tc681;52;262
6500;21tc685;52;262
6501;25tc623;52;262
6502;25tc630;52;262
6503;25tc630  A**;52;262
6504;26lrlnn;52;262
6505;26rar;52;262
6506;26rl;52;262
6507;26tc648;52;262
6508;26tc648  A**;52;262
6509;26tc651;52;262
6510;26tc656c/rm;52;262
6511;27tc643;52;262
6512;29tc552f;52;262
6513;29tc614a;52;262
6514;29tc629;52;262
6515;29tc630;52;262
6516;29tc630  A**;52;262
6517;29tc642;52;262
6518;29tc649;52;262
6519;29tc654f;52;262
6520;29tc656f;52;262
6521;29tc658;52;262
6522;29tc699;52;262
6523;29tc699    A**;52;262
6524;29tc699n06px;52;262
6525;29tc699n06px  A**;52;262
6526;33tc634;52;262
6527;Cn3351;52;262
6528;Cn5051;52;262
6529;Cn7230w/n6px;52;262
6530;Cn7230w/n6px  A**;52;262
6531;Ecc 14201;52;262
6532;Ecc 20372;52;262
6533;Ecc 20400;52;262
6534;Ecc 20432;52;262
6535;Ecc 2607;52;262
6536;Ecc20349;52;262
6537;Ittnokiasat141;52;262
6538;Kenia;52;262
6539;Mod26';52;262
6540;Mod26''   A**;52;262
6541;Skd14rhrah;52;262
6542;Cn321;52;263
6543;Cn321   A**;52;263
6544;Cn540;52;263
6545;Cn540.  A**;52;263
6546;2b-f;52;264
6547;3712-os;52;264
6548;3721;52;264
6549;5121;52;264
6550;6197;52;264
6551;6362;52;264
6552;6381;52;264
6553;7152;52;264
6554;7162;52;264
6555;7163sat;52;264
6556;7165ee;52;264
6557;7181;52;264
6558;7182;52;264
6559;7295;52;264
6560;7296;52;264
6561;8182;52;264
6562;8296;52;264
6563;90┬║;52;264
6564;Db700;52;264
6565;Digital;52;264
6566;Mono-plus;52;264
6567;3031;52;266
6568;3035;52;266
6569;3135;52;266
6570;6300;52;266
6571;6300 A**;52;266
6572;7000;52;266
6573;7000  A**;52;266
6574;780536 A;52;266
6575;Chasisf8;52;266
6576;Color1400;52;266
6577;F 20-9;52;266
6578;F6tt;52;266
6579;Ff5;52;266
6580;Fss;52;266
6581;Icc 5115;52;266
6582;Icc 5116;52;266
6583;Prestige 72;52;266
6584;Prestige 72  A**;52;266
6585;T4632;52;266
6586;Aw2003;52;268
6587;5554;52;269
6588;Tv5573vt;52;269
6589;Tv7161;52;269
6590;14cwc;52;270
6591;14tyc;52;270
6592;20uyc.;52;270
6593;Dct2001m_;52;270
6594;Dth2047;52;270
6595;"F1129""";52;270
6596;Xt-7103;52;270
6597;Xt-7105;52;270
6598;Lfa14cr;52;271
6599;K-9115it;52;272
6600;K-9215it;52;272
6601;K-9315it;52;272
6602;K-9415it;52;272
6603;K-9515it;52;272
6604;K-9615it;52;272
6605;K-9715it;52;272
6606;K6821;52;272
6607;K9115;52;272
6608;37p115;52;273
6609;51m107;52;273
6610;55b106;52;273
6611;55b506;52;273
6612;55m107;52;273
6613;55m108;52;273
6614;63b502;52;273
6615;63b700;52;273
6616;63b701;52;273
6617;63m500;52;273
6618;63m501;52;273
6619;70b504;52;273
6620;70b750;52;273
6621;Ctv-145;52;273
6622;Ctv-2021fs;52;273
6623;Ctv-2024;52;273
6624;Ctv-2025;52;273
6625;Ctv-2026;52;273
6626;Ctv-2124fs;52;273
6627;Ctv-2131fs;52;273
6628;Ctv-2134;52;273
6629;Ctv-2135;52;273
6630;Ctv-2136;52;273
6631;Ctv-2137;52;273
6632;Ctv-2138;52;273
6633;Ctv-2139;52;273
6634;Ctv-21mt9a;52;273
6635;Ctv-2501;52;273
6636;Ctv-2502;52;273
6637;Ctv-25hd12/13;52;273
6638;Ctv-28hd12/13;52;273
6639;Ctv-28whd42;52;273
6640;Ctv-29whd52;52;273
6641;Ctv-32whd2011;52;273
6642;Ot-2010  Ver.1;52;274
6643;Ot-2010  Ver.2;52;274
6644;Ot-2010  Ver.3;52;274
6645;Ot-2010  Ver.4;52;274
6646;Ot-290;52;274
6647;Ot-2910;52;274
6648;14nv;52;275
6649;20jmkii;52;275
6650;21mt9a;52;275
6651;6325vt;52;275
6652;7000lx;52;275
6653;7028vt;52;275
6654;Color 517;52;275
6655;Ctv321;52;275
6656;Ctv325;52;275
6657;Ctv328;52;275
6658;Studio 709;52;275
6659;T20ms;52;275
6660;Triade 28;52;275
6661;Triade 34;52;275
6662;Tv1329;52;275
6663;Tv2050mk5;52;275
6664;P60g;52;277
6665;1 1007;52;278
6666;77014r;52;278
6667;77020r;52;278
6668;N1n;52;278
6669;M448t;52;279
6670;Ct330;52;281
6671;Ct337;52;281
6672;Ctv1400;52;281
6673;Ntg1300;52;281
6674;Sw 1;52;281
6675;Sw 2;52;281
6676;Sw 4;52;281
6677;Sw C3761;52;281
6678;Sw C3764;52;281
6679;Palb15'';52;282
6680;14lr3;52;284
6681;14pv100;52;284
6682;14pv200;52;284
6683;14s4tl;52;284
6684;20g6l;52;284
6685;21e1rte;52;284
6686;21gf10r;52;284
6687;21l3rte;52;284
6688;21s4tl;52;284
6689;21v50r;52;284
6690;28md4;52;284
6691;37tr216;52;284
6692;484-029h;52;284
6693;484-29j;52;284
6694;Ct-13r17b;52;284
6695;Ct-13r18b;52;284
6696;Ct-13r27b;52;284
6697;Ct-13r28b;52;284
6698;Ct-13r32e;52;284
6699;Ct-13r38b;52;284
6700;Ct-13r42e;52;284
6701;Ct-13r52e;52;284
6702;Ct-20d20b;52;284
6703;Ct-20r6e;52;284
6704;Ct-2158r;52;284
6705;Ct-25g6e;52;284
6706;Ct-27c8g;52;284
6707;Ct-27l8g;52;284
6708;Ct-32hx40b;52;284
6709;Ct-32sx31;52;284
6710;Ct-36hl44j;52;284
6711;Ct-36sx31e;52;284
6712;Ct-g2150r;52;284
6713;Ct-g2180m;52;284
6714;Ct-g2980p;52;284
6715;Ct-t14r;52;284
6716;Ct-z1423;52;284
6717;Ct1110a;52;284
6718;Ct1120;52;284
6719;Ct1475r;52;284
6720;Ct1475r   A**;52;284
6721;Ct2051;52;284
6722;Ct20r10;52;284
6723;Ct2161;52;284
6724;Ct4500;52;284
6725;Ct4500   A**;52;284
6726;Ct716;52;284
6727;Ct939;52;284
6728;Ctf-2077r;52;284
6729;Ctf1465r;52;284
6730;Ctf1465r    A**;52;284
6731;Ctf1465r    B**;52;284
6732;Ctf1495m;52;284
6733;Ctf2077r;52;284
6734;Ctf2077r  A**;52;284
6735;Ctf2077r  B**;52;284
6736;Ctf2077r  C**;52;284
6737;Ctg-1349r;52;284
6738;Ctg-2083;52;284
6739;Ctg-2085;52;284
6740;Ctg1349r;52;284
6741;Ctg1362r;52;284
6742;Ctg2083r;52;284
6743;Ctg2083r   A**;52;284
6744;Ctg2083r   B**;52;284
6745;Ctg2083r   C**;52;284
6746;Ctg2083r   D;52;284
6747;Ctg2085r;52;284
6748;Ctg2085r  A**;52;284
6749;Ctg2085r  B**;52;284
6750;Ctg2085r  C**;52;284
6751;Ctg2085r  D**;52;284
6752;Ctg2085rc;52;284
6753;Ctg2085rc  A**;52;284
6754;Ctg2085rc  B**;52;284
6755;Ctg2085rc  C**;52;284
6756;Ctg2157a;52;284
6757;Ctk1425.;52;284
6758;Ctl2061s;52;284
6759;Ctl2797s;52;284
6760;Ctl2797s    A**;52;284
6761;Ctm-2065s;52;284
6762;Ctm2042r;52;284
6763;Ctm2042r1;52;284
6764;Ctm2043r;52;284
6765;Ctm2043r1;52;284
6766;Ctm2052r;52;284
6767;Ctm2052r1;52;284
6768;Ctm2053;52;284
6769;Ctm2053r;52;284
6770;Ctm2053r1;52;284
6771;Ctm2061s;52;284
6772;Ctm2061s1;52;284
6773;Ctm2062s;52;284
6774;Ctm2062s1;52;284
6775;Ctm2066s;52;284
6776;Ctm2068s;52;284
6777;Ctm2078s;52;284
6778;Ctr1401mn;52;284
6779;Ctr14l1s1;52;284
6780;D14r;52;284
6781;Dnt2046;52;284
6782;Dth-2049v;52;284
6783;Kl21e1;52;284
6784;Kl21lr3p;52;284
6785;M16m;52;284
6786;Palb 15'';52;284
6787;Pc21v53r;52;284
6788;Pc21v66s;52;284
6789;Pc21v72s;52;284
6790;Pt-37p1;52;284
6791;Pt-42p1;52;284
6792;Pt-51d31;52;284
6793;Pt-51g36e;52;284
6794;Pt-56d30b;52;284
6795;Pt-56sx30b;52;284
6796;Pt-61d31;52;284
6797;Pt-61d33vg;52;284
6798;Pt-l501;52;284
6799;Pt-l511;52;284
6800;Pt-l701;52;284
6801;Pt-l711;52;284
6802;Pt-lc150;52;284
6803;Pt-lc50u;52;284
6804;Pt-lc56u;52;284
6805;Pt-lc76u;52;284
6806;Pt-m5133xg;52;284
6807;Pv-df2002;52;284
6808;Pv-m1320-k;52;284
6809;Pv-m1327;52;284
6810;Pv-m2020-k;52;284
6811;Pvm1328;52;284
6812;Pvm2021;52;284
6813;Pvm2023;52;284
6814;Pvm2730;52;284
6815;S1;52;284
6816;Sp2030ew1;52;284
6817;Sp2040ee;52;284
6818;Sp2725;52;284
6819;Sr400;52;284
6820;Sr400    A**;52;284
6821;Sr400ek;52;284
6822;Tc-1480m;52;284
6823;Tc-1485m;52;284
6824;Tc-14k1r;52;284
6825;Tc-15m2r;52;284
6826;Tc-15pm11rq;52;284
6827;Tc-2050nr;52;284
6828;Tc-2050nr   A**;52;284
6829;Tc-20g9a;52;284
6830;Tc-2150r/s;52;284
6831;Tc-2151m;52;284
6832;Tc-2155r/s;52;284
6833;Tc-2171ee;52;284
6834;Tc-2185tr;52;284
6835;Tc-21b3ee;52;284
6836;Tc-21e1r;52;284
6837;Tc-21k1r;52;284
6838;Tc-21r1l;52;284
6839;Tc-21s85rq;52;284
6840;Tc-2475ur;52;284
6841;Tc-26b3ee;52;284
6842;Tc-29a9a;52;284
6843;Tc-29as2;52;284
6844;Tc-29av1;52;284
6845;Tc-29g11a/p;52;284
6846;Tc-29g9a;52;284
6847;Tc-43p250;52;284
6848;Tc1410nr  A**;52;284
6849;Tc14s4tf;52;284
6850;Tc1767drs;52;284
6851;Tc203eu;52;284
6852;Tc203eu  A**;52;284
6853;Tc204ur;52;284
6854;Tc20c7a;52;284
6855;Tc20l3l;52;284
6856;Tc20l3l  A**;52;284
6857;Tc20s10;52;284
6858;Tc2140;52;284
6859;Tc2140   A**;52;284
6860;Tc2140nr   A**;52;284
6861;Tc2150a;52;284
6862;Tc2160ee;52;284
6863;Tc2171ee;52;284
6864;Tc21b3ee;52;284
6865;Tc21l1;52;284
6866;Tc21l1r   A**;52;284
6867;Tc21s4tf;52;284
6868;Tc261np;52;284
6869;Tc26l1px;52;284
6870;Tc26l1px  A**;52;284
6871;Tc29a4px;52;284
6872;Tc29a4px  A**;52;284
6873;Tc29v2l;52;284
6874;Tc29v2l  A**;52;284
6875;Tc29v30l;52;284
6876;Tc29v30l    A**;52;284
6877;Tc33a4r;52;284
6878;Tc33a4r   A**;52;284
6879;Tc33v2l;52;284
6880;Tc33v2l   A**;52;284
6881;Tc33v30l;52;284
6882;Tc33v30l    A**;52;284
6883;Tc33v30l    B**;52;284
6884;Tc48um;52;284
6885;Th-50pv30e;52;284
6886;Tp2020ew;52;284
6887;Tr-329b;52;284
6888;Tx-1421k2t;52;284
6889;Tx-14b3tf;52;284
6890;Tx-14c3;52;284
6891;Tx-14gv1f;52;284
6892;Tx-14jt1;52;284
6893;Tx-14k1t;52;284
6894;Tx-14k2;52;284
6895;Tx-15lv1;52;284
6896;Tx-21;52;284
6897;Tx-2150t;52;284
6898;Tx-21ap1;52;284
6899;Tx-21ck1p;52;284
6900;Tx-21gv1f;52;284
6901;Tx-21k2;52;284
6902;Tx-21md1;52;284
6903;Tx-21md1c;52;284
6904;Tx-21md4;52;284
6905;Tx-21sv1c;52;284
6906;Tx-21sv1c A*;52;284
6907;Tx-22lx2;52;284
6908;Tx-2471ur;52;284
6909;Tx-25a1dp;52;284
6910;Tx-25ad2p;52;284
6911;Tx-25ck1p;52;284
6912;Tx-25g1;52;284
6913;Tx-25md1c;52;284
6914;Tx-25md4;52;284
6915;Tx-25sl1f;52;284
6916;Tx-25t21;52;284
6917;Tx-25w3c;52;284
6918;Tx-25xd3p;52;284
6919;Tx-26lxd1;52;284
6920;Tx-28ck1p;52;284
6921;Tx-28md4;52;284
6922;Tx-28pk1l;52;284
6923;Tx-28sl1f;52;284
6924;Tx-28sl20c;52;284
6925;Tx-28w3c;52;284
6926;Tx-28xd2c;52;284
6927;Tx-28xd2f;52;284
6928;Tx-28xd3p;52;284
6929;Tx-28xdp2c;52;284
6930;Tx-28xdp2f;52;284
6931;Tx-29ad1dp;52;284
6932;Tx-29ad20c;52;284
6933;Tx-29ad2dp;52;284
6934;Tx-29ad3p;52;284
6935;Tx-29as1d;52;284
6936;Tx-29f150m;52;284
6937;Tx-29ps1;52;284
6938;Tx-29ps1d;52;284
6939;Tx-29ps62z;52;284
6940;Tx-2ad2p;52;284
6941;Tx-32lxd1;52;284
6942;Tx-32pf10;52;284
6943;Tx-32pk1l;52;284
6944;Tx-32pk20f;52;284
6945;Tx-32ps11p;52;284
6946;Tx-36pf10;52;284
6947;Tx-43p250;52;284
6948;Tx-47pt10;52;284
6949;Tx-g10;52;284
6950;Tx-w28d2dp;52;284
6951;Tx-w28d2f;52;284
6952;Tx-w32d2dp;52;284
6953;Tx14s3;52;284
6954;Tx2170t;52;284
6955;Tx21ad2;52;284
6956;Tx21md4;52;284
6957;Tx25ad2p;52;284
6958;Tx25ad3;52;284
6959;Tx25ld90f;52;284
6960;Tx25md4;52;284
6961;Tx28ld1e;52;284
6962;Tx28ld90f;52;284
6963;Tx28md4;52;284
6964;Tx28sld2e;52;284
6965;Tx28wg25c;52;284
6966;Tx29ad3p;52;284
6967;Tx90;52;284
6968;Txg100;52;284
6969;Txw28d4f;52;284
6970;Txw28d5f;52;284
6971;Txw28r4dp;52;284
6972;Txw28r4f;52;284
6973;Txw28r4l;52;284
6974;Txw32d2;52;284
6975;Txw32d2u;52;284
6976;Txw32d4dp;52;284
6977;Txw32d4f;52;284
6978;Txw32d5dpf;52;284
6979;Txw32d5f;52;284
6980;Ysp2140ee;52;284
6981;Ysp2221ee;52;284
6982;Ytp2121ee;52;284
6983;Dpf1446f;52;285
6984;Dpf2046;52;285
6985;Rc4020a;52;285
6986;1357;52;286
6987;1457;52;286
6988;1467_;52;286
6989;14kwc;52;286
6990;2037;52;286
6991;2057;52;286
6992;2067;52;286
6993;20kwc;52;286
6994;Daenix2004;52;286
6995;Dct-1437;52;286
6996;Dct2050m;52;286
6997;Dth-2037;52;286
6998;Dth2046;52;286
6999;Tlc2050;52;286
7000;Pa-2138;52;287
7001;Pa-2168;52;287
7002;Pa-2968;52;287
7003;Pa-2988;52;287
7004;Tvp-1423;52;287
7005;Tvp2013;52;287
7006;P-2069;52;288
7007;Ver._;52;289
7008;14t21n.;52;291
7009;Pns-37m12x38a;52;294
7010;92;52;296
7011;Sd-p5043-k;52;296
7012;Sd-p5043-k   A**;52;296
7013;Sd-p5043-k   C**;52;296
7014;Sd-p5043-k  B**;52;296
7015;Sd-p5047-q;52;296
7016;Sd-p5047-q  A**;52;296
7017;Sd-p5047-q  B**;52;296
7018;Sd-p5047-q  C**;52;296
7019;Sd4571kq;52;296
7020;Sdp5071kq;52;296
7021;Sdp5071kq  A**;52;296
7022;Sdp5071kq  B**;52;296
7023;378mn;52;297
7024;5382m;52;297
7025;11301;52;298
7026;20b19r;52;299
7027;F300;52;299
7028;Ptv1345rm;52;299
7029;"Ptv1345rms 13""";52;299
7030;Rc-4020 Pn;52;300
7031;1940;52;301
7032;2080;52;301
7033;Xt-5101;52;301
7034;Xt-5102;52;301
7035;1420r;52;303
7036;Nv-3200;52;303
7037;Tn-2800;52;303
7038;2908;52;305
7039;7296s;52;305
7040;Ptv-1498;52;305
7041;Sv1;52;306
7042;19''  Uhfvh;52;307
7043;Adts981;52;307
7044;Aedc177;52;307
7045;Agts973;52;307
7046;Ats942;52;307
7047;Cts942;52;307
7048;Gts981;52;307
7049;Gtsadts981;52;307
7050;Sp2030dw;52;307
7051;Ts942;52;307
7052;Ts963;52;307
7053;Tt4559sw;52;307
7054;Vv1213a;52;307
7055;Wp3822;52;307
7056;Wp5920;52;307
7057;Wp5921;52;307
7058;Wp5922;52;307
7059;Wt4255sw;52;307
7060;Yts942;52;307
7061;Tv7098;52;308
7062;Tv7100;52;308
7063;26 '';52;309
7064;Fiji20pul;52;309
7065;Palma20'';52;309
7066;Palma26pul;52;309
7067;R20pul;52;309
7068;R26pul;52;309
7069;R26pul  A**;52;309
7070;Ac6270;52;311
7071;Ac6370;52;311
7072;Ac6470;52;311
7073;T 23 A;52;311
7074;1480;52;313
7075;Ks-20;52;313
7076;R-2015;52;313
7077;R-2115;52;313
7078;Rs-1480  Ver.2;52;313
7079;Rs-2080;52;313
7080;Rs-2080  Ver.2;52;313
7081;Rs-2080  Ver.3;52;313
7082;Rs-2080  Ver.4;52;313
7083;13tvr70;52;314
7084;14ge00;52;314
7085;20200;52;314
7086;20200    A**;52;314
7087;20ge00;52;314
7088;21rt21 Chasis M123a;52;314
7089;25gc710;52;314
7090;25gc721;52;314
7091;25gc722;52;314
7092;25gc752;52;314
7093;25gt506;52;314
7094;25gt534;52;314
7095;25gt536;52;314
7096;25gt542;52;314
7097;27000;52;314
7098;27001;52;314
7099;27gc710;52;314
7100;27gc901;52;314
7101;27gc902;52;314
7102;27ge650;52;314
7103;27gt613;52;314
7104;27gt614;52;314
7105;27gt617;52;314
7106;27gt618;52;314
7107;29520;52;314
7108;29521;52;314
7109;2971;52;314
7110;29ge650;52;314
7111;31gt657;52;314
7112;31gt658;52;314
7113;33683;52;314
7114;33684;52;314
7115;33684m;52;314
7116;33ge691;52;314
7117;35gt681;52;314
7118;37683;52;314
7119;37684;52;314
7120;51;52;314
7121;Ar1400;52;314
7122;Ar2000;52;314
7123;Bl-52830;52;314
7124;Bl-61830;52;314
7125;Canada;52;314
7126;Chassis Ctc-187cj;52;314
7127;Ctc 176p;52;314
7128;Ctc-197;52;314
7129;Ctc10;52;314
7130;Ctc101;52;314
7131;Ctc108;52;314
7132;Ctc145/146;52;314
7133;Ctc169 Dv;52;314
7134;Ctc169 Dv    A**;52;314
7135;Ctc169 Dv    B**;52;314
7136;Ctc177;52;314
7137;Ctc46;52;314
7138;Ctc68;52;314
7139;Ctc78;52;314
7140;Ctc87;52;314
7141;Ctc97;52;314
7142;Ctc99;52;314
7143;Cve27510;52;314
7144;Cve29510;52;314
7145;E13159gf1;52;314
7146;E13164gmf1;52;314
7147;E13165wnf1;52;314
7148;E13167wnf1;52;314
7149;E13168ngf1;52;314
7150;E13169gm;52;314
7151;E13169gmc1;52;314
7152;E13169gmf1;52;314
7153;Ed332f;52;314
7154;Ed335w;52;314
7155;Ed339wr;52;314
7156;Ed393w;52;314
7157;Ed395w;52;314
7158;Ed397s;52;314
7159;Ed398wr;52;314
7160;Ed399wr;52;314
7161;F25163;52;314
7162;F25190;52;314
7163;F25190 1;52;314
7164;F25190sefe1;52;314
7165;F25251;52;314
7166;F25652;52;314
7167;F25671;52;314
7168;F25672;52;314
7169;F26051;52;314
7170;F26631;52;314
7171;F26633;52;314
7172;F26634;52;314
7173;F26671;52;314
7174;F26672;52;314
7175;F27150;52;314
7176;F27150 1;52;314
7177;F27150sefb1;52;314
7178;F27230;52;314
7179;F27351;52;314
7180;F27631;52;314
7181;F27634;52;314
7182;F27671;52;314
7183;F27672;52;314
7184;F27673;52;314
7185;F27700;52;314
7186;F277730;52;314
7187;F31631;52;314
7188;F31632;52;314
7189;F31671;52;314
7190;F31672;52;314
7191;F31700;52;314
7192;F32648yx53;52;314
7193;F35010;52;314
7194;F35672;52;314
7195;F35700;52;314
7196;F35730;52;314
7197;F35750;52;314
7198;Fb444w;52;314
7199;Fd425f;52;314
7200;Fd440m;52;314
7201;Fd443w;52;314
7202;Fd444w;52;314
7203;Fd445w;52;314
7204;Fd446w;52;314
7205;Fd447w;52;314
7206;Fd450w;52;314
7207;Fd466wr;52;314
7208;Fd468wr;52;314
7209;Fd469fr;52;314
7210;Fer450w;52;314
7211;Fer456w;52;314
7212;Fer457w;52;314
7213;G25180;52;314
7214;G25181;52;314
7215;G25189;52;314
7216;G25341;52;314
7217;G25681;52;314
7218;G26290;52;314
7219;G26291;52;314
7220;G26295;52;314
7221;G26299;52;314
7222;G26661;52;314
7223;G26682;52;314
7224;G26683;52;314
7225;G26685;52;314
7226;G26686;52;314
7227;G27201;52;314
7228;G27341;52;314
7229;G27342;52;314
7230;G27343;52;314
7231;G27344;52;314
7232;G27665;52;314
7233;G27666;52;314
7234;G27681;52;314
7235;G27683;52;314
7236;G27684;52;314
7237;G27685;52;314
7238;G27687;52;314
7239;G27688;52;314
7240;G27689;52;314
7241;G27750;52;314
7242;G31641;52;314
7243;G31642;52;314
7244;G31681;52;314
7245;G31750;52;314
7246;G35772;52;314
7247;G35800;52;314
7248;G35830;52;314
7249;G35850;52;314
7250;Ga625h;52;314
7251;Ga625s;52;314
7252;Ge29600;52;314
7253;Ge33681;52;314
7254;Gq729w;52;314
7255;Ja970w;52;314
7256;Kcs 168;52;314
7257;M27500;52;314
7258;M29500;52;314
7259;P42000s;52;314
7260;Pmv035;52;314
7261;Ps27108;52;314
7262;Ps27112;52;314
7263;Ps27122;52;314
7264;Ps27152;52;314
7265;Ps31122;52;314
7266;Ps35122;52;314
7267;Ps35152;52;314
7268;Pvm035;52;314
7269;Pvm35;52;314
7270;Rar-1480;52;314
7271;Rar-2080;52;314
7272;Rar-2090;52;314
7273;Rar-2180;52;314
7274;Rar-2180  Ver.2;52;314
7275;Rar-2190;52;314
7276;Rar-2939;52;314
7277;Rar-2980;52;314
7278;Rar1420_;52;314
7279;Rar1460m_;52;314
7280;Rar2010_;52;314
7281;Rar2050_;52;314
7282;Rar2060m_;52;314
7283;Rar2070_;52;314
7284;Rar2150_;52;314
7285;Rba1420_;52;314
7286;Rba2020_;52;314
7287;Rba27500;52;314
7288;Rba29550;52;314
7289;Rba33693;52;314
7290;Rba37693;52;314
7291;Rca27000;52;314
7292;Rca29520;52;314
7293;Rca33683;52;314
7294;Rca37683;52;314
7295;Sa20200;52;314
7296;Sa20200  A*;52;314
7297;Sa25000;52;314
7298;Sa25000  A*;52;314
7299;Tx91rar2010;52;314
7300;X25101;52;314
7301;Xl100;52;314
7302;20gt600f01;52;315
7303;20gt602f01;52;315
7304;20gt604f01;52;315
7305;26gc460m01;52;315
7306;26gc630m01;52;315
7307;26gc631m01;52;315
7308;26gc632m01;52;315
7309;26gt640f01;52;315
7310;26gt642f01;52;315
7311;Ctc169cf2;52;315
7312;F20550akf01;52;315
7313;F26030wnf01;52;315
7314;F26041dgf01;52;315
7315;F26043mkf01;52;315
7316;F27159wnf01;52;315
7317;G26231tnm01;52;315
7318;G26233tnm01;52;315
7319;G26235pnp01;52;315
7320;G26239tkm01;52;315
7321;J20200akn01;52;315
7322;J20525dwn01;52;315
7323;J26200dwf01;52;315
7324;X26001ebf01;52;315
7325;X26005ebf01;52;315
7326;X26007wnf01;52;315
7327;Mod20''t;52;316
7328;Mod20''t  A**;52;316
7329;Rc-4029;52;316
7330;R-20k;52;318
7331;R-20k  Ver.2;52;318
7332;Kit Korean;52;319
7333;Kit Koreano;52;319
7334;Ctv;52;321
7335;Ctv5501;52;321
7336;Tlv-1491xk;52;321
7337;2051;52;322
7338;20rt;52;322
7339;"Tvc14""/20""";52;324
7340;Xt-2079;52;325
7341;14c/rm;52;326
7342;14s/rm;52;326
7343;20 Sr;52;326
7344;20c/rm;52;326
7345;67;52;326
7346;72gf-66a;52;326
7347;C55/63/70r;52;326
7348;C55/63/70r5pa;52;326
7349;C55/63/70r5pa   *;52;326
7350;C5563-70r5pa;52;326
7351;C5563-70r5pa     A*;52;326
7352;Ff069;52;326
7353;Ff078;52;326
7354;Ff078    A**;52;326
7355;Ff097;52;326
7356;Ff105;52;326
7357;Ff105    A**;52;326
7358;Ff117;52;326
7359;Ff119;52;326
7360;Ff120;52;326
7361;Ff191;52;326
7362;Ff191/192;52;326
7363;Ff191/192   A**;52;326
7364;Ff212;52;326
7365;Ff212     A**;52;326
7366;Ff212c/rm;52;326
7367;Ff213;52;326
7368;Ff213   A**;52;326
7369;Ff213c/rm;52;326
7370;Ff214;52;326
7371;Ff214   A**;52;326
7372;Ff214c/rm;52;326
7373;Ff331;52;326
7374;Ff331m5512;52;326
7375;Ff331t5501;52;326
7376;Ff521;52;326
7377;Ff546;52;326
7378;Ff546/7/8/521;52;326
7379;Ff547;52;326
7380;Ff548;52;326
7381;Ff69;52;326
7382;Ff75;52;326
7383;Ff78a;52;326
7384;Ff81;52;326
7385;Ff97;52;326
7386;Ff98;52;326
7387;Icc9;52;326
7388;Icc9     A**;52;326
7389;Icc9     B**;52;326
7390;M3676gc;52;326
7391;M3709;52;326
7392;M37k10;52;326
7393;M4007;52;326
7394;M4209;52;326
7395;M5109vt;52;326
7396;M5176hct;52;326
7397;M5576hct;52;326
7398;Mod14''c/remoto;52;326
7399;Mod14''c/remoto  A**;52;326
7400;Mod14''s/remoto;52;326
7401;Mod20'' S;52;326
7402;Mod20''c/remoto;52;326
7403;Mod20''c/remoto   A*;52;326
7404;P37q50;52;326
7405;Pro6773;52;326
7406;Pro6773    A**;52;326
7407;T5122cm;52;326
7408;T5158;52;326
7409;T5160cm;52;326
7410;T5620cm;52;326
7411;T5658cm;52;326
7412;T56r50;52;326
7413;T6345;52;326
7414;T6759cm;52;326
7415;T6789132cm;52;326
7416;T67r40;52;326
7417;T67r50;52;326
7418;T7045;52;326
7419;T7607r;52;326
7420;T7609r;52;326
7421;T8516r;52;326
7422;Tc 3605;52;326
7423;Ultracolor;52;326
7424;Ultracolor     A**;52;326
7425;"14 Y 19""";52;327
7426;Skr-7sjg21;52;328
7427;1453;52;329
7428;14l10;52;329
7429;14l17;52;329
7430;15l30;52;329
7431;15l30/15l3;52;329
7432;15l37;52;329
7433;1a5q;52;329
7434;1aq5;52;329
7435;1c3j;52;329
7436;1c4;52;329
7437;1c4   A**;52;329
7438;1c5;52;329
7439;1c5j;52;329
7440;1c8;52;329
7441;1c8  A**;52;329
7442;1c8/1c4;52;329
7443;1e0;52;329
7444;1e4;52;329
7445;1e8;52;329
7446;1f0;52;329
7447;1f0   A*;52;329
7448;1f1;52;329
7449;1f3;52;329
7450;1f3   A**;52;329
7451;1f3c;52;329
7452;1f4;52;329
7453;1f4  A**;52;329
7454;1f6;52;329
7455;1f6 A **;52;329
7456;1f8;52;329
7457;1f8  A**;52;329
7458;1g2;52;329
7459;1g2 A**;52;329
7460;1g3;52;329
7461;1g3 A**;52;329
7462;1g5;52;329
7463;1g5  A**;52;329
7464;1g6;52;329
7465;1g6/1g9;52;329
7466;1g9;52;329
7467;20k30;52;329
7468;20k30   A**;52;329
7469;20k30   B**;52;329
7470;20k37;52;329
7471;20l30;52;329
7472;20l37;52;329
7473;21m60;52;329
7474;21m60   A**;52;329
7475;21m60   B**;52;329
7476;21m60   C**;52;329
7477;21m60   D**;52;329
7478;21m80;52;329
7479;21m80  A**;52;329
7480;21m80  B**;52;329
7481;21m80  C**;52;329
7482;21m80  D**;52;329
7483;21m90;52;329
7484;21m90   A**;52;329
7485;21m90   B**;52;329
7486;21m90   C**;52;329
7487;21m90   D**;52;329
7488;21n6;52;329
7489;21t6;52;329
7490;22k30   A**;52;329
7491;22k30   B**;52;329
7492;22k37;52;329
7493;22k37   A**;52;329
7494;22k37   B**;52;329
7495;22l30;52;329
7496;22l37;52;329
7497;24m60;52;329
7498;24m60   A**;52;329
7499;24m60   B**;52;329
7500;24m60   C**;52;329
7501;24m60   D**;52;329
7502;24m80;52;329
7503;24m80    A**;52;329
7504;24m80    B**;52;329
7505;24m80    C**;52;329
7506;24m80    D**;52;329
7507;24m90;52;329
7508;24m90    A**;52;329
7509;24m90    B**;52;329
7510;24m90    C**;52;329
7511;24m90    D**;52;329
7512;25n6;52;329
7513;25t6;52;329
7514;26k30   B**;52;329
7515;26k30  A**;52;329
7516;26k37;52;329
7517;26l30;52;329
7518;26l37;52;329
7519;28m80;52;329
7520;28m80   A**;52;329
7521;28m80   B**;52;329
7522;28m80   C**;52;329
7523;28m80   D**;52;329
7524;28m90;52;329
7525;28m90    A**;52;329
7526;28m90    C**;52;329
7527;28m90    D**;52;329
7528;28m90   B**;52;329
7529;36l30;52;329
7530;K6821_;52;329
7531;K1301n;52;330
7532;Sn13a;52;331
7533;Ct-2033br;52;332
7534;2014;52;333
7535;3762;52;333
7536;Ct508rv;52;333
7537;Ts-0114;52;333
7538;Ts-0420s;52;333
7539;Ts-0427s;52;333
7540;Ts-4114;52;333
7541;Ts-4120;52;333
7542;Ts-4421s;52;333
7543;Ts4129s;52;333
7544;Tvg4545ls;52;333
7545;Tvr-1414;52;333
7546;Tvr-1416;52;333
7547;Tvr-2011;52;333
7548;Tvr-2016;52;333
7549;Tvr-2026;52;333
7550;Tvr-2116;52;333
7551;Tvr-2117;52;333
7552;Tvr-2919s;52;333
7553;Tvr1414;52;333
7554;Tvr1418_;52;333
7555;Tvr2011;52;333
7556;Tvr2012;52;333
7557;Tvr2014;52;333
7558;Tvr2018_;52;333
7559;Tvr2019;52;333
7560;Tvr2024;52;333
7561;146913mn;52;335
7562;146913mn   A**;52;335
7563;Aw2003_;52;335
7564;K6821mn2;52;335
7565;K6821mn_;52;335
7566;K6913(mn;52;335
7567;K6913mn_;52;335
7568;Ctvg5454lst;52;336
7569;Sw-c3761_;52;336
7570;Sw-c3762_;52;336
7571;Sw-c3764_;52;336
7572;3301/3301;52;337
7573;3301oscar;52;337
7574;3401/3401;52;337
7575;3401oscar;52;337
7576;3621/3621sk;52;337
7577;3621/3621sk     A**;52;337
7578;Ic3621;52;337
7579;Ic3621sk;52;337
7580;Sl220;52;337
7581;D;52;339
7582;Dd;52;339
7583;Linux;52;339
7584;Nvm;52;339
7585;626554541;52;340
7586;626554546;52;340
7587;626554552;52;340
7588;Ct2500;52;341
7589;Ct2551;52;341
7590;St5196vt;52;341
7591;14p36a;52;342
7592;Cn336z;52;342
7593;P36b;52;342
7594;Stc20  A**;52;342
7595;Stc20c/cr;52;342
7596;Stc20r;52;342
7597;Trc14pul;52;342
7598;Bs688;52;343
7599;Bs740;52;343
7600;Bs950;52;343
7601;30;52;344
7602;60pr100;52;344
7603;Bs-665.3 90;52;344
7604;Bs-665.3 90  A**;52;344
7605;Tv26;52;345
7606;Tv26  A**;52;345
7607;14itc;52;346
7608;16itc;52;346
7609;17max;52;346
7610;20itc;52;346
7611;Ts201;52;346
7612;Tvc10il;52;346
7613;147/167/20;52;347
7614;14il;52;347
7615;14il A**;52;347
7616;14max;52;347
7617;16il;52;347
7618;16il A**;52;347
7619;20dl;52;347
7620;20i;52;347
7621;20idl;52;347
7622;20idl A**;52;347
7623;20max;52;347
7624;Ts141/2;52;347
7625;Ts141a;52;347
7626;Ts141etcra;52;347
7627;Ts142a;52;347
7628;Ts142et;52;347
7629;Ts142etua;52;347
7630;Ts147;52;347
7631;Ts147cr;52;347
7632;Ts161a;52;347
7633;Ts161et;52;347
7634;Ts167;52;347
7635;Ts167cr;52;347
7636;Ts201a;52;347
7637;Ts201b;52;347
7638;Ts201bx;52;347
7639;Ts202 Et;52;347
7640;Ts202a;52;347
7641;Ts202et;52;347
7642;Ts202etx;52;347
7643;Ts204a/u;52;347
7644;Ts204etu;52;347
7645;Ts207;52;347
7646;Ts207cr;52;347
7647;Tv1456m;52;347
7648;Tv1457m/s;52;347
7649;Tv1458s;52;347
7650;Tv1459st;52;347
7651;Tv1466su/mu;52;347
7652;Tv14t;52;347
7653;Tv17t;52;347
7654;Tv2056m;52;347
7655;Tv2057m/s;52;347
7656;Tv2058s;52;347
7657;Tv2066mu/su;52;347
7658;Tv2067;52;347
7659;Tv2080m;52;347
7660;Tv20pul;52;347
7661;Tv2175su;52;347
7662;Tv24t;52;347
7663;Tvc 6;52;347
7664;Tvc-10;52;347
7665;Tvc100;52;347
7666;Tvc140;52;347
7667;Tvc14il;52;347
7668;Tvc14itc;52;347
7669;Tvc16;52;347
7670;Tvc160u;52;347
7671;Tvc16il;52;347
7672;Tvc16itc;52;347
7673;Tvc17;52;347
7674;Tvc200;52;347
7675;Tvc200u;52;347
7676;Tvc20ild;52;347
7677;Tvc20ildc;52;347
7678;Tvc20itc;52;347
7679;Tvc20itcc;52;347
7680;Tvc20ld;52;347
7681;Tvc20t;52;347
7682;Tvc6;52;347
7683;1910r;52;350
7684;Cp1421;52;350
7685;Cp1421   A**;52;350
7686;M-1910r;52;350
7687;M-1910r  A**;52;350
7688;N 76;52;350
7689;2930;52;352
7690;Cnt9522b.;52;352
7691;Cnz9522;52;352
7692;Lcg-14ga1;52;352
7693;Sd  St;52;352
7694;Sd-1420;52;352
7695;Sd-1430;52;352
7696;Sd-1440;52;352
7697;Sd-14lg  Ver.1;52;352
7698;Sd-14lg  Ver.2;52;352
7699;Sd-2030;52;352
7700;Sd-2040;52;352
7701;Sd-2040ad;52;352
7702;Sd-20c1;52;352
7703;Sd-20c2;52;352
7704;Sd-20c2dp;52;352
7705;Sd-20c3;52;352
7706;Sd-20c4;52;352
7707;Sd-20lg  Ver.2;52;352
7708;Sd-20x2c/atl;52;352
7709;Sd-20z2  Ver.1;52;352
7710;Sd-2140st;52;352
7711;Sd-2140st  Ver.2;52;352
7712;Sd-21d1;52;352
7713;Sd-21d2;52;352
7714;Sd-21d3;52;352
7715;Sd-21d4;52;352
7716;Sd-21lg;52;352
7717;Sd-25z3;52;352
7718;Sd-2930;52;352
7719;Sd-2940;52;352
7720;Sd-2940st Ver.2;52;352
7721;Sd-29c3;52;352
7722;Sd-29z3;52;352
7723;Sd1440;52;352
7724;Sd2040;52;352
7725;Sd20z3;52;352
7726;Sd2130;52;352
7727;Sd2140st;52;352
7728;Sd2140st  A**;52;352
7729;Sd24c4;52;352
7730;Sd9522b.;52;352
7731;520rc;52;353
7732;/g;52;354
7733;10cb10e/r/g/p/b;52;354
7734;10pk1h;52;354
7735;12m13by;52;354
7736;12m15b;52;354
7737;12m18b;52;354
7738;12m212c;52;354
7739;12pl1r;52;354
7740;12pl2ur;52;354
7741;137lm;52;354
7742;13a29;52;354
7743;13a3;52;354
7744;13a31;52;354
7745;13am100;52;354
7746;13am150;52;354
7747;13b36;52;354
7748;13d38;52;354
7749;13e75;52;354
7750;13g-m60;52;354
7751;13vtc;52;354
7752;13vth100;52;354
7753;13vth150;52;354
7754;13vth60;52;354
7755;1420;52;354
7756;14b-sc 20bsc;52;354
7757;14b-sc28a 29;52;354
7758;14cb11e/r;52;354
7759;14cb12e/r;52;354
7760;14cc1f/r/w;52;354
7761;14ccif/r;52;354
7762;14cd30;52;354
7763;14cd30  A**;52;354
7764;14cd31;52;354
7765;14cf1r;52;354
7766;14cf1r  A**;52;354
7767;14cf1r/g/e;52;354
7768;14cfir/g/e;52;354
7769;14cm2f;52;354
7770;14cn10e;52;354
7771;14cn10e/d;52;354
7772;14cn10e/d  A**;52;354
7773;14cs1f;52;354
7774;14cs1f  A**;52;354
7775;14cs1f/r/y;52;354
7776;14cs2f/r;52;354
7777;14csif/r;52;354
7778;14kv465;52;354
7779;14m111c;52;354
7780;14m112c;52;354
7781;14m114c;52;354
7782;14n51e1;52;354
7783;14n51e1    A**;52;354
7784;16cb12e;52;354
7785;16cb12e  A**;52;354
7786;16cb12e/r;52;354
7787;16cs1f;52;354
7788;16csif;52;354
7789;17d50;52;354
7790;17d50     A**;52;354
7791;17d50     B**;52;354
7792;18cd13e;52;354
7793;18cd13e  A**;52;354
7794;18cs3;52;354
7795;19am100;52;354
7796;19am150;52;354
7797;19b62b;52;354
7798;19c1f/w;52;354
7799;19cc1f;52;354
7800;19ccif/w;52;354
7801;19cd11e/m;52;354
7802;19cdiie/m;52;354
7803;19cm1;52;354
7804;19cm1    A**;52;354
7805;19cm11f/m;52;354
7806;19cm1f/m;52;354
7807;19cmif/m;52;354
7808;19cmiif/m;52;354
7809;19cn10e;52;354
7810;19cn10e  A**;52;354
7811;19cn10e  B**;52;354
7812;19cs1e/m;52;354
7813;19csie/m;52;354
7814;19d80a;52;354
7815;19e39;52;354
7816;19e75;52;354
7817;19e75usa;52;354
7818;19lp56;52;354
7819;2009y;52;354
7820;2093;52;354
7821;20a1;52;354
7822;20am100;52;354
7823;20am120;52;354
7824;20b-sc;52;354
7825;20c71az;52;354
7826;20cs3;52;354
7827;20m202c;52;354
7828;20mn10hw;52;354
7829;20rv719;52;354
7830;20rv749;52;354
7831;20rv79;52;354
7832;20rv79/719/729;52;354
7833;20sb55;52;354
7834;21ag1;52;354
7835;21cg1e;52;354
7836;21cg1e   A**;52;354
7837;21cg1e/h;52;354
7838;21cg1e/h  A**;52;354
7839;21cgie/h;52;354
7840;21cl1;52;354
7841;21cli;52;354
7842;21cm11f/m;52;354
7843;21cm1f/m;52;354
7844;21cm20e;52;354
7845;21cm20e   A**;52;354
7846;21cm20e   B**;52;354
7847;21cm20e/m;52;354
7848;21cmif/m;52;354
7849;21cmiif/m;52;354
7850;21cn10e;52;354
7851;21cn10e   A**;52;354
7852;21cn10e  B***;52;354
7853;21d-ck1;52;354
7854;21fn1;52;354
7855;25am100;52;354
7856;25am120;52;354
7857;25fs100;52;354
7858;25lc156;52;354
7859;25lt56;52;354
7860;26cs1e;52;354
7861;26cs1e/m;52;354
7862;26csie;52;354
7863;27j-s100;52;354
7864;27j-s180;52;354
7865;27j-s260;52;354
7866;27n-s300;52;354
7867;27s30;52;354
7868;27sv65;52;354
7869;28js-74s;52;354
7870;28jw-74h;52;354
7871;28jw-76e;52;354
7872;31vx-h2000/c;52;354
7873;31vx-h2000/c  A*;52;354
7874;31vx-h2000/c  B*;52;354
7875;32hw-57e;52;354
7876;32jw-76e;52;354
7877;35vx-h2000/c;52;354
7878;35vx-h2000/c_  A*;52;354
7879;35vx-h2000/c_  B*;52;354
7880;37am-23h;52;354
7881;37am12sc;52;354
7882;37dt-25h;52;354
7883;37go-20fp;52;354
7884;37go-20h;52;354
7885;37go-20s;52;354
7886;37go-215;52;354
7887;37gp-20s;52;354
7888;37vt-26h;52;354
7889;5196;52;354
7890;51at-155;52;354
7891;51dt-25h;52;354
7892;51fs-51 Ir;52;354
7893;54at-15sc;52;354
7894;54at-16sc;52;354
7895;54at15;52;354
7896;54cs05s;52;354
7897;54dt-25sc;52;354
7898;54ft-16s;52;354
7899;56fw86;52;354
7900;59ds-03h;52;354
7901;59esd7h;52;354
7902;63c5-055;52;354
7903;63cs-05s;52;354
7904;63cs03s;52;354
7905;63ds-03h;52;354
7906;63ds-03sc;52;354
7907;66ds-05h;52;354
7908;66ds05;52;354
7909;66dw-18h;52;354
7910;66es-05h;52;354
7911;70cs-05s;52;354
7912;70cs03s;52;354
7913;70ds-01fp;52;354
7914;70ds-03sc;52;354
7915;70ds-15s;52;354
7916;70dw15;52;354
7917;70es-04;52;354
7918;70es-04sc;52;354
7919;70es-145;52;354
7920;70es-14s;52;354
7921;70es-165;52;354
7922;70es-16s;52;354
7923;70gs-61s;52;354
7924;70gs-64s;52;354
7925;72gf66;52;354
7926;76fw-53h;52;354
7927;9c48z;52;354
7928;9h100;52;354
7929;C-1480sp;52;354
7930;C-1499y;52;354
7931;C-2000-y;52;354
7932;C-2010y;52;354
7933;C-2060y;52;354
7934;C-2072y;52;354
7935;C-2072y  Ver.2;52;354
7936;C-2121;52;354
7937;C-2182y;52;354
7938;C-2182y  Ver.2;52;354
7939;C-2982y;52;354
7940;C-3520y;52;354
7941;C-3796y;52;354
7942;C1400y;52;354
7943;C1401;52;354
7944;C1401a;52;354
7945;C1402g/1604g;52;354
7946;C1405y;52;354
7947;C1453y;52;354
7948;C146x;52;354
7949;C1484a;52;354
7950;C1495y;52;354
7951;C1496y;52;354
7952;C1497y;52;354
7953;C1498y;52;354
7954;C1499y  A**;52;354
7955;C16/2051y;52;354
7956;C1600y;52;354
7957;C1601a;52;354
7958;C1601b  A**;52;354
7959;C1602a;52;354
7960;C1602a  A**;52;354
7961;C1650y;52;354
7962;C1651y;52;354
7963;C1651y  A**;52;354
7964;C1652y;52;354
7965;C1652y  A**;52;354
7966;C1692;52;354
7967;C1696y;52;354
7968;C2000y;52;354
7969;C2001;52;354
7970;C2001a;52;354
7971;C2001a  A**;52;354
7972;C2001y;52;354
7973;C2002;52;354
7974;C2002a;52;354
7975;C2002a  A**;52;354
7976;C2002y;52;354
7977;C2003;52;354
7978;C2003a;52;354
7979;C2003y;52;354
7980;C2006a;52;354
7981;C2008a;52;354
7982;C2008a  A**;52;354
7983;C2008a  B**;52;354
7984;C2008y;52;354
7985;C2009y;52;354
7986;C2010y;52;354
7987;C2012y;52;354
7988;C2016y;52;354
7989;C2019y;52;354
7990;C2020j;52;354
7991;C2021y;52;354
7992;C2022 Y Digit;52;354
7993;C2022y;52;354
7994;C2027y;52;354
7995;C2027y  A**;52;354
7996;C2050y;52;354
7997;C2050y  A**;52;354
7998;C2051y;52;354
7999;C2051y   A***;52;354
8000;C2060y;52;354
8001;C2060y  A**;52;354
8002;C2070y;52;354
8003;C2085y;52;354
8004;C2085y   A**;52;354
8005;C2091g;52;354
8006;C2092b;52;354
8007;C2092y;52;354
8008;C2092y  A**;52;354
8009;C2093y;52;354
8010;C2096y;52;354
8011;C2097y;52;354
8012;C2098y;52;354
8013;C2098y  A**;52;354
8014;C2172y;52;354
8015;C2182y.;52;354
8016;C2800y;52;354
8017;C2800y  A**;52;354
8018;C3020y;52;354
8019;C3020y  A**;52;354
8020;C3730;52;354
8021;C3796sn;52;354
8022;C7015s;52;354
8023;Ci602a;52;354
8024;Ci602a     A**;52;354
8025;Cj27s10;52;354
8026;Cj27s26;52;354
8027;Cm2000b;52;354
8028;Cn27s30;52;354
8029;Ct1001r;52;354
8030;Ct1002r/g;52;354
8031;Ct1080;52;354
8032;Ct1080m;52;354
8033;Ct1403;52;354
8034;Ct1404r;52;354
8035;Ct1405m;52;354
8036;Ct1407e;52;354
8037;Ct1407f;52;354
8038;Ct1408r;52;354
8039;Ct1409a;52;354
8040;Ct1409r;52;354
8041;Ct1411a;52;354
8042;Ct1411r/e;52;354
8043;Ct1412a;52;354
8044;Ct1412d/g;52;354
8045;Ct1412r/w;52;354
8046;Ct1413r/e;52;354
8047;Ct14141e;52;354
8048;Ct1415r/w;52;354
8049;Ct1417m;52;354
8050;Ct1418e;52;354
8051;Ct1419m;52;354
8052;Ct1420e/r;52;354
8053;Ct1420r;52;354
8054;Ct1421m;52;354
8055;Ct1422r;52;354
8056;Ct1423;52;354
8057;Ct1423a;52;354
8058;Ct1424r/g;52;354
8059;Ct1425r/g;52;354
8060;Ct1426r/m;52;354
8061;Ct1427r;52;354
8062;Ct1427r/e;52;354
8063;Ct1428e;52;354
8064;Ct1429;52;354
8065;Ct1430e;52;354
8066;Ct1432r;52;354
8067;Ct1433r;52;354
8068;Ct1434e;52;354
8069;Ct1435a;52;354
8070;Ct1435e;52;354
8071;Ct1436m;52;354
8072;Ct1436n;52;354
8073;Ct1437r;52;354
8074;Ct1438r;52;354
8075;Ct1440b;52;354
8076;Ct1441w;52;354
8077;Ct1443e;52;354
8078;Ct1444e;52;354
8079;Ct1445e;52;354
8080;Ct1448e;52;354
8081;Ct1450b;52;354
8082;Ct1453e;52;354
8083;Ct1455e;52;354
8084;Ct1456m;52;354
8085;Ct1457r;52;354
8086;Ct1458r;52;354
8087;Ct1461r/w;52;354
8088;Ct1470r;52;354
8089;Ct1471e;52;354
8090;Ct1475e;52;354
8091;Ct1476r;52;354
8092;Ct1477r;52;354
8093;Ct1480e;52;354
8094;Ct1483e;52;354
8095;Ct1486e;52;354
8096;Ct1490e;52;354
8097;Ct1493e;52;354
8098;Ct1495e;52;354
8099;Ct1496e;52;354
8100;Ct1602e/r;52;354
8101;Ct1603;52;354
8102;Ct1603e;52;354
8103;Ct1604;52;354
8104;Ct1604a;52;354
8105;Ct1604b;52;354
8106;Ct1605;52;354
8107;Ct1606;52;354
8108;Ct1634e;52;354
8109;Ct1634r;52;354
8110;Ct1680;52;354
8111;Ct1683e;52;354
8112;Ct1686e;52;354
8113;Ct1691a;52;354
8114;Ct1691e;52;354
8115;Ct1696e;52;354
8116;Ct1803x;52;354
8117;Ct1804x;52;354
8118;Ct1805;52;354
8119;Ct1807;52;354
8120;Ct1807b;52;354
8121;Ct1809;52;354
8122;Ct1812;52;354
8123;Ct1814;52;354
8124;Ct1815;52;354
8125;Ct1816;52;354
8126;Ct1816a;52;354
8127;Ct1817;52;354
8128;Ct1818v;52;354
8129;Ct1819;52;354
8130;Ct1819a;52;354
8131;Ct1820e;52;354
8132;Ct1840e;52;354
8133;Ct1841e;52;354
8134;Ct1873;52;354
8135;Ct1874;52;354
8136;Ct1880m/e;52;354
8137;Ct1881;52;354
8138;Ct1882;52;354
8139;Ct1882a;52;354
8140;Ct1883e/m;52;354
8141;Ct1884;52;354
8142;Ct1884a;52;354
8143;Ct1886e;52;354
8144;Ct1887;52;354
8145;Ct1887e;52;354
8146;Ct1890e;52;354
8147;Ct1892;52;354
8148;Ct1894;52;354
8149;Ct1895e;52;354
8150;Ct1896e;52;354
8151;Ct1897;52;354
8152;Ct2003a;52;354
8153;Ct2005a;52;354
8154;Ct2006;52;354
8155;Ct2007;52;354
8156;Ct2008;52;354
8157;Ct2009;52;354
8158;Ct2010;52;354
8159;Ct2080;52;354
8160;Ct2080a;52;354
8161;Ct2081;52;354
8162;Ct2081z;52;354
8163;Ct2082;52;354
8164;Ct2082e;52;354
8165;Ct2083;52;354
8166;Ct2084;52;354
8167;Ct2084a;52;354
8168;Ct2085v;52;354
8169;Ct2086e;52;354
8170;Ct2087;52;354
8171;Ct2088;52;354
8172;Ct2089v;52;354
8173;Ct2090e;52;354
8174;Ct2091a;52;354
8175;Ct2091e;52;354
8176;Ct2094;52;354
8177;Ct2095e;52;354
8178;Ct2096e;52;354
8179;Ct2097;52;354
8180;Ct2201;52;354
8181;Ct2601;52;354
8182;Ct2601a;52;354
8183;Ct2602x;52;354
8184;Ct2691e;52;354
8185;Ct5001;52;354
8186;Ct6001;52;354
8187;Ct6001k;52;354
8188;Ct6002;52;354
8189;Ct6003;52;354
8190;Cv-2031s;52;354
8191;Cv-2121;52;354
8192;Cv2121g1;52;354
8193;Cv2121s1;52;354
8194;Cx-4847;52;354
8195;Cx-48k4;52;354
8196;Cx-59e5;52;354
8197;Cz800ds;52;354
8198;Dv-2073s;52;354
8199;Dv-2120;52;354
8200;Dv-25073s;52;354
8201;Dv-2807es;52;354
8202;Dv-5101h;52;354
8203;Dv-5103h;52;354
8204;Dv-5107h;52;354
8205;Dv-5131h;52;354
8206;Dv-5145;52;354
8207;Dv-5150h;52;354
8208;Dv-5401;52;354
8209;Dv-5401fp;52;354
8210;Dv-5450fp;52;354
8211;Dv-5903h;52;354
8212;Dv-5935h;52;354
8213;Dv-593h;52;354
8214;Dv-6332s;52;354
8215;Dv-6345;52;354
8216;Dv-6603h;52;354
8217;Dv-6635h;52;354
8218;Dv-7045;52;354
8219;Dv1400/6;52;354
8220;Dv1400/6   A**;52;354
8221;Dv1400g;52;354
8222;Dv1400sn;52;354
8223;Dv1406sn;52;354
8224;Dv1600g;52;354
8225;Dv2100g;52;354
8226;Dv2100g    A**;52;354
8227;Dv21081;52;354
8228;Dv25073;52;354
8229;Dv28073;52;354
8230;K1414r;52;354
8231;Kenia2014;52;354
8232;Lc-13s1e;52;354
8233;Lc-15s1e;52;354
8234;Lc-20a2e;52;354
8235;Lc-37hv4e;52;354
8236;M120;52;354
8237;Pg-b105;52;354
8238;St2000b;52;354
8239;Stv8223a;52;354
8240;Sv-2153scn;52;354
8241;Sv-2188;52;354
8242;Sv-2189h;52;354
8243;Sv-2588;52;354
8244;Sv-2589h;52;354
8245;Sv-2888;52;354
8246;Sv-2889h;52;354
8247;Sx-68js10s;52;354
8248;Sx-80h9;52;354
8249;Tvc1402g;52;354
8250;Tvc1404a;52;354
8251;Tvc1410;52;354
8252;Tvc1410/2010b;52;354
8253;Tvc1425a;52;354
8254;Tvc1426/30h;52;354
8255;Tvc1426b;52;354
8256;Tvc1426h;52;354
8257;Tvc1430a;52;354
8258;Tvc1430h;52;354
8259;Tvc1450;52;354
8260;Tvc1450/2050b;52;354
8261;Tvc1450/2050b    A**;52;354
8262;Tvc1460/1660b;52;354
8263;Tvc1460b;52;354
8264;Tvc1465b/h;52;354
8265;Tvc1465h/b;52;354
8266;Tvc1480a;52;354
8267;Tvc1484;52;354
8268;Tvc1487b;52;354
8269;Tvc1490a/h;52;354
8270;Tvc1492;52;354
8271;Tvc1492b;52;354
8272;Tvc1604g;52;354
8273;Tvc1615a;52;354
8274;Tvc1616a;52;354
8275;Tvc1625a;52;354
8276;Tvc1626b/h;52;354
8277;Tvc1630a/h;52;354
8278;Tvc1660b;52;354
8279;Tvc1665b;52;354
8280;Tvc1665h;52;354
8281;Tvc1665h/b;52;354
8282;Tvc1680a;52;354
8283;Tvc1686a;52;354
8284;Tvc1687b;52;354
8285;Tvc1690h;52;354
8286;Tvc1690h/a;52;354
8287;Tvc1692;52;354
8288;Tvc1692b;52;354
8289;Tvc2010b;52;354
8290;Tvc2011g;52;354
8291;Tvc2015a;52;354
8292;Tvc2016a;52;354
8293;Tvc2025a;52;354
8294;Tvc2026b/h;52;354
8295;Tvc2030a/h;52;354
8296;Tvc2035b;52;354
8297;Tvc2050b;52;354
8298;Tvc2060b;52;354
8299;Tvc2065/1665b;52;354
8300;Tvc2065h/b;52;354
8301;Tvc2086a;52;354
8302;Tvc209090;52;354
8303;Tvc2090a/h;52;354
8304;Tvc2090h;52;354
8305;Tvc2092b;52;354
8306;Tvc2095b;52;354
8307;Tvc2199b;52;354
8308;Tvc2199b    A**;52;354
8309;Vtu;52;354
8310;Xg-nv4se;52;354
8311;Xg-xv1e;52;354
8312;Xm200;52;354
8313;Xm200j;52;354
8314;Xr3013;52;354
8315;Xv-100zm;52;354
8316;Xv-310p;52;354
8317;Xv-315p;52;354
8318;Xv-c1e;52;354
8319;Zintonizador;52;354
8320;Stv-140;52;355
8321;Stv-143;52;355
8322;Stv-202;52;355
8323;Aw-2103;52;356
8324;Aw2103_;52;356
8325;Sm2001;52;357
8326;Bs 635.3 90┬░;52;358
8327;Bs 635.3 90┬░  A**;52;358
8328;100 10 /16''/20''/2;52;359
8329;100 R;52;359
8330;100-2d F100;52;359
8331;100-d;52;359
8332;10010;52;359
8333;10010  A**;52;359
8334;10020';52;359
8335;1002dfc6;52;359
8336;Cs8801;52;359
8337;Man Sie Tvc;52;359
8338;Modulo Menoria;52;359
8339;Tv16;52;359
8340;Tv16 Placa Memoria;52;359
8341;Ca111;52;360
8342;Sp-t2903;52;360
8343;Sc2014;52;361
8344;4000;52;364
8345;Ctv2198;52;365
8346;Ke-42ts2u;52;366
8347;Sontec;52;367
8348;Aw2103;52;368
8349;Aw2105;52;368
8350;3604 C989569a/j;52;369
8351;3604 Imc989569a;52;369
8352;3606 C989566a;52;369
8353;3606 Imc989566a;52;369
8354;Sl-63imc;52;369
8355;Sl-72imc;52;369
8356;Gn21b_;52;370
8357;Gn21e;52;370
8358;Sp2002;52;370
8359;Ct50fj;52;371
8360;Ctv20l1;52;372
8361;Tcv20;52;372
8362;Tvc1;52;372
8363;C-2068 Pd;52;373
8364;29467cr;52;374
8365;Aas/184;52;374
8366;C200;52;374
8367;M29467cri;52;374
8368;Mod 20'';52;374
8369;Mod20''c;52;374
8370;Tc1408;52;374
8371;Tc1408 Aas;52;374
8372;Tc14081;52;374
8373;Tc14081cr;52;374
8374;Tc1408aas;52;374
8375;Tc1481;52;374
8376;Tv1481;52;374
8377;X4;52;374
8378;Gt9320;52;375
8379;Rc-4021 Pn_;52;375
8380;Surrey;52;375
8381;Cx0160;52;376
8382;E081;52;376
8383;E2010;52;376
8384;E2134/16;52;376
8385;E24 16ch;52;376
8386;E24 6ch;52;376
8387;Oorsm410;52;376
8388;Oorsm430;52;376
8389;Oorsm450;52;376
8390;Oorsm460;52;376
8391;Thc-13a;52;377
8392;Thc-20a;52;377
8393;133;52;379
8394;14 15w;52;379
8395;14/15;52;379
8396;1407;52;379
8397;1415w;52;379
8398;20 7;52;379
8399;"20 Y 26""";52;379
8400;20/7;52;379
8401;2034sd;52;379
8402;204;52;379
8403;214;52;379
8404;214/133;52;379
8405;214/146;52;379
8406;214/161;52;379
8407;214134;52;379
8408;214140;52;379
8409;214141;52;379
8410;214143;52;379
8411;214146c/rem;52;379
8412;214147;52;379
8413;214151;52;379
8414;214160;52;379
8415;214162;52;379
8416;29-a1;52;379
8417;29a1;52;379
8418;860 02;52;379
8419;860 102;52;379
8420;9629;52;379
8421;Bi21;52;379
8422;Ch141472;52;379
8423;Ch214134;52;379
8424;Ch214140;52;379
8425;Ch214141;52;379
8426;Ch214143;52;379
8427;Ch214146;52;379
8428;Ch214147;52;379
8429;Ch214151;52;379
8430;Ch214160;52;379
8431;Ch214161;52;379
8432;Ch214162;52;379
8433;Ctv2;52;379
8434;"De 20 Y 26""";52;379
8435;Digi;52;379
8436;Hps-2118;52;379
8437;Hps-2971;52;379
8438;Hps-3301;52;379
8439;Kv-1-2931;52;379
8440;Kv-2-2931;52;379
8441;Kv-3-2931;52;379
8442;Kv-4-2931;52;379
8443;Medic;52;379
8444;Tc20 0;52;379
8445;Tc20 5r;52;379
8446;Tc2010;52;379
8447;Tc2015;52;379
8448;Tc2600;52;379
8449;Tc2601;52;379
8450;Tvp-9229;52;379
8451;Tvp-9320;52;379
8452;Tvp-9329;52;379
8453;Tvp-9421;52;379
8454;Tvp-9425;52;379
8455;Tvp-9429;52;379
8456;Tvp-9520;52;379
8457;Tvr2116;52;379
8458;1615s;52;380
8459;1961xt;52;382
8460;Mxt1961t;52;382
8461;14/20cta;52;384
8462;14cta;52;384
8463;14ntc;52;384
8464;19cfb;52;384
8465;20cta;52;384
8466;C19c;52;384
8467;C19c Fb;52;384
8468;T14rf70;52;384
8469;T20tf70;52;384
8470;T25ne60;52;384
8471;T25te60;52;384
8472;T25tee5;52;384
8473;T28ne50;52;384
8474;Tvc563;52;384
8475;14cx7;52;385
8476;2122t;52;385
8477;21cx7;52;385
8478;2522;52;385
8479;Ctv2811;52;385
8480;1727;52;386
8481;1767;52;386
8482;Ct-m341txt;52;387
8483;Ct-m486;52;387
8484;Ct-m511s;52;387
8485;Ct-m516st;52;387
8486;Ct-m680st;52;387
8487;Gt-9221;52;387
8488;Ctv21;52;390
8489;Ctv9528;52;391
8490;Tc2020ra;52;391
8491;Tc202ra;52;391
8492;514;52;392
8493;514    A**;52;392
8494;702;52;392
8495;712;52;392
8496;Tx80;52;392
8497;Tel Cap;52;393
8498;Tc2003en;52;394
8499;Tc2003pa;52;394
8500;Tc961da;52;394
8501;00020663;52;395
8502;000207-63;52;395
8503;000214;52;395
8504;000214-63;52;395
8505;00022363;52;395
8506;000225-63;52;395
8507;1330;52;395
8508;1340;52;395
8509;1350k2;52;395
8510;1360;52;395
8511;1370;52;395
8512;1370  A**;52;395
8513;1390;52;395
8514;1395;52;395
8515;1395t;52;395
8516;1396t;52;395
8517;1453 (bisonic);52;395
8518;1560;52;395
8519;21r19;52;395
8520;21r391;52;395
8521;361;52;395
8522;362;52;395
8523;362 A**;52;395
8524;362 B**;52;395
8525;362a;52;395
8526;364r;52;395
8527;365;52;395
8528;365r;52;395
8529;412;52;395
8530;412r;52;395
8531;412t;52;395
8532;415;52;395
8533;415/1;52;395
8534;415/1  A**;52;395
8535;415/1bison;52;395
8536;415a;52;395
8537;415a  A**;52;395
8538;418;52;395
8539;470;52;395
8540;470 A**;52;395
8541;470 B**;52;395
8542;470(serie A);52;395
8543;471;52;395
8544;472;52;395
8545;472 A**;52;395
8546;472 B**;52;395
8547;472 Ic;52;395
8548;472v;52;395
8549;510v;52;395
8550;511;52;395
8551;511 A**;52;395
8552;511 B**;52;395
8553;5118;52;395
8554;511scr;52;395
8555;511vm;52;395
8556;512 A**;52;395
8557;512 B**;52;395
8558;512 Ic;52;395
8559;512s;52;395
8560;512scr;52;395
8561;512scr Ic;52;395
8562;516;52;395
8563;5168;52;395
8564;516r;52;395
8565;516t;52;395
8566;516uhf;52;395
8567;517r;52;395
8568;517rst;52;395
8569;561;52;395
8570;563;52;395
8571;563  Ic;52;395
8572;563 A**;52;395
8573;563 B**;52;395
8574;563(serie A);52;395
8575;564;52;395
8576;564  A**;52;395
8577;564  B**;52;395
8578;615;52;395
8579;615/1;52;395
8580;615/1biso;52;395
8581;615/c2;52;395
8582;618;52;395
8583;618   A**;52;395
8584;661;52;395
8585;663;52;395
8586;664;52;395
8587;664scr;52;395
8588;665x;52;395
8589;672;52;395
8590;714;52;395
8591;739a;52;395
8592;841;52;395
8593;Bisonic;52;395
8594;Chasis;52;395
8595;Chasis 618;52;395
8596;Chasis615;52;395
8597;Chasis714;52;395
8598;Chasis_;52;395
8599;Cod.000207;52;395
8600;Cod.000207    A**;52;395
8601;Controlremoto 000208;52;395
8602;Cr Y Sint Pll3;52;395
8603;Ikc1;52;395
8604;Ikc1 Version Digital;52;395
8605;Ikc2;52;395
8606;In Line362;52;395
8607;In Line512;52;395
8608;In Line512scr;52;395
8609;In Ne362;52;395
8610;In Ne512;52;395
8611;In Ne512scr;52;395
8612;Ir;52;395
8613;Linea Monitor;52;395
8614;Monitor;52;395
8615;Mp141n;52;395
8616;Mp212n;52;395
8617;Mp212nt;52;395
8618;Mp292st;52;395
8619;Mp292st   A**;52;395
8620;Mp292stgpx;52;395
8621;Mp292stpx;52;395
8622;N2n;52;395
8623;Nr319221386;52;395
8624;Pal B Italia;52;395
8625;Pal Color;52;395
8626;Palm;52;395
8627;Pc362;52;395
8628;Pc471;52;395
8629;Pc472v;52;395
8630;Pc510v;52;395
8631;Pc512;52;395
8632;Pc512scr;52;395
8633;Pc563;52;395
8634;Pc663;52;395
8635;Pc665x;52;395
8636;Pc8100;52;395
8637;Pc8200;52;395
8638;Sa470;52;395
8639;Serie 11scr;52;395
8640;Serie 11vm;52;395
8641;Serie 12s;52;395
8642;Serie 12scr;52;395
8643;Serie 63;52;395
8644;Serie 64;52;395
8645;Serie 64r;52;395
8646;Serie 64scr;52;395
8647;Serie 64v;52;395
8648;Serie 70;52;395
8649;Serie 72v;52;395
8650;Serie 73v;52;395
8651;Serie A470;52;395
8652;Serie A472v;52;395
8653;Serie A511scr;52;395
8654;Serie A511vm;52;395
8655;Serie A563;52;395
8656;Serie A664;52;395
8657;Serie A664scr;52;395
8658;Serie E364r;52;395
8659;Serie E364v;52;395
8660;Serie E473v;52;395
8661;Serie E512s;52;395
8662;Serie E512scr;52;395
8663;Thomson;52;395
8664;Tk-1409.;52;395
8665;Tk-1436;52;395
8666;Tk-1469;52;395
8667;Tk-1478;52;395
8668;Tk-1479;52;395
8669;Tk-1499;52;395
8670;Tk-2028;52;395
8671;Tk-2029;52;395
8672;Tk-2037;52;395
8673;Tk-2069st;52;395
8674;Tk-2078;52;395
8675;Tk-2079;52;395
8676;Tk-2098;52;395
8677;Tk-2099;52;395
8678;Tk-2099st;52;395
8679;Tk-2136;52;395
8680;Tk-2169st;52;395
8681;Tk-2178;52;395
8682;Tk-2179st;52;395
8683;Tk-2509st;52;395
8684;Tk-2579st;52;395
8685;Tk-2599st;52;395
8686;Tk-2599st   A**;52;395
8687;Tk-2909st;52;395
8688;Tk-2979st;52;395
8689;Tk-2999st;52;395
8690;Tk-2999st   A**;52;395
8691;Tk-3409st;52;395
8692;Tk1429;52;395
8693;Tkp-2019st;52;395
8694;Tkp-2119st;52;395
8695;Tkp-2919st;52;395
8696;Tkp-3409st;52;395
8697;Tvc819;52;395
8698;Tvc829;52;395
8699;Xkc1;52;395
8700;Xkc2;52;395
8701;Ch10/c18;52;396
8702;Ctv2001;52;397
8703;F300  A**;52;398
8704;F302;52;398
8705;C01.04   Mh05,p225;52;400
8706;Md7115;52;401
8707;418cstereo;52;402
8708;418cstereo    A**;52;402
8709;418cstereo    B**;52;402
8710;14cb25ft;52;403
8711;20mg15et;52;403
8712;21mf15et;52;403
8713;25dg170g;52;403
8714;32wp95e;52;403
8715;32ws24e;52;403
8716;33ms24e;52;403
8717;42wm02l;52;403
8718;42ws90e3;52;403
8719;450wb03p;52;403
8720;50ws94e;52;403
8721;C;52;403
8722;C-;52;403
8723;Eurocombo 2;52;403
8724;S/m-;52;403
8725;T;52;403
8726;Tv+dvd C17;52;403
8727;Tx807c;52;403
8728;Tx90-10-20;52;403
8729;Ctk1470 M;52;405
8730;Ctk1470m;52;405
8731;Ctk2070m;52;405
8732;Rtk725;52;405
8733;Ct-1400;52;406
8734;Gt22n_;52;407
8735;Th-2060;52;408
8736;Th-2060  Ver.2;52;408
8737;Th-2060  Ver.3;52;408
8738;Th-2060m;52;408
8739;Th-2160h;52;408
8740;Th-2160m;52;408
8741;Th-2190..;52;408
8742;Th-2960st;52;408
8743;10il;52;410
8744;10p60;52;410
8745;10v61;52;410
8746;13j22;52;410
8747;13p20;52;410
8748;13p21;52;410
8749;13p31;52;410
8750;13p333xn;52;410
8751;1417;52;410
8752;1435tla;52;410
8753;1450tla;52;410
8754;147e5ns;52;410
8755;147rl9;52;410
8756;147t9la;52;410
8757;14ar21;52;410
8758;14f81;52;410
8759;14f82;52;410
8760;14j32;52;410
8761;14j35;52;410
8762;14j36;52;410
8763;14j41;52;410
8764;14j44;52;410
8765;14k50;52;410
8766;14k51;52;410
8767;14k52;52;410
8768;14m40;52;410
8769;14m40s;52;410
8770;14m43;52;410
8771;14m45;52;410
8772;14p50;52;410
8773;14p56;52;410
8774;14p56s;52;410
8775;14p57;52;410
8776;14p61m;52;410
8777;14p62m;52;410
8778;14p63;52;410
8779;14p64;52;410
8780;14p65;52;410
8781;14p65s;52;410
8782;14p66;52;410
8783;14p66s;52;410
8784;14p67f;52;410
8785;14p67m;52;410
8786;14p68;52;410
8787;14p68s;52;410
8788;14s65;52;410
8789;14v14;52;410
8790;14v16f;52;410
8791;14v20f;52;410
8792;14w25;52;410
8793;14w26;52;410
8794;14w70;52;410
8795;14w71;52;410
8796;14w72;52;410
8797;14w73;52;410
8798;14w77;52;410
8799;14x90;52;410
8800;14x90s;52;410
8801;152r6a;52;410
8802;152r6e;52;410
8803;153r6ae;52;410
8804;15k90;52;410
8805;15k91;52;410
8806;16f360;52;410
8807;16k350;52;410
8808;16k352;52;410
8809;16m11;52;410
8810;16m11s;52;410
8811;16m310;52;410
8812;16p10;52;410
8813;16p10s;52;410
8814;16t50e;52;410
8815;16t51m;52;410
8816;16t52;52;410
8817;16t53m;52;410
8818;16t54;52;410
8819;16t55e;52;410
8820;16t55f;52;410
8821;16w325;52;410
8822;1811;52;410
8823;18c58;52;410
8824;18e520;52;410
8825;18f30;52;410
8826;18f561;52;410
8827;18f563;52;410
8828;18f564;52;410
8829;18f564s;52;410
8830;18g500;52;410
8831;18g500s;52;410
8832;18g580;52;410
8833;18g583;52;410
8834;18j530;52;410
8835;18j531;52;410
8836;18j532;52;410
8837;18j535;52;410
8838;18j536;52;410
8839;18k550;52;410
8840;18k551;52;410
8841;18k552;52;410
8842;18l571;52;410
8843;18l572;52;410
8844;18l573;52;410
8845;18m31;52;410
8846;18m503;52;410
8847;18m506;52;410
8848;18m510;52;410
8849;18m511;52;410
8850;18m511s;52;410
8851;18m512;52;410
8852;18m513;52;410
8853;18t41e;52;410
8854;18t41er;52;410
8855;18t41et;52;410
8856;18t43m;52;410
8857;18t44f;52;410
8858;18t45f;52;410
8859;18t46;52;410
8860;18t47d;52;410
8861;18t90e;52;410
8862;18t91m;52;410
8863;18t92;52;410
8864;18t93d;52;410
8865;18t94f;52;410
8866;18t95f;52;410
8867;18w525;52;410
8868;18w526;52;410
8869;19a10;52;410
8870;19a20;52;410
8871;19a30;52;410
8872;19k591;52;410
8873;202r5ae;52;410
8874;202r5et;52;410
8875;2035tla;52;410
8876;2050tla;52;410
8877;207r9l;52;410
8878;207t9la;52;410
8879;20ar21;52;410
8880;20as20;52;410
8881;20as21;52;410
8882;20as24;52;410
8883;20as30;52;410
8884;20d20e;52;410
8885;20e620;52;410
8886;20f661;52;410
8887;20f662;52;410
8888;20g600;52;410
8889;20g600s;52;410
8890;20g601;52;410
8891;20g601s;52;410
8892;20g602;52;410
8893;20g603;52;410
8894;20g680;52;410
8895;20g683;52;410
8896;20j635;52;410
8897;20j636;52;410
8898;20k650;52;410
8899;20k651;52;410
8900;20k652;52;410
8901;20l670;52;410
8902;20l671;52;410
8903;20l672;52;410
8904;20l673;52;410
8905;20m610;52;410
8906;20m611;52;410
8907;20m611s;52;410
8908;20t22x;52;410
8909;20t25f;52;410
8910;20t70e;52;410
8911;20t70er;52;410
8912;20t71;52;410
8913;20t71t;52;410
8914;20t72d;52;410
8915;20t73f;52;410
8916;20t74e;52;410
8917;20t75d;52;410
8918;20t76e;52;410
8919;20t77f;52;410
8920;20t78f;52;410
8921;20t79f;52;410
8922;20v220;52;410
8923;20w625;52;410
8924;2100tb5;52;410
8925;2100tbt;52;410
8926;2101tb5;52;410
8927;2102tb7;52;410
8928;2103tb5;52;410
8929;2104sx;52;410
8930;2104tla;52;410
8931;2104tla  A**;52;410
8932;2125tla;52;410
8933;212r6ae;52;410
8934;2131tae;52;410
8935;2132db;52;410
8936;213r6ae;52;410
8937;213t6ae_;52;410
8938;2165xr;52;410
8939;2173db;52;410
8940;218r8n;52;410
8941;218x6m;52;410
8942;21d7dxe;52;410
8943;21d7sxh;52;410
8944;21g685;52;410
8945;21j640;52;410
8946;21k690;52;410
8947;21k691;52;410
8948;22g780;52;410
8949;22t82x;52;410
8950;22t85f;52;410
8951;22t86d;52;410
8952;22t86dt;52;410
8953;22t87e;52;410
8954;22t88e;52;410
8955;2506/2806t;52;410
8956;2506tl;52;410
8957;2506tl  A**;52;410
8958;2529tl;52;410
8959;2529tl  A**;52;410
8960;2563db;52;410
8961;26f860;52;410
8962;26g800;52;410
8963;26g800s;52;410
8964;26g880;52;410
8965;26g883;52;410
8966;26j836;52;410
8967;26k850;52;410
8968;26t32x;52;410
8969;26t81d;52;410
8970;26t81dt;52;410
8971;26t83e;52;410
8972;26t84e;52;410
8973;26t84f;52;410
8974;27a41;52;410
8975;2806tl;52;410
8976;2806tl   A**;52;410
8977;2829tl;52;410
8978;2829tl   A**;52;410
8979;2857d;52;410
8980;2863db;52;410
8981;2877db;52;410
8982;28w8db;52;410
8983;2909tae;52;410
8984;2918tl;52;410
8985;2927dt;52;410
8986;2929tl  A**;52;410
8987;2929tl  B**;52;410
8988;29f663s;52;410
8989;29g5de;52;410
8990;3206;52;410
8991;3206   A**;52;410
8992;3206tl;52;410
8993;329p8m;52;410
8994;329p8m   A**;52;410
8995;329p8m   B**;52;410
8996;329p8m   C**;52;410
8997;32mw7db;52;410
8998;32w8db;52;410
8999;3327dt;52;410
9000;3357db;52;410
9001;3377db;52;410
9002;3418tl;52;410
9003;3418tl   A**;52;410
9004;3430 Dl;52;410
9005;3430dl;52;410
9006;3430dl   A**;52;410
9007;3430dl   B**;52;410
9008;34ax9uh;52;410
9009;34hd82;52;410
9010;34hf81;52;410
9011;36-32hfx71;52;410
9012;36af61;52;410
9013;40pw03g;52;410
9014;42pw23p;52;410
9015;42pw23pcd;52;410
9016;43h14p;52;410
9017;43ph14p;52;410
9018;43ph46p;52;410
9019;"48""55""";52;410
9020;"48""55""   A**";52;410
9021;"48""55""   B*";52;410
9022;4vmx4;52;410
9023;50a60-sm;52;410
9024;50a60-sm  A*;52;410
9025;50a60-sm  B*;52;410
9026;50a61;52;410
9027;50ph18q;52;410
9028;50ph46p;52;410
9029;53ax62;52;410
9030;55pj6dg;52;410
9031;5v5;52;410
9032;61a11;52;410
9033;61a61;52;410
9034;61ax62;52;410
9035;61ph18q;52;410
9036;65hdx82;52;410
9037;6p16e;52;410
9038;C-2048;52;410
9039;C-2048p/pw;52;410
9040;C-2643;52;410
9041;C-2653;52;410
9042;C-999;52;410
9043;C1403p;52;410
9044;C1408p;52;410
9045;C1410n;52;410
9046;C1423p;52;410
9047;C1428p;52;410
9048;C1811pn;52;410
9049;C1828p;52;410
9050;C2001n;52;410
9051;C2008p;52;410
9052;C2009;52;410
9053;C2009n;52;410
9054;C2010;52;410
9055;C2010n;52;410
9056;C2028p;52;410
9057;C2030n;52;410
9058;C2040p/w;52;410
9059;C2048p/w;52;410
9060;C2068;52;410
9061;C2068pd;52;410
9062;C2068pdc;52;410
9063;C280;52;410
9064;C340c;52;410
9065;C355;52;410
9066;C355355c;52;410
9067;C355c;52;410
9068;C540;52;410
9069;C540  A**;52;410
9070;C89.01   Mh08,p196;52;410
9071;C90.01   Mh09,p164;52;410
9072;C90.01   Mh09,p168;52;410
9073;C97;52;410
9074;C97c;52;410
9075;C999/c999c;52;410
9076;Ca20209;52;410
9077;Ca20219;52;410
9078;Ca20261;52;410
9079;Ca330;52;410
9080;Ca330c;52;410
9081;Ca340;52;410
9082;Ca350;52;410
9083;Ca350c;52;410
9084;Ca360;52;410
9085;Ca360c;52;410
9086;Ca540;52;410
9087;Ca540  A**;52;410
9088;Ca550;52;410
9089;Ca550  A**;52;410
9090;Ca940;52;410
9091;Ca940c;52;410
9092;Ca944;52;410
9093;Ca944c;52;410
9094;Ca950;52;410
9095;Ca950c;52;410
9096;Ca955;52;410
9097;Ca955c;52;410
9098;Ce-32f15;52;410
9099;Ce-32f50;52;410
9100;Ce-35f15;52;410
9101;Ce32h15;52;410
9102;Cf-2768b;52;410
9103;Cf-2772;52;410
9104;Cf1921j;52;410
9105;Cf1922j;52;410
9106;Cf1926a;52;410
9107;Cf2026;52;410
9108;Cf2026   A*;52;410
9109;Cf2026a;52;410
9110;Cf2044j;52;410
9111;Cf2051;52;410
9112;Cf2055a;52;410
9113;Cf2077a;52;410
9114;Cf2638;52;410
9115;Cf2648;52;410
9116;Cf2666a;52;410
9117;Cf2666r.;52;410
9118;Cf26c30;52;410
9119;Cf26c30  A**;52;410
9120;Cf2762b;52;410
9121;Cf2771a;52;410
9122;Cf27c30;52;410
9123;Cf27c30  A**;52;410
9124;Cf27c40;52;410
9125;Cf27c40 Tv;52;410
9126;Cf27g50;52;410
9127;Cf2838c;52;410
9128;Cf2848c;52;410
9129;Cf2858c;52;410
9130;Cf3060a;52;410
9131;Cf3060a   A**;52;410
9132;Cf3062a;52;410
9133;Cf3264k;52;410
9134;Cf3264k   A**;52;410
9135;Cf3264k   B**;52;410
9136;Cf32h40;52;410
9137;Cf35d50;52;410
9138;Cf917a;52;410
9139;Cj590;52;410
9140;Cj890;52;410
9141;Cm1900a;52;410
9142;Cn32e90;52;410
9143;Cn32e90   A**;52;410
9144;Cn35e90;52;410
9145;Cn35e90   A**;52;410
9146;Cp2011j;52;410
9147;Cp20e36;52;410
9148;Cp21e46;52;410
9149;Cp21f41;52;410
9150;Cp29f56;52;410
9151;Cs20c25;52;410
9152;Ct918c;52;410
9153;Ct948c;52;410
9154;Ct960c;52;410
9155;Cts654;52;410
9156;Cx-29682;52;410
9157;Cx2014;52;410
9158;Cx2048k;52;410
9159;Cx21341;52;410
9160;Cx21449.;52;410
9161;Cx21480;52;410
9162;Cx2151;52;410
9163;Cx21772;52;410
9164;Cx2767;52;410
9165;Cx2767j;52;410
9166;Cx2767j     A**;52;410
9167;Cx29711.;52;410
9168;Cx34640;52;410
9169;Cx34640   A**;52;410
9170;Cx34640   B**;52;410
9171;Et/a;52;410
9172;Gt4500;52;410
9173;Lx410;52;410
9174;Mm20e45;52;410
9175;Mv13k1;52;410
9176;Mv13k1w;52;410
9177;Mv13k2;52;410
9178;Mv13k3c;52;410
9179;Mv1620;52;410
9180;Mv19k1;52;410
9181;Mv19k2;52;410
9182;Mv19k3c;52;410
9183;P4130;52;410
9184;P4130   A**;52;410
9185;P4130u;52;410
9186;P4135u;52;410
9187;P4135u  A**;52;410
9188;Pj48c90;52;410
9189;Pj55c80;52;410
9190;Rr7100;52;410
9191;Rt110s/ii;52;410
9192;Rt3100;52;410
9193;Rt6100/5;52;410
9194;Rtsx57;52;410
9195;Sl3147;52;410
9196;Sm150;52;410
9197;Sm200/2;52;410
9198;Tac 9312;52;410
9199;Tac020;52;410
9200;Tac9100 (;52;410
9201;Tac9622;52;410
9202;Tc962da;52;410
9203;Tlp450e;52;410
9204;Tlp451e;52;410
9205;Tlp470u;52;410
9206;Tlp471u;52;410
9207;Tlp650e;52;410
9208;Tlp651e;52;410
9209;Tlp670u;52;410
9210;Tlp671e;52;410
9211;Tp-50g60;52;410
9212;Tp-50g60  A**;52;410
9213;Tp48c90;52;410
9214;Tp50f90;52;410
9215;Tp55c80;52;410
9216;Tp55c81;52;410
9217;Tp61e90;52;410
9218;Tp61e90  A**;52;410
9219;Tp61e90  B**;52;410
9220;Tp61e90  C**;52;410
9221;Tp61f90;52;410
9222;Tr555;52;410
9223;Tr950dx;52;410
9224;Ts-102cr;52;410
9225;Ts-103-vscr;52;410
9226;Ts-141-etcr-a;52;410
9227;Ts-141a;52;410
9228;Ts-142a;52;410
9229;Ts-147;52;410
9230;Ts-147 Univ Ii;52;410
9231;Ts-152vscr;52;410
9232;Ts-161a;52;410
9233;Ts-167;52;410
9234;Ts-167 Univ Ii;52;410
9235;Ts-201a;52;410
9236;Ts-201b;52;410
9237;Ts-201bx;52;410
9238;Ts-202-ecx;52;410
9239;Ts-202a;52;410
9240;Ts-204 A/u;52;410
9241;Ts-204 Etu;52;410
9242;Ts-207;52;410
9243;Ts-207-vs/cr Univ Ii;52;410
9244;Ts-207vs;52;410
9245;Ts-217vs;52;410
9246;Ts-218st;52;410
9247;Ts-287vs;52;410
9248;Ts103vscr;52;410
9249;Ts152vscr;52;410
9250;Ts162et;52;410
9251;Ts202bx;52;410
9252;Ts207vs;52;410
9253;Ts207vs/cr;52;410
9254;Ts217vs;52;410
9255;Ts218st;52;410
9256;Ts287vs;52;410
9257;Tv-1456m;52;410
9258;Tv-1458s;52;410
9259;Tv-1459st;52;410
9260;Tv-1466mu;52;410
9261;Tv-1466su;52;410
9262;Tv-1475m;52;410
9263;Tv-14e91av;52;410
9264;Tv-2056m;52;410
9265;Tv-2058s;52;410
9266;Tv-2066mu;52;410
9267;Tv-2066su;52;410
9268;Tv-2075m;52;410
9269;Tv-2080m;52;410
9270;Tv-20e91av;52;410
9271;Tv-2175su;52;410
9272;Tv-2968ms;52;410
9273;Tv-29e87avs;52;410
9274;Tv20c30;52;410
9275;Tv28c30  A**;52;410
9276;Tv28c30.;52;410
9277;Tv2987sv;52;410
9278;Tv2997p;52;410
9279;Tv2997sv;52;410
9280;Tv3488p;52;410
9281;Tv3488sv;52;410
9282;Tv35d50;52;410
9283;Tvc-100cr;52;410
9284;Tvc-102;52;410
9285;Tvc-140;52;410
9286;Tvc-161 Univ.ii;52;410
9287;Tvc-164 Univ.ii;52;410
9288;Tvc-201 Univ.ii;52;410
9289;Tvc-204 Univ.ii;52;410
9290;Tvc100cr;52;410
9291;Tvc102;52;410
9292;Tvc102cr;52;410
9293;Tvc161;52;410
9294;Tvc164;52;410
9295;Tvc201;52;410
9296;Tvc204;52;410
9297;Tvc20cildc;52;410
9298;U903/u905/uk01;52;410
9299;Vtd-1431;52;410
9300;Vtd-2031;52;410
9301;Xrv19;52;410
9302;Xrv19cr;52;410
9303;Ctv-5000sx;52;411
9304;Gt22n;52;412
9305;Ecl00082;52;414
9306;Elc82;52;414
9307;F800;52;414
9308;Tvc-110;52;415
9309;Upb2030;52;416
9310;C200nar;52;417
9311;5575;52;418
9312;Ft-8189;52;418
9313;Ft4271;52;418
9314;Ft4281;52;418
9315;Ft4283;52;418
9316;Ft4296;52;418
9317;Ft7109;52;418
9318;Ft7117;52;418
9319;Ft7118;52;418
9320;Ft7119;52;418
9321;Ft7156;52;418
9322;Ft7161;52;418
9323;Ft7172;52;418
9324;Ft7173;52;418
9325;Ft7174;52;418
9326;Ft7176;52;418
9327;Ft7177b;52;418
9328;Ft7188;52;418
9329;Ft7191;52;418
9330;Ft8121;52;418
9331;Ft8189;52;418
9332;Universum;52;418
9333;Tvc5222;52;421
9334;Tvc5265;52;421
9335;Tvc5267;52;421
9336;Vpf40;52;422
9337;Vpf40   A**;52;422
9338;Vpf40   B**;52;422
9339;Mp45   Pso;52;423
9340;Gt-9213.;52;427
9341;"14"",16"" Y 20""";52;428
9342;2371;52;428
9343;5511;52;428
9344;7211;52;428
9345;8571;52;428
9346;Ctv18;52;428
9347;Ctv18  &&;52;428
9348;Dct1450p_;52;428
9349;Sat143;52;428
9350;Sl214;52;428
9351;Tg-201wm;52;428
9352;Tg141;52;428
9353;Tg141wm;52;428
9354;Tg2019w;52;428
9355;Tg201ws;52;428
9356;Tm1021w;52;428
9357;Ts-1014;52;428
9358;Ts-1020;52;428
9359;W115;52;428
9360;W1220dd;52;428
9361;W205;52;428
9362;W2220dd;52;428
9363;W33020dd;52;428
9364;W33020dr;52;428
9365;Ww-115;52;428
9366;Ww-145;52;428
9367;Ww-205;52;428
9368;Ww-293;52;428
9369;Ww-521;52;428
9370;Ww-5511;52;428
9371;Ww-7211;52;428
9372;Ww1450;52;428
9373;Ww204;52;428
9374;Ww204  A**;52;428
9375;Ww205;52;428
9376;Ww211;52;428
9377;Ww221;52;428
9378;Ww250;52;428
9379;Ww320;52;428
9380;Ww321;52;428
9381;Ww3711;52;428
9382;Wx140;52;428
9383;W2800;52;429
9384;Wx-140.;52;429
9385;Wx130;52;429
9386;Wx130mn;52;429
9387;Wx2000;52;429
9388;Wx2000-130;52;429
9389;Wx2000/130;52;429
9390;Wx2000mn;52;429
9391;Wx2100mn;52;429
9392;Ww-114;52;430
9393;Ww 250;52;431
9394;Ww 250  A**;52;431
9395;C32d;52;432
9396;M-510;52;433
9397;Ma1010;52;433
9398;Ma1010tr;52;433
9399;Ma510;52;433
9400;Ma510_;52;433
9401;Msa-2000c;52;433
9402;Msa1193;52;433
9403;1311;52;434
9404;1321;52;434
9405;13se2017y;52;434
9406;1909;52;434
9407;1920v;52;434
9408;1925v;52;434
9409;1927v;52;434
9410;19fc46;52;434
9411;19kc50;52;434
9412;2015;52;434
9413;2027;52;434
9414;2045;52;434
9415;20y1638;52;434
9416;20y1638   A**;52;434
9417;20y16638;52;434
9418;20y16638  A**;52;434
9419;2565;52;434
9420;2565/2063;52;434
9421;2565b;52;434
9422;25fc45;52;434
9423;5045;52;434
9424;5245;52;434
9425;"9-773 Kn (13"")";52;434
9426;9773kn;52;434
9427;A32b41w;52;434
9428;A32b43w;52;434
9429;C5;52;434
9430;C5a;52;434
9431;C9020;52;434
9432;C9030;52;434
9433;Chasisc10;52;434
9434;Chasisc6;52;434
9435;Chasisc8;52;434
9436;Chasisc8   A**;52;434
9437;Cm 127;52;434
9438;Cm 139 B 3 M 9;52;434
9439;Cm130;52;434
9440;Cm139;52;434
9441;Cm139b2;52;434
9442;Cm139b3;52;434
9443;Cm141;52;434
9444;Cm143;52;434
9445;E1314wa;52;434
9446;E1914wa;52;434
9447;E2014wa;52;434
9448;Ekt2649y5;52;434
9449;Ext2873y3;52;434
9450;G0930y;52;434
9451;G390y;52;434
9452;G930y;52;434
9453;H;52;434
9454;H2012y;52;434
9455;H2013;52;434
9456;K2032;52;434
9457;K2032/70;52;434
9458;K2070;52;434
9459;L15v36;52;434
9460;L1718w;52;434
9461;L1720w;52;434
9462;L1740w;52;434
9463;L1741w;52;434
9464;L1908c9;52;434
9465;L1912w9;52;434
9466;L1924w9;52;434
9467;L1936;52;434
9468;L1960;52;434
9469;L1970p9;52;434
9470;L1990w9;52;434
9471;L1992w9;52;434
9472;L20v36;52;434
9473;L2502w9;52;434
9474;L2504e9;52;434
9475;L2506m9;52;434
9476;L2508;52;434
9477;L2512w9;52;434
9478;L2522e9;52;434
9479;L2524m9;52;434
9480;L2526;52;434
9481;L2528f9;52;434
9482;L2530e9;52;434
9483;L2532pm9;52;434
9484;L2540x9;52;434
9485;L2542e9;52;434
9486;L2544m9;52;434
9487;L2548e9;52;434
9488;L2582p9;52;434
9489;L2584p9;52;434
9490;L2588p9;52;434
9491;L2592p9;52;434
9492;L3910w9;52;434
9493;L3920p9;52;434
9494;L3940w9;52;434
9495;L4510p9;52;434
9496;L4524pn9;52;434
9497;L4528p9;52;434
9498;L940x;52;434
9499;Lga 29a23wm;52;434
9500;Lgb14a03dm;52;434
9501;Lo940x;52;434
9502;M-2070;52;434
9503;M1315;52;434
9504;M2070;52;434
9505;N2070;52;434
9506;Pv454ip;52;434
9507;Pv800p;52;434
9508;S1320s;52;434
9509;S1920w9;52;434
9510;S2514e9;52;434
9511;S2518m9;52;434
9512;S2520p9;52;434
9513;S2968w;52;434
9514;Sa1927w-sm;52;434
9515;Sa1927wc;52;434
9516;Sam;52;434
9517;Sam 2149;52;434
9518;Sam2953  A**;52;434
9519;Sb2027;52;434
9520;Sb2027s;52;434
9521;Sc/sb-2027s;52;434
9522;Scsb2027;52;434
9523;Sd 2511 G;52;434
9524;Sd-1315y;52;434
9525;Sd1315y;52;434
9526;Sd2511g;52;434
9527;Sd2511h;52;434
9528;Sd2581h;52;434
9529;Se1315;52;434
9530;Se1315   A*;52;434
9531;Se1915;52;434
9532;Se2017wa;52;434
9533;Se2017y;52;434
9534;Se2721h;52;434
9535;Se2725r;52;434
9536;Se2727h;52;434
9537;Se921ab;52;434
9538;Sj2063;52;434
9539;Sj2063w;52;434
9540;Sj2065;52;434
9541;Sj2071;52;434
9542;Sj2524;52;434
9543;Sj2526;52;434
9544;Sj2733;52;434
9545;Sj2735lk;52;434
9546;Sj2737;52;434
9547;Sj2739;52;434
9548;Sj2741;52;434
9549;Sj7571;52;434
9550;Sj7735;52;434
9551;Sj7765;52;434
9552;Sj9271;52;434
9553;Sj9271s;52;434
9554;Sk2513w;52;434
9555;Sk2523e;52;434
9556;Sk2525m;52;434
9557;Sk2527;52;434
9558;Sk2529p;52;434
9559;Sk2533pn;52;434
9560;Sk2535x;52;434
9561;Sk2541x;52;434
9562;Sk2543e;52;434
9563;Sk2545m;52;434
9564;Sk2549e;52;434
9565;Sk2571p;52;434
9566;Sk2575e;52;434
9567;Sk2577p;52;434
9568;Sk2579p;52;434
9569;Sk2593p;52;434
9570;Sk2595e;52;434
9571;Sl-2071;52;434
9572;Sl1323;52;434
9573;Sl1327;52;434
9574;Sl1931;52;434
9575;Sl1935;52;434
9576;Sl1961;52;434
9577;Sl1971p9;52;434
9578;Sl1993w9;52;434
9579;Sl2049;52;434
9580;Sl2067;52;434
9581;Sl2071;52;434
9582;Sl2071  A**;52;434
9583;Sl2505e9;52;434
9584;Sl2509p9;52;434
9585;Sl2513w9;52;434
9586;Sl2518rk;52;434
9587;Sl2523e9;52;434
9588;Sl2525m9;52;434
9589;Sl2527;52;434
9590;Sl2529p9;52;434
9591;Sl2533pn9;52;434
9592;Sl2535x9;52;434
9593;Sl2553;52;434
9594;Sl2555;52;434
9595;Sl2565;52;434
9596;Sl2567;52;434
9597;Sl2577p9;52;434
9598;Sl2593p9;52;434
9599;Sl2595e9;52;434
9600;Sl2597p9;52;434
9601;Sl2753;52;434
9602;Sl2765;52;434
9603;Sl2767;52;434
9604;Sl2784bt;52;434
9605;Sl3243lk;52;434
9606;Sl3243rk;52;434
9607;Sl3282bg;52;434
9608;Sl3283bg;52;434
9609;Sl4529p9;52;434
9610;Sl7767s;52;434
9611;Sl7935s;52;434
9612;Sl943x;52;434
9613;Slo953x;52;434
9614;Sls1323s;52;434
9615;Sls1917s;52;434
9616;Sls1931s;52;434
9617;Sls1935;52;434
9618;Sls1935s/w;52;434
9619;Sls1937s;52;434
9620;Sls2041w;52;434
9621;Sls2049;52;434
9622;Sls2053s;52;434
9623;Sls2502rk;52;434
9624;Sls2504;52;434
9625;Sls2506m;52;434
9626;Sls2506n;52;434
9627;Sls2549s;52;434
9628;Sls2549s5;52;434
9629;Sls2553s;52;434
9630;Sls2553s5;52;434
9631;Sls2553ss;52;434
9632;Sls2555s;52;434
9633;Sls2555s5;52;434
9634;Sls2722;52;434
9635;Sls2724n;52;434
9636;Sls2726ew;52;434
9637;Sls2753s;52;434
9638;Sls2767;52;434
9639;Sls7041w;52;434
9640;Sls7549s;52;434
9641;Sls7549s5;52;434
9642;Sls7553s;52;434
9643;Sls7553s5;52;434
9644;Sls8323y;52;434
9645;Sls8549y5;52;434
9646;Sls8553y;52;434
9647;Sls8553y5;52;434
9648;Sls8917y;52;434
9649;Sls8937y;52;434
9650;Sls9050s;52;434
9651;Sls9548s;52;434
9652;Sls9550s;52;434
9653;Sls9550s5;52;434
9654;Sm-2061;52;434
9655;Sm2061;52;434
9656;Sm2075;52;434
9657;Sm2075  A**;52;434
9658;Sm2140;52;434
9659;Sm2653;52;434
9660;Ss 6043-s;52;434
9661;Ss 6053-s;52;434
9662;Ss-1931;52;434
9663;Ss1323s;52;434
9664;Ss1921w9;52;434
9665;Ss2045;52;434
9666;Ss2563s;52;434
9667;Ss2572;52;434
9668;Ss2761s;52;434
9669;Ss5045;52;434
9670;Ss6043;52;434
9671;Sy3272dt;52;434
9672;Tp27cm135;52;434
9673;Whl1323y;52;434
9674;Z2020;52;434
9675;Z56z83r;52;434
9676;Zb2771h;52;434
9677;Zb2777h;52;434
9678;Zb2797y;52;434
9679;Zb29797p;52;434
9680;Zb3193h;52;434
9681;Zb3539h;52;434
9682;D 1 2172 S;52;436
9683;D1-2172st;52;436
9684;Ct-1485r;52;255
9685;Ct-1487rw;52;255
9686;Da-2086 K;52;255
9687;Tvj14;52;90
9688;Prf2180;52;21
9689;25a71;52;441
9690;Symphony;52;442
9691;Mtv2901pf;52;444
9692;Ktv2933p;52;449
9693;Dc01;52;448
9694;K1418lf;52;453
9695;Ge29602;52;455
9696;Cs-3525r;52;459
9697;Gsx-190;53;72
9698;Cx3500;53;131
9699;Fx 1180;53;131
9700;Fx 2190;53;131
9701; Deskjet 6840;53;424
9702;3535;53;424
9703;F380 Multifuncional;53;424
9704;Designjet 110 Plus;53;348
9705;Laser Monocromaticas Todas;53;348
9706;Laserjet 4250;53;348
9707;Imation 969 (L├íser Tomogr├ífica);53;222
9708;Np 6050;55;334
9709;Sgh-c166;56;15
9710;Sgh-f250l;56;15
9711;1600;56;264
9712;6020;56;264
9713;6085;56;264
9714;6103;56;264
9715;Bb5;56;264
9716;N 95;56;264
9717;N-81;56;264
9718;K790;56;409
9719;C115;56;383
9720;V3i;56;383
9721;W220 V 2;56;383
9722;Z6;56;383
9723;K310 / K510;56;205
9724;W300;56;205
9725;Z530i;56;205
9726; 8gb;56;438
9727;8 Gb;56;438
9728;Ot-c701;56;457
9729;Todos;57;419
9730;Kx-f580;58;284
9731;Ux66;58;354
9732;GDM F500;59;1
9733;Nh-776n;59;3
9734;710e;59;14
9735;Studio Works 554v, 553v, 454,;59;14
9736;551v;59;15
9737;591s;59;15
9738;Cvm4967p;59;15
9739;Syncmaster 551s;59;15
9740;Syncmaster 551v;59;15
9741;Al 1439-5a;59;34
9742;5e;59;37
9743;Studio Works;59;156
9744;Cd2072a;59;244
9745;Crt;59;404
9746;Pavilion F1503;59;348
9747;Al 1721;59;155
9748;Al1716  Lcd;59;155
9749;"15""";59;143
9750; 700-069cs;59;451
9751;Varios Modelos;60;2
9752;Bd701;60;8
9753;4500;60;11
9754;Dc-795m  (combo);60;14
9755;N010r3cu3r50;60;175
9756;1150u;60;262
9757;Sa-ht680;60;284
9758;868v50;60;302
9759;L55;60;51
9760;Handycam  CCD-TRV30;61;1
9761;Cp-rx60;62;171
9762;Ep738mx;62;443
9763;Sa-ak250;63;284
9764;Sa-ak340;63;284
9765;Cdx-m8800;64;1
9766;Xr-c5300x;64;437
9767;Dsc H(1 A 9);65;409
9768;Powershot S51s;65;334
9769;Au-517 Y Au-717;69;19
9770;Vsx-d601;69;296
9771;Chasis BA6;70;1
9772;Kv-25fs120;70;1
9773;20gl-1040/77;70;2
9774;29pt5435/85;70;2
9775;29pt5435/85  Chasis L03;70;2
9776;29pt6456/77;70;2
9777;Bt2101;70;8
9778;20ms6;70;9
9779;Dtq-14n2fc Chasis Cn-115i;70;11
9780;Cl-17m6mq;70;15
9781;Cl-21m40mq;70;15
9782;Ct-2088wb;70;15
9783;Ct-3338vc  Chasis K15a;70;15
9784;CT14F2Z     Chasis K15a;70;15
9785;Vph-7020;70;101
9786;Cpt-2100;70;171
9787;29ew;70;239
9788;20 Tc-693m;70;262
9789;21tc663;70;262
9790;Tv-1331a;70;275
9791;Tv1934a;70;275
9792;Ct-20g3w1;70;284
9793;Ct-2161r;70;284
9794;Ct-f2935s;70;284
9795;14mr10;70;354
9796;C-3520-y;70;354
9797;Lgb26a11zm;70;434
9798;Z25a11s;70;434
9799;Ct2932;70;312
9800;26938ge1-d;73;154
9801;Generico;73;425
9802;Kdl-32m3000;75;1
9803;Bl3201s;75;8
9804;1995/99/2003/06;76;338
9805;D865perl (Mother);76;317
9806;D915gav;76;317
9807;Noteboock;76;188
9808;Armado;76;116
9809;Core2duo;76;447
9810;Placa Biostar;76;452
9811;Antiguo s/ mod.;77;26
9812;Cx-bk1;77;26
9813;Nsx-av95;77;26
9814;Nsx-s888;77;26
9815;Zr 990;77;26
9816;Hcd-dx88;78;1
9817;Hcd-h450;78;1
9818;Hcd-h50;78;1
9819;Cx-nsz30lh;78;26
9820;Nsx-360;78;26
9821;Ca-mxks;78;196
9822;Sa-pm31;78;284
9823;1750;79;143
9824;Armada 500;79;86
9825;Play Station 1;80;1
9826;P4m900m2;82;92
9827;Dv6000;83;424
9828;V3000;83;86
9829;Gigaset M 340 Tdt;84;359
9830;Fp-7713;86;284
9831;Al 1631;86;354
9832;Np6545;86;334
9833;Ld 013;86;440
9834;C3849;87;439
9835;Mcd-s735f;88;20
9836;Gr26w;89;14
9837;Corsaire;90;445
9838;Equipo de Organos de Pared;91;446
9839;s/datos;94;102
9840;Ctk2195upc;96;183
9841;Vx32l Hdtv;98;458
9842;Hcd-ggnx88;100;1
9843;Mw1235wb;101;15
9844;B.v.500;102;460
9845;20ms6;52;9
9846;C-3520-y;52;354
9847;20 Tc-693m;52;262
9848;Dsc-s700;74;409
9849;Kv-25fs120;52;1
9850;Ct-f2935s;52;284
9851;Bt2101;52;8
9852;Cl-17m6mq;52;15
9853;Np 6050;86;334
9854;Ct14f2z     Chasis K15a;52;15
9855;Ct-3338vc  Chasis K15a;52;15
9856;Ct2932;52;312
9857;Ct-2161r;52;284
9858;Imation 969 (Láser Tomográfica);53;222
9859;Ct-20g3w1;52;284
9860;21tc663;52;262
9861;20gl-1040/77;52;2
9862;29ew;52;239
9863;Cx-bk1;78;26
9864;Z25a11s;52;434
9865;Sa-ak250;78;284
9866;14mr10;52;354
9867;29pt6456/77;52;2
9868;8gb;56;438
9869;29pt5435/85  Chasis L03;52;2
9870;Nr-fx70 (chásis 7sz190-07);52;54
9871;Zr 990;78;26
9872;Lgb26a11zm;52;434
9873;Ct-2088wb;52;15
9874;Tv1934a;52;275
9875;Dtq-14n2fc Chasis Cn-115i;52;11
9876;Ctk2195upc;103;183
9877;Ct20f2;52;15
9878;Vph-7020;52;101
9879;Cpt-2100;52;171
9880;Tv-1331a;52;275
9881;Cl-21m40mq;52;15
9882;700-069cs;59;451
9883;Hcd-ggnx88;104;1
9884;Powershot S400;74;334
9885;Vx32l Hdtv;75;458
9886;Ct20f3;52;15
9887;Cp-20b80m;52;14
9888;Rs21dans;89;15
9889;11ak30;52;6
9890;6131;56;264
9891;Gr203;52;4
9892;Tkb2138;52;203
9893;20tc693m;52;262
9894;20 Tc 697;52;262
9895;20ct688;52;262
9896;Tgf-2029a;52;24
9897;Catv183;105;461
9898;Dvd 052;60;462
9899;Htr 5000/98;106;2
9900;Mp4;94;463
9901;Data Travel Dti/4gb;107;464
9902;Dv2000;79;424
9903;670c;53;424
9904;Av2184a;52;196
9905;1556;59;465
9906;1200_1208;56;264
9907;Gm300,m120,m208;108;383
9908;21fl84;52;354
9909;25l-s100;52;354
9910;20k70;52;14
9911;Ds19590;52;20
9912;Tk2036;52;395
9913;Data Travel Dti/2gb;109;464
9914;25tr15c122;52;2
9915;L4011ndg;59;466
9916;20a800 7561;52;2
9917;Accord;110;467
9918;Stylus C43ux;53;131
9919;Dtq20n2fc;52;11
9920;21afr46;52;410
9921;Satelite M45 Psm43u;83;410
9922;Dtq-26s2ss;52;11
9923;Ct 2999;52;328
9924;29 Ew;52;239
9925;2125 Tla;52;410
9926;2005 S.o Xp;76;447
9927;Hcd-rg-55;78;1
9928;Mps-440w;78;354
9929;Sa Ak 340;78;284
9930;20gx8558/77;52;2
9931;Wega (todos);52;1
9932;Ash-1814er;90;15
9933;Ptv 2098;52;305
9934;19n-m100;52;354
9935;20pt4331 77r;52;2
9936;20pt3331/85 --l03.1;52;2
9937;Sa-hm995;78;284
9938;F25441;52;314
9939;V3 Black;56;383
9940;Cd-ba200;78;354
9941;Rp-27ca10a;52;14
9942;Kx-f500;58;284
9943;Clon Con Fuente Atx;76;468
9944;Laserjet 2420;53;424
9945;Todos;52;404
9946;Kv1973rv;52;1
9947;Dtq-20v8ss;52;11
9948;25mk1f;52;284
9949;Kv-25fv12/5;52;1
9950;W200;56;205
9951;1450;52;140
9952;53ngk/q;90;375
9953;20pt6446/37;52;2
9954;Pavilion Dv 2325la;79;424
9955;As-25xx  /  Uc25xx;90;375
9956;As18fban;90;15
9957;5200;56;264
9958;Hcd-rg88;78;1
9959;Sa-ak15;78;284
9960;3745;53;424
9961;Sms2549/m, Sms25505;52;434
9962;Df750t;111;469
9963;Fs-50;111;470
9964;Dmk-405;60;11
9965;Hi105/a;112;2
9966;Cp29k40;52;14
9967;8040/m Onda;111;471
9968;s/m;111;472
9969;s/m;113;425
9970;Lea 10000l;114;473
9971;20pt424a/77b;52;2
9972;Chassis L03;52;2
9973;Sd2140;52;352
9974;Tf 2988gs;52;169
9975;Ce29ff32;52;20
9976;11ak46;52;6
9977;Cmt9722;52;156
9978;W810;56;205
9979;90001;115;1
9980;Ls-s1260 Cl-i;90;14
9981;Acq 4533 (Frio Solo);90;474
9982;Ss601w;52;434
9983;20as26;52;410
9984;Ccc192at31;103;2
9985;Varios Modelos;60;450
9986;Ct-f2135s;52;284
9987;Pr1317-c121-chasis 13a800-7561;52;2
9988;C-n14010;52;196
9989;At40t;114;475
9990;20pt4331 Y Otros;70;2
9991;C-n2191;52;196
9992;Ctvg-5463tt;52;12
9993;Data Travel Dti/1gb;109;464
9994;Kv-25fv12/8;52;1
9995;Sj9935s9;52;476
9996;Cl 17k10mj;52;15
9997;Stylus C79;53;131
9998;Zlg26a026gm;52;434
9999;E172fpb;59;477
10000;Mg-160a;56;14
10001;1112;56;264
10002;1200;56;264
10003;Fw-c780;78;2
10004;Cn20c40;70;156
10005;N/d;114;11
10006;Cts-aa;52;478
10007;Ma 23;116;375
10008;Mtv3401;52;444
10009;Hcd-rg550;77;1
10010;53ngk;90;375
10011;Kv21fs100  Chass.ba6;52;1
10012;Ms 2128;52;2
10013;Cfd-560;117;1
10014;Acq3033;90;474
10015;Act 2533;116;474
10016;13n-m100;52;354
10017;Fcs12000ch Frio Calor;90;479
10018;Chasis  27f8007583;52;2
10019;Hz200;118;480
10020;Pstw6ygxss   Y Similares;89;154
10021;Avm2502;52;20
10022;Kdc 228 Mp;64;454
10023;Syncmaster 740nw;59;15
10024;Sp42w4;52;15
10025;Todas;76;338
10026;Chasis Nc05x4;52;481
10027;8000;53;482
10028;Sa5500;63;483
10029;6y080l0;119;484
10030;Fuzzi Logic Autoprogram;102;108
10031;Wega Pantalla Plana;52;1
10032;Varios Mod.;60;14
10033;Cl21k40mqgxxao;52;15
10034;Sony K790;56;1
10035;Dcp-130c;53;485
10036;1gb;120;486
10037;Ip1000;53;334
10038;Av-7000;121;1
10039;Max-161;122;487
10040;3200;122;488
10041;K8m800 M7;82;489
10042;W300i;56;205
10043;Todos/varios;123;490
10044;Vt-16sb;111;436
10045;Varios/todos;124;2
10046;C/todos;125;491
10047;Casi Todos;124;2
10048;1002;52;2
10049;14gr2121;52;2
10050;Clon;76;317
10051;Tecra A3-sp611;79;410
10052;Aspire 3000 Lci;79;155
10053;Satelitte L35-sp2011;79;410
10054;Pe1127;59;492
10055;Mt-8705-a68;76;493
10056;C700;79;494
10057;Canaima 2013;79;495
10058;Mt-m 8705-a84;76;493
10059;Kf-50we620;52;1
10060;Pavilion A310m;76;348
10061;3335;53;348
10062;Desktop;76;3
10063;F566la;126;348
10064;20ml10w;52;354
10065;Mw1040wa;101;15
10066;Laserjet 2420;95;424
10067;Optiplex 745;76;477
10068;Pentium Iv;76;338
10069;V186;56;168
10070;Dv 1000;79;424
10071;Grx8;77;1
10072;Cdc-x2070yl;64;26
10073;16sd3;111;357
10074;E-studio 28;86;410
10075;Aficio 551;86;496
10076;Aficio 1035;86;496
10077;5315-2368;79;155
10078;Ct-5026j;52;15
10079;A40;83;410
10080;Deskjet 950c;53;348
10081;Presario;79;492
10082;Ms-6378 Ver:1;82;497
10083;P4m800 Pro-m7;82;489
10084;Dv9000;79;424
10085;Ac-l15a;127;1
10086;Hp 2133 Mini-note Pc;79;348
10087;H1913y;52;434
10088;Mcd502;104;14
10089;Mcd-760en;128;20
10090;C13210;52;196
10091;Optiplex Gx620;76;477
10092;Thinkpad R51;79;498
10093;Hp Deskjet 850c;53;348
10094;900;69;499
10095;Kv- 20ts20;52;1
10096;Tc1220ss;52;500
10097;Armada;76;501
10098;T9000a;76;155
10099;Pcg K34fp;83;1
10100;Src1949101 , Chasis 19s102;52;502
10101;Dvd 1350u;60;262
10102;Tv-21;52;503
10103;Ct-g2185s;52;284
10104;Cl-10;129;504
10105;Dvd-c2010;60;410
10106;Ctvg-4563ulc;70;12
10107;Dv3100/v1b;60;505
10108;Xo-d1;130;1
10109;Mk4260 Ch01;52;2
10110;Kv-21fa210;52;1
10111;Lc195em82;75;129
10112;Xr-a100;130;296
10113;Ctvg-5463ulct;52;12
10114;Cl-15k5mn;52;15
10115;Dvd625/781;60;2
10116;Az2020/16;128;2
10117;Hcd-xb6k;130;1
10118;Tt10v52;103;15
10119;Dvd-230dt;60;506
10120;Hcd-xb88av;130;1
10121;Kv-21r10/5;52;1
10122;Sj-483;78;507
10123;Hcd-grx40av;130;1
10124;13-9507;78;508
10125;Kv-14mb42/5;52;1
10126;Tv-c1300u;52;26
10127;Hcd-dx30;130;1
10128;Flm-373b;75;509
10129;Kv-29sl43/5;52;1
10130;Mtv4207pdp;75;444
10131;2127;52;441
10132;710n;75;15
10133;Amd K6 2;76;338
10134;1571;83;143
10135;Pentium 4;76;447
10136;Pentiun Iv;76;338
10137;Extensa;79;510
10138;: Rp21fc60;52;14
10139;: Cl-17k10mj;52;15
10140;Dtq26s1fsn;52;11
10141;500 Series;83;511
10142;2651;56;264
10143;Stylus C44ux;53;131
10144;N1996;82;92
10145;P4i45gv;82;512
10146;1875;131;513
10147;Hc;132;196
10148;1075ds;133;514
10149;Intel-celeron;76;86
10150;Zzz007;131;515
10151;Amd Duron;76;447
10152;Avm-201m;52;20
10153;Vgn-fs940;83;1
10154;Ensamblado;134;155
10155;Satelite P105-s6104;79;410
10156;Todos/varios/genericos;76;516
10157;Hcd-dx50;78;1
10158;Dc5800;76;348
10159;Sg3311la;76;492
10160;Satellite A10-sp127;76;410
10161;Presario V2000;76;492
10162;De Manija;76;517
10163;Dx2200m;76;348
10164;Apolo;76;465
10165;Optiplex Gx280;76;477
10166;Ambio 4;104;518
10167;Ct5038vc;70;15
10168;Ld-12bw8;135;14
10169;Ge Pro-m2;82;512
10170;Dct 2069;52;286
10171;Mg800;56;14
10172;W580;56;519
10173;N73;56;264
10174;Hcd-gnx600;77;1
10175;Vec-19c;75;520
10176;Ctp 2020r;52;171
10177;20pt2822;52;2
10178;L03.1l Aa;52;2
10179;Fwd-42pv1;75;1
10180;Fuzzy Logic;52;20
10181;Cuc3400;52;4
10182;20gr1355/77;52;2
10183;Dvd-9922;60;462
10184;Cp;52;14
10185;Cx-n380lh;63;26
10186;Hcdh 501;63;1
10187;Nsx-v3000;63;26
10188;Sx-775;59;521
10189;Dth1446fs;52;286
10190;W1234qag;90;14
10191;Wb18f3;114;15
10192;Pavilion Dv6990la;76;424
10193;Pavillon Dv2000 Series;83;348
10194;Apc;133;522
10195;1112-1600-1110;56;264
10196;Easy 14kg;114;523
10197;Dtt 4000;136;524
10198;Cfd-g770cpk;128;1
10199;Dtq-19p2fc;52;11
10200;Str-de545;69;1
10201;C-1429;52;196
10202;Dtq-19p3fc;52;11
10203;33ml400;52;354
10204;Gtv-575-cd;128;525
10205;P5gc-mx/1333;82;526
10206;1/4 Hp;132;527
10207;S-500;137;528
10208;S-600;137;528
10209;R-600;137;529
10210;M4;138;528
10211;S-900;139;528
10212;S-300;137;528
10213;161a;56;14
10214;Dp170;140;14
10215;R1408;52;325
10216;Sa-ak95;104;284
10217;Sl2767s;52;434
10218;25fv120;52;1
10219;50ex20b;141;171
10220;Chasis Ks2a;52;15
10221;Ks2a;52;15
10222;Sa-ak321;77;284
10223;9120 2Kva;133;530
10224;Rv-9423;135;531
10225;Ibook G3;79;532
10226;Cds 770;77;26
10227;Mother Pc Chips;76;533
10228;Cyber-shot;65;1
10229;Fl-2898 St-chasis 11ak19 Pro;52;140
10230;K750;56;205
10231;U6;56;383
10232;W375;56;383
10233;V3;56;383
10234;Ct-z2111lu;52;284
10235;27f520t;52;314
10236;Kv27v42;52;1
10237;651-m (v2.0);76;534
10238;Sam4  420;68;15
10239;Tm300;142;527
10240;0000;132;15
10241;Rp 34fc30p;70;14
10242;5e-slk;59;37
10243;Mtc40;103;20
10244;19p1221c;52;2
10245;Dvd-s35;60;284
10246;Bizhub 211/ Dialta 2011/;86;535
10247;Bizhub 210/dialta 2011/;86;535
10248;Lt380;62;256
10249;3400mp;62;477
10250;VlpÃex1;62;1
10251;Gsg25-20 Y Otros;89;154
10252;Serie 600 L141;83;536
10253;F505la;83;86
10254;Imac G3;76;532
10255;21pt4331;52;2
10256;Sa-ak240;77;284
10257;Sa-ak 500;77;284
10258;20 Pt5431;52;2
10259;Cl21m6m;52;15
10260;Rp-21fg10g;52;14
10261;Rp-21fd10g;52;14
10262;Rp21fd10g;52;14
10263;Rp-21fj4rb;52;14
10264;14v1fcn Chassis Cn.001n;52;11
10265;Cf29f30;52;410
10266;Rs-881r;77;141
10267;20jm100;52;354
10268;Tk2081sd;52;537
10269;20pt5431;52;2
10270;29as42;52;410
10271;Pixma Mp130;53;334
10272;Pt128a/77b;52;2
10273;Ce-14at2;52;20
10274;A132 2p;89;538
10275;Shd1;143;460
10276;Ww 500 T;102;428
10277;Cx1500;53;131
10278;V3 Rosa;56;383
10279;Hcd-gt22;78;1
10280;29fu1rs;52;14
10281;161;56;14
10282;E221;56;457
10283;Data Traveler 8gb;109;464
10284;500p;75;539
10285;Rs23;117;262
10286;Mdv435/77;60;228
10287;Dvp-404u;60;9
10288;Fx890;53;131
10289;Ctv5995;52;16
10290;26928ge2;73;154
10291;R57w46 ,av56wp74;52;540
10292;Sa-hm700;130;284
10293;Z310;56;519
10294;Ss-862 Mwgss17l;101;541
10295;Sap-kcrv94ehdx;90;20
10296;5610;56;264
10297;Cts21df05f;52;332
10298;1600 - 1112;56;264
10299;Hcd-xgv50;121;1
10300;Hcd-xgv50;63;1
10301;21pt128a/77b;144;2
10302;2075m;52;410
10303;Data Travel Dti/8gb;107;464
10304;Xbox 360;80;542
10305;Ct-f2935f;52;284
10306;Ctv6597;52;16
10307;W3503;76;543
10308;Wd2x6;79;477
10309;Etv-21f1;52;129
10310;1769ep;59;544
10311;Ct-20g12v;52;284
10312;Rp-21fb32;52;14
10313;Cw-3382;52;15
10314;100051;145;545
10315;Flatron F700b;59;14
10316;Cl21m40mqks9c;52;15
10317;PruebaManolo;52;1
10318;PruebaManolo2;52;1
10319;PruebaManolo;90;546
10320;PruebaManolo3;52;1
10321;PruebaManolo3;52;1
10322;9000BTU;90;546
10323;12000BTU;90;546
10324;15000BTU;90;546
10325;18000BTU;90;546
10326;20000BTU;90;546
10327;25000BTU;90;546
10328;28000BTU;90;546
10329;29000BTU;90;546
10330;32000BTU;90;546
10331;35000BTU;90;546
10332;40000BTU;90;546
10333;41000BTU;90;546
10334;42000BTU;90;546
10336;1;65;547
10337;2;65;547
10338;C130;74;548
10339;C150;74;548
10340;789;59;37
10341;Nh-570n;59;3
10342;Pm1414-00;52;9
10343;Kc901sa 2300frig.frio Solo;90;20
10344;Atx;76;338
10345;Ss-173;77;483
10346;Fantasma;52;156
10347;Lbt-a595;63;1
10348;726b;59;11
10349;Mv-x968advd;60;549
10350;Presario V3000;79;492
10351;Taylor Iii;146;550
10352;Taylor;146;550
10353;Intel Pentium 4;147;317
10354;Hp Hsc 1210;148;348
10355;Epson Cx5600;148;131
10356;Epson  Cx1500;148;131
10357;Intel Celeron 2.5;147;317
10358;Cpt-2020 R;52;171
10359;Vph-7021;52;101
10360;Photosmart C4280;53;424
10361;Nsx-av 326;63;26
10362;Dtq29g4fs;52;11
10363;Thinkpan A22m;83;498
10364;29fs2rk;52;14
10365;Kv29rs22/8;52;1
10366;Dv-5200n;140;551
10367;14gr1236/77r;52;2
10368;To2077;92;3
10369;Wp-905;101;175
10370;Mhc-1000;104;1
10371;Hps-2078;149;456
10372;Hcd-9802;64;175
10373;Wp-755;101;480
10374;Htaf21s;149;448
10375;Tqf57209;52;254
10376;Ditv43181;149;102
10377;6200-2;60;448
10378;2166;149;552
10379;32hl57;52;410
10380;14gr 1236;52;2
10381;740n;75;15
10382;793s;59;15
10383;20tc601c;52;262
10384;Ct-27s2s Chasis Aedp 224;52;284
10385;s/modelo;70;15
10386;Amd;150;116
10387;Ctv5490;52;16
10388;Sap-k95gs5 Frio Solo;90;20
10389;Hl-2900pf;70;173
10390;Cmt9842;52;156
10391;Hcd-d170;78;1
10392;V192;56;383
10393;25tr19c121;52;2
10394;Ct-g2937m;144;284
10395;Hcd-gn800;132;527
10396;Sk-t2161;52;553
10397;Ct-14v10mj (k15d);52;15
10398;Cl17m6mq (k15d);52;15
10399;Ct-2122;52;255
10400;Rp-15fd10;70;14
10401;Ffh-986a;77;14
10402;Kv-21rs50;52;1
10403;Dvd 681;60;54
10404;Nvidia Geforce4 Mx 4000;151;554
10405;755;152;477
10406;W 200;56;1
10407;El Caporal;153;555
10408;Cfd-s26;154;1
10409;Jsgcuifbvinvnm;60;556
10410;Lpc-m130;154;14
10411;Mc-m570/21;130;2
10412;20pl83w;52;354
10413;F27196bt;52;314
10414;Cs-26201;52;244
10415;Dvp-ns575p;60;1
10416;Cfd-s400;128;1
10417;Hcd-s880;155;1
10418;Acd-514m;128;11
10419;Cl20g22;52;410
10420;Dp-m97;156;454
10421;9260;130;557
10422;Kv-1997r;52;1
10423;Az1004/01;128;2
10424;1110v52;157;15
10425;Cx-nv8000u;130;26
10426;29cdh2;52;171
10427;Ds19390;70;20
10428;Hcd-rg77;77;1
10429;Kv21fs140 Wega;52;1
10430;Pride;158;558
10431;Cn-20b80c;52;156
10432;32pw6006/21 Cahsis L01.1e;52;2
10433;Dvd 2906u;60;20
10434;Dvd-455;60;559
10435;Lif - 29;52;559
10436;Mv5500;59;492
10437;E551c;59;477
10438;Cx-z1900lh;77;26
10439;Ds19630;52;20
10440;Ct1496r;52;255
10441;107 E;59;2
10442;Intel Pentium 4   2.80 Mhz;147;317
10443;Pixma Ip140;53;334
10444;Hcd-grx9900;77;1
10445;A70-a71 - A75-a75;56;359
10446;Ip 1000;53;334
10447;Sk Tm31;159;284
10448;Rp-21fc60 Chasis Sc023a;52;14
10449;Nr 20701-txs Chasis 12_6;70;47
10450;Satellite P100-474;79;410
10451;Deskjet 3940;95;424
10452;Pavillion Dv5-1003nr;79;348
10453;Cl21m21mq;52;15
10454;Dwx28w Chasis Wp-895/gp885;52;11
10455;Kv21rs10=20m10=20s10=kv21r10;52;1
10456;Ct501z;52;15
10457;Ps2 Gh-026;160;1
10458;Ct2016- 2186;52;171
10459;21pt136a;52;2
10460;Cuc 7303 Y Otros;52;4
10461;Ct-27s2s;52;284
10462;Chasis-b2183a01;52;560
10463;Aspire 5050;76;155
10464;Kv29fs140;52;1
10465;Pcg-982p;79;1
10466;Razr V3r;56;383
10467;Kv21fs100 Chass.ba6;70;1
10468;Hf-2215;52;175
10469;Txj-2754;52;15
10470;Ct-21hd;52;255
10471;Sp-cd550v;154;360
10472;Aspire 5315;126;155
10473;Dwf-5030;114;11
10474;20mu14;52;354
10475;Cd-es440;77;354
10476;Satellite A135-s2386;79;410
10477;Slv-d910;60;1
10478;Rp-20cb20a;52;14
10479;L2515;132;60
10480;Dtq-2133sm;52;11
10481;Kv-1204;144;1
10482;Ct-1495r;70;255
10483;Awh720;102;561
10484;Awh371/wh;102;562
10485;K7047;102;10
10486;Sde-h37l;138;563
10487;s/modelo;161;564
10488;1/10 Hp;137;528
10489;Sde-sh37l;138;563
10490;-----;162;565
10491;M2;138;528
10492;Sde-h35lp;138;563
10493;057;163;528
10494;Cdp-s45;164;1
10495;Lm-w550a;77;14
10496;Hcd-rg20;77;1
10497;Ct-g2119e;52;284
10498;Ctr-2200st;52;209
10499;Pavillion Dv6700;79;348
10500;6101;56;264
10501;Sd-d364;165;15
10502;T08-29fs;166;94
10503;Cl32z40dsnxxao;70;15
10504;Cl21z58mq8xxao;70;15
10505;Cl32z40hmrxxao;70;15
10506;Dr3624;167;566
10507;Cf-683cn;52;15
10508;Cb560bn;59;567
10509;Hts3410d;106;2
10510;Cd150;164;568
10511;Iu-623-1000w;131;569
10512;V172;56;383
10513;Gris;77;14
10514;Nsx-500;78;26
10515;Tropical 5p;168;2
10516;K310a;56;205
10517;Kv21r10;52;1
10518;Ca-dw247u;169;26
10519;Pd6529rd;169;129
10520;Ct-29d4wz/mex;52;15
10521;Glav-6000;102;570
10522;Wn463wra;102;180
10523;Ct20v10;52;15
10524;Wf-t1008tp;114;14
10525;Pentium(r) D 2.8ghz;147;463
10526;Tx1000, Dv2000, Dv6000, Dv9000;83;348
10527;Lq-590;53;131
10528;Clon;76;116
10529;Dv2425la;79;348
10530;Kdc-m7024;159;454
10531;Cn-14j20;52;277
10532;Dw-250;170;571
10533;X800;151;572
10534;No Dry;89;573
10535;Asus M2n-mx Se Plus;82;526
10536;Nh-17fl;59;3
10537;Xbox360;171;574
10538;Dctv-21r;52;96
10539;En-lm500;152;575
10540;389;172;557
10541;Ms-1742dp;101;14
10542;Ct-566bz;52;15
10543;Cl-21m16mn;52;15
10544;Ct-f2120s;52;284
10545;Lac-m3600;64;14
10546;Rp-21fa38z;144;14
10547;R-209kk-w;101;354
10548;P21g - Pentium Iv 256;147;576
10549;Torre;76;577
10550;Rp-21fd10g;173;14
10551;Pearl 8100;56;578
10552;33158 Ttr256;52;518
10553;Fx-1170;53;131
10554;Gm-502;174;579
10555;Tkp2167stx;52;395
10556;C751la;76;494
10557;Kxw;69;26
10558;Kac-718;69;454
10559;E152fpc;152;477
10560;90 Watts Pa-1900-02d2;175;477
10561;Ns619;131;580
10562;1875;131;581
10563;Corsa;110;582
10564;1111;76;583
10565;Ctc-175a;52;314
10566;14z3;52;15
10567;20pt4331;92;2
10568;Ct -d14r Adactable El Flybac;52;284
10569;Presario F500;79;492
10570;Procesador Amd Con Chipset Nvidia 7100;83;348
10571;3554;52;1
10572;Laserjet 1020;53;348
10573;Cx3500;176;131
10574;Sin Modelo;76;425
10575;8922;79;493
10576;Vag;177;584
10577;Varios Modelos;52;585
10578;27a33;52;410
10579;Ct-32sx31e Chasis Bp371/bp372;52;284
10580;500;102;42
10581;6235;56;264
10582;Dvp-145;60;9
10583;St-903;60;586
10584;Dth-2056fs;92;11
10585;Ct-503ebzg;52;15
10586;Af350;86;496
10587;Vl288;178;587
10588;American Dj;179;588
10589;4000 Wat;180;588
10590;Xp80;181;589
10591;Celeron M;76;317
10592;Celerom D;76;317
10593;Todos/varios;131;404
10594;Todos;112;404
10595;Tmu 200 Pd;53;131
10596;I-cf14sm;108;590
10597;Ipro 820;83;591
10598;580;56;205
10599;Ctv-4101;52;592
10600;Dvd-224m;60;593
10601;14pt3005/55 (l03.2l Aa);52;2
10602;No Tiene;52;354
10603;Cpt 29 Sxs1 Similar A Cpt 2950;52;171
10604;Ip1800;53;334
10605;105e;59;518
10606;Kb-2-2121ft;149;203
10607;20gx 8550/77b;52;2
10608;Comcept P116;102;108
10609;A_75_a76 Y Otros;56;359
10610;Dvd-5812n;60;14
10611;Aspire 5315-2685;83;155
10612;Kv 25fs 120    Chasis Ba 6;52;1
10613;Sr5020la;76;492
10614;Escritorio;76;594
10615;Ctr 2902 St;52;209
10616;Tm-u220pa;53;131
10617;Avr 600 Rd;69;595
10618;Xls 602;69;85
10619;Chafona;76;477
10620;Kv-14r10;97;1
10621;E256;56;15
10622;101b;153;596
10623;Waadadfd;63;221
10624;Ae102cd;182;597
10625;14g3t;52;598
10626;42pb2rrh;75;14
10627;Deh-1900md;64;599
10628;Fsr V-2;170;600
10629;Kv-2184an;70;1
10630;Ct-g2972f;144;284
10631;Dtq-14vfs;52;11
10632;Dtq-20v1ssn;52;11
10633;Lx-300+;53;131
10634;K9515;52;601
10635;T290;56;205
10636;1015;183;424
10637;V2415 La;79;492
10638;Ky 35;90;602
10639;V3000;79;492
10640;M4;184;528
10641;S-900;185;528
10642;Ampli-comp;69;603
10643;W510/w5;56;383
10644;Ct1417;52;171
10645;Chasis K15a;52;15
10646;505p;59;604
10647;Cl-z17k10m(chasis Ks9a17k10);52;15
10648;Sg3010la;76;494
10649;Sr2020la;76;494
10650;Dv6000;79;348
10651;20mk10;52;354
10652;Ek-gold 14d10;52;121
10653;21fj4a;52;14
10654;Ds25730;52;20
10655;Presario;76;492
10656;Scenic Et;76;605
10657;Cho-rio;76;606
10658;Utow-sun;76;606
10659;Amd Sk462;76;447
10660;Amd Sempron Sam2;76;447
10661;Aspire;76;155
10662;.;83;410
10663;Athlon X2 64bits;76;447
10664;20ll26 0121;52;2
10665;Kb2-2121ft;144;203
10666;Aspire One;79;155
10667;Cn 20b80h;52;14
10668;20b19rc;70;9
10669;Clp 1451;97;20
10670;Cfd-s200;154;1
10671;20k70;70;14
10672;Ctk 2970 St;166;183
10673;28egoep-chasis Tv4ks;144;54
10674;Nano;186;607
10675;E172fpb;98;477
10676;Futura;81;608
10677;14rt;52;284
10678;Ct-g1455r;52;284
10679;Cuc  200;52;4
10680;Cl21m16mn;52;15
10681;Xbox 360;171;574
10682;Pp29l;79;477
10683;Fr-146r;168;11
10684;Ep-3050;86;535
10685;4 Gigas;109;609
10686;Windows Vista;76;153
10687;Ct209;52;255
10688;Cl21n11mj Zxxax - Chasis Ks9a - Del 2004;144;15
10689;E153fpc;152;477
10690;V900;69;610
10691;Pe1123 (s710);59;492
10692;2012 Sat;52;4
10693;Ut202;187;611
10694;Sv2000;188;4
10695;B77;189;612
10696;B710 Mkii;190;612
10697;T290;63;26
10698;Cp-20k70 Chassis Mc999a;144;14
10699;Hcd-d190;104;1
10700;Kv-14r20;52;1
10701;29;52;441
10702;Dtr;97;483
10703;Ds-13390;52;20
10704;21pt6333/85  Chasis L03.1laa;52;2
10705;Fwm570;78;2
10706;W700;56;205
10707;19n-m100s;52;354
10708;Cl20m21;52;410
10709;Ct-501ebz;144;15
10710;Cl-21m21eq;52;15
10711;Kv-21fv12/5;52;1
10712;Cp-25q22;52;14
10713;Cp-25q20;52;14
10714;Mr-29tf522;52;314
10715;K9415;52;613
10716;Pvm 1442;59;1
10717;Pvm 1442 Qm;59;1
10718;Con Chassis 11ak20;52;614
10719;Sd14lg;52;352
10720;2011 Cuc200;70;4
10721;14tc605;97;262
10722;Cmt-9722;52;156
10723;Ct-5038vcs, Chasis Aa41-10590a;52;15
10724;Ct-5038z Chasis, Aa41-11037e;52;15
10725;Kv-32fs120;52;1
10726;Standard;76;24
10727;Hp550;79;348
10728;L 6;56;383
10729;Lh-t6440;60;14
10730;3220;56;264
10731;Hsthd-1l02-m;59;424
10732;Studio 45;86;410
10733;To-4-2140st;52;3
10734;Ct-2033br;52;255
10735;Cd-mps440w;104;354
10736;29gx1890/77b;52;2
10737;2059fl;52;479
10738;V235;56;383
10739;Ot-c560;56;457
10740;Z520a;56;205
10741;W375;56;205
10742;3220b;56;264
10743;W380;56;205
10744;5070;56;264
10745;G1320;175;615
10746;Todos;76;419
10747;Ca-mx30bk;77;196
10748;Classic 1.6;110;616
10749;Corsa Classic 1.6;110;582
10750;21pt6456. L03;52;2
10751;29pt8457/77;52;2
10752;Sd632;64;372
10753;T21g40006;52;617
10754;Dvp-nc675p;60;1
10755;Ctr21l1Ñs;173;284
10756;Tcr1428;52;183
10757;1410;53;424
10758;21;173;3
10759;generica;76;618
10760;Intel Celeron 2.5;147;477
10761;Hr-j4020ua;61;196
10762;29pt5431;52;2
10763;W580;56;205
10764;25n66;52;472
10765;Cm2002rd;52;17
10766;545;60;1
10767;Estudio 350/450;86;410
10768;C15ja;59;14
10769;W5;56;383
10770;14pt30005/55;52;2
10771;14b7m15-r (chassis 12.5);70;47
10772;Sgh-x156;56;15
10773;Dtq-29s2fs;52;11
10774;16 Pies Twis Air;89;523
10775;14pt2682;52;2
10776;Ctvg-4536ul;52;12
10777;Kv-1970r;52;1
10778;9nx8x11;79;477
10779;P2;76;155
10780;Gr945;147;619
10781;Todos/varios;81;404
10782;740n;98;15
10783;Awr 680/3 7500 Rpm;81;561
10784;20tc203;92;262
10785;Pt1901;52;620
10786;Cl-29d8bw;144;15
10787;Sgh-c426;56;15
10788;V45-pe1100;59;492
10789;Ad-1000;60;38
10790;2424;167;425
10791;Ct-g21r;52;284
10792;26pf5320;75;2
10793;21pt6146/85;173;2
10794;29pt4630/77;52;2
10795;Nn-s655wm;101;284
10796;V3000, Dv1000,2000,3000,6000 S;79;594
10797;Ws-3900 Divx;60;621
10798;Mwr10d6;191;228
10799;Cl-17k10mj;52;622
10800;Mh-776;59;539
10801;Hcd-gnx800;77;1
10802;Syncmaster 710n;192;15
10803;Syncmaster 920nw;192;15
10804;Vx 724;192;623
10805;Ppm42m5ss;192;15
10806;Bl3201s;192;8
10807;F517;75;624
10808;42pf7320;75;2
10809;Al-1645;86;354
10810;Ft-1015;86;496
10811;Dtq-29s2ss;144;11
10812;Touch;56;625
10813;Touch Gsm;56;625
10814;540n;152;15
10815;794v;59;15
10816;13l04;52;228
10817;29pt461a/77b;52;2
10818;Ft40 16 Pulgadas;111;626
10819;Tc2022s;52;500
10820;Ct1487rw;52;255
10821;Tss 210;52;24
10822;Tss 210;52;342
10823;Kv-34fs120;52;1
10824;Ds19390;52;20
10825;Tpx-2011;52;15
10826;Txp-2011;52;15
10827;Zs-775r;59;627
10828;Cpt-1420 R;52;171
10829;Av-21bt8;52;196
10830;20 Tc 603;52;262
10831;20ct6400/77;52;2
10832;29pt5642/78;52;2
10833;Clon;76;447
10834;550v;59;15
10835;Delta 15 Kg;67;628
10836;20cn4065/77z;52;2
10837;Rp21fb32;52;14
10838;Kv-2170rs;52;1
10839;1770;59;465
10840;Ot15vo-normal;59;492
10841;C251;60;14
10842;Cn-14b80h;52;481
10843;Cts-21a11;52;255
10844;2ptas 260l;193;629
10845;2 Ptas;194;630
10846;Ct-6346vc;52;15
10847;21pt2053;52;2
10848;Dct 2080 M;52;631
10849;Al1511b;152;155
10850;Coldemasrerxl+;195;424
10851;Cl32z40dsnxxao;52;15
10852;Cx-z650lh;77;26
10853;Kv-14mb42/8;70;1
10854;Cl-21n11mj;70;15
10855;724 ( Bs10049 );152;623
10856;Ct-21r1;144;284
10857;26lx2r;75;14
10858;Mvr-3100;96;15
10859;Ct-342lq;144;15
10860;Dtq-13p2fc;144;11
10861;Tcq-1334f;144;620
10862;154081;130;434
10863;Cx-7r990lh;104;26
10864;Ca-39;69;141
10865;2015;144;632
10866;Cf2055a;144;410
10867;217;144;632
10868;Dtq-20v1fs;144;11
10869;Cd-c422;104;354
10870;Jx-2022c;196;633
10871;Exr-12;64;1
10872;Scph-101;197;1
10873;Dtq-2046;144;632
10874;Pk-t 2153;52;601
10875;21sr8;70;9
10876;Jd144j;59;155
10877;Txd1972;52;15
10878;C777s;59;634
10879;Cd-580a;154;14
10880;Kv-27ts20;144;635
10881;Dv1000;60;439
10882;20pt4331 77r Chasis L03;52;2
10883;Flm-2098-1;144;140
10884;Flm-2098-1;144;479
10885;Hr-a42u;61;196
10886;Cx-nt9lh;104;26
10887;Cx-nr14lh;104;26
10888;Cx-nsz70lh;104;26
10889;R-210ak;101;354
10890;Kv-27ts27;144;635
10891;Kd-1800u;60;453
10892;Mb6774w;101;15
10893;Sa-tm50;104;284
10894;Ct-2186;144;171
10895;Aka-t20;144;636
10896;Txd1372;144;15
10897;Thinkcentre A55 (8705-a84);76;637
10898;Sin Modelo;76;638
10899;T288s;76;543
10900;20mf10;144;354
10901;Cf1911j;144;410
10902;Ffh-59a;104;156
10903;Rm-y172;196;1
10904;Mtv1401;144;444
10905;29fx4bl;52;639
10906;Ct-5066bz;52;15
10907;Csd-as10lh;154;26
10908;Scph-103;197;1
10909;Dtq-2023fc;144;11
10910;Krc-440;64;454
10911;Kv-27ts27;144;1
10912;Ce908;144;410
10913;Kv-21fm13/5;144;1
10914;Kv-2074r;144;1
10915;20mr10;144;354
10916;6f6742;104;26
10917;Ct-567bw;144;15
10918;Tx-1410;144;640
10919;Dlp-26b1;75;11
10920;Ct - F 2121 /tc - 21gx30;52;284
10921;Etv-2101;52;129
10922;Cd-3230s;104;14
10923;Csd-a110u;154;26
10924;Mw1680stc;101;15
10925;Sc-985vcd;104;633
10926;Mla38dw;101;641
10927;Cf20363;144;410
10928;Hcd-dx50;104;1
10929;Sin Modelo;144;632
10930;13-ctv;144;642
10931;Lx 300;198;131
10932;Mcd-252 Mp;169;20
10933;Db5301;60;24
10934;21f29-rc;92;9
10935;14pt 2381/77b;97;2
10936;Sd-2140;92;352
10937;Avd-1000;60;7
10938;Clp2051;92;20
10939;Cn-540-m;92;15
10940;Cpt-2122sr;149;171
10941;21fj4rb-ld;70;14
10942;Pt21 5425/77;144;2
10943;Aspire 43-15;83;155
10944;K1;56;383
10945;H1913y;144;434
10946;Dvd1556s;60;444
10947;Sin Modelo;199;643
10948;Hrd-201;104;171
10949;740n;152;15
10950;190c;152;2
10951;Midimate 602;200;644
10952;Accuscreen;201;644
10953;Ecchoscreen;201;644
10954;Chasis Cp 110;52;518
10955;1/4 Hp;137;645
10956;975;137;565
10957;Sde-h35lp;184;563
10958;------;161;646
10959;Pe 1111;59;492
10960;Max-zs750;104;15
10961;Sv-a5op;61;15
10962;Kv-1403r;144;1
10963;Ca-hxz1;104;196
10964;Hcd-xgr80;104;1
10965;Rs2620;104;314
10966;Pr1312;144;228
10967;Photostar 6820;65;647
10968;"Lm760s 17\""";75;37
10969;Ct-g2160n;52;284
10970;Cl-21t21pq;52;15
10971;Ms-1146sqp;101;14
10972;20af43;52;410
10973;Al1916 B;152;155
10974;Nn-g464mf;101;284
10975;Ct-5066bzg K15a;92;15
10976;Cl21m21mq;70;15
10977;Cl2645w;70;15
10978;Nn-t695sf;101;284
10979;Kv-21fm100;92;1
10980;Cl21k40mq;92;15
10981;Ct26f7sw;52;15
10982;B25a11z;52;434
10983;29pt4631/55b;70;2
10984;Cl21m16mj;52;15
10985;Hcd-gn660;121;1
10986;Msi Vr330x;83;92
10987;Gx8518/77;97;2
10988;Hp-1702;152;424
10989;Dth-1446;52;286
10990;Hpt2071 Chasis 34bi;52;203
10991;Cl-21a9w;52;15
10992;21pt6333/85;52;2
10993;F199;59;648
10994;21pt6146/85;52;2
10995;Cs-20201;52;244
10996;Cmt-9842x;52;156
10997;Dtq.1457fs;52;363
10998;Ctpf2162;52;649
10999;25pt6341/85;52;2
11000;304.49010001;52;650
11001;29sl42/5;52;1
11002;Az1045/17;169;2
11003;Ctc185b4;52;314
11004;20ll27 0122;52;2
11005;Ffh-171a;104;14
11006;Dvd-v6500;60;15
11007;Pe1226;59;424
11008;Kv-2150r/5;52;1
11009;Cl32g40;52;410
11010;Dvp-ns53p;60;1
11011;Xbox;80;542
11012;Cd-107;169;472
11013;Dtq-14n3fc;52;11
11014;R-307ew;101;354
11015;E2539fqu;52;651
11016;20ll27 0121;52;2
11017;Pc-1013;52;141
11018;Tvcr13e1;96;652
11019;Tc9895tb;52;15
11020;Kv-25fs12/5;52;1
11021;Psafgu-07101j;79;410
11022;Dvd-s1;60;284
11023;Ct-501e;52;15
11024;Ct-2151r;52;284
11025;934.44708890;96;650
11026;Cn-20b30h;52;14
11027;19nv10;52;354
11028;Etv2588;52;129
11029;Ct-21r1;52;410
11030;Etv1501pf;52;129
11031;20ll200122;52;2
11032;Ms1442ep;101;14
11033;26ll500131;52;2
11034;Lc-1001;59;653
11035;Ds25430;52;20
11036;Nn-6368;101;284
11037;Xt-20a9;52;654
11038;Qt-cd5;169;354
11039;Ct516v;52;15
11040;Ct5012v2;52;15
11041;Cn-20d99;52;14
11042;R15-100;202;2
11043;Dtq-20d4ss;144;11
11044;13rv69;144;354
11045;Tsm-2002;144;655
11046;Mr-333;104;9
11047;K9115sf5;144;363
11048;Mcp-334;104;284
11049;Esteroplus.- (5-2-04);144;264
11050;Ad13a;144;24
11051;Ad20a;144;24
11052;St6720-sa;144;24
11053;14tc90;144;25
11054;Cv-14t21n-1m2;144;31
11055;C200ns;144;32
11056;28pulg;144;656
11057;Televideo Mod. Tvr3;144;656
11058;Vcr/tv Mod Tvr1;144;656
11059;Vcr/tv Mod Tvr2.;144;656
11060;28t2s;144;657
11061;"9637-vtx 14""";144;657
11062;14pul.;144;658
11063;Log-141tc;144;658
11064;14;144;658
11065;2820 Chasis C960;144;659
11066;Ac-201m;144;7
11067;Ac-245;144;7
11068;Ac-257;144;7
11069;St2160;144;7
11070;37xx (lx2500 Chasis);144;44
11071;Ls5500;144;44
11072;Bl - 2815 Sttx;144;46
11073;Bl 2100 Ntd;144;46
11074;14b3m04;144;47
11075;Ctv-14txt;144;660
11076;S/remoto, Chasis C-32d;144;58
11077;Ctvg-4545ls;144;12
11078;Ctvg-4545lst;144;12
11079;Ctvg-4545sl;144;12
11080;Green 325;83;661
11081;28mn20e (chasis Tx92f);52;403
11082;551v;203;15
11083;753s;203;15
11084;Kv-29sl42/5;144;1
11085;To-4-2141ft;52;3
11086;Rp-29cc26;70;14
11087;Rp-20cb20b Chassis Mc 59a;52;14
11088;Prosync 551b;59;662
11089;Gt555;121;663
11090;Ac09383pb;52;223
11091;Jd-vd501;60;527
11092;Lh-t252sc;106;14
11093;Kv-34sl40/5;52;527
11094;Kv-27xbr37;52;527
11095;F19291br;52;314
11096;Kv-21fv12/5;52;527
11097;Dv298h;60;14
11098;Kv-25v10m;52;527
11099;Kv-27ts27;52;527
11100;Kv-1946r;52;1
11101;Av-27020;52;196
11102;Dxs-2000;60;664
11103;Mc-21s110;52;354
11104;Tc9365tb;52;15
11105;Dg-k518;60;11
11106;Kv-34sl40/5;52;1
11107;Dvd-v4800;204;15
11108;Mtv2006;52;444
11109;Dv-s5um;60;354
11110;Lp2207;75;451
11111;Cl-29d4wg7;144;15
11112;Cl21a8w;52;15
11113;Krx-891;69;454
11114;Hdft32lcd;75;665
11115;Kv-1438r;52;1
11116;Lc200em8;75;1
11117;Mtv21f1;52;444
11118;Rp-20cb60 Chasssis Sc-023a;205;14
11119;Hcd-a195;77;1
11120;Tx1030la;83;348
11121;V3215la;206;494
11122;C1406;52;196
11123;F 250;56;15
11124;1504fp;152;477
11125;Dvd-224;60;593
11126;Dvd 1500;140;472
11127;Laserjet 2430;95;424
11128;Gm-150 150;207;666
11129;Cartuchos Cl31,pg30,cl41,pg41;53;334
11130;14l17;52;2
11131;14t3132;144;2
11132;Vpc-s50ex;65;20
11133;Rt1401;52;667
11134;Kv-27ts29;70;635
11135;Ct5038;205;15
11136;Plaqueta Elect. 3560089039;135;668
11137;Dv6000;83;348
11138;740nw;75;15
11139;Nsx-s222;78;26
11140;Cl17m6mq;52;15
11141;Ct-2187rw;52;255
11142;531x;52;11
11143;Studio Works 553v;59;14
11144;6080;56;264
11145;F500;83;424
11146;Ctf2112p;52;284
11147;Rp-20cb25a;70;14
11148;Prueba;55;282
11149;To-4-2941ft;52;3
11150;Tc20b12;52;284
11151;29fs4rk;52;14
11152;Cl-29d8bw7x;52;15
11153;Cl-29d4w;52;15
11154;Mr-21v276;52;314
11155;700g;75;451
11156;K550i;56;205
11157;Er-350ii;68;669
11158;Ds27630;52;20
11159;Tvs-2142ma;52;20
11160;Sd-2130;149;352
11161;Tg2100-a;149;24
11162;Gm-du1265;149;472
11163;1100;56;264
11164;Ht-2072;52;286
11165;Ct-3302k;52;15
11166;Ct-323k;52;670
11167;Cmx-4540;52;481
11168;Kv-34sl40/8;52;1
11169;Tc-1543r;52;85
11170;Tcb1421p;52;96
11171;Ct-6848;52;15
11172;Uc-w5;104;13
11173;;132;527
11174;"Ct-g3356w-32\""";52;284
11175;Kv29cl11b;52;1
11176;??;52;234
11177;14pt138a/77b;52;2
11178;Ca-dxt7;78;196
11179;Tk - 2036;52;395
11180;21f29-rc;52;9
11181;Dtq-20v1scn;52;11
11182;474a;60;671
11183;W1907;59;424
11184;2920st;52;203
11185;Kv-2071mx;52;1
11186;Dtq-21u8ss;52;11
11187;Cp-29m30a;52;14
11188;B-2020cr;52;672
11189;Tv-2765s;52;188
11190;28hw-53e;52;354
11191;Rc-4020pn;52;316
11192;20tc644;70;262
11193;Kv-21fa515;52;1
11194;Kv-32xbr55;52;1
11195;Ltv-20v4;192;673
11196;Ct-21m16mj;52;15
11197;Ct21m16mj, Chasis Ks9ap;52;15
11198;Rp21fd60 Chasis Sc-023a;52;14
11199;12nm100, Cn13m10, Chas. Sn-000;52;354
11200;Hcd--gn800;77;1
11201;Rp-21fa38z;52;14
11202;Rcd009;117;314
11203;Dp170;60;14
11204;Kv-9pt50/5;144;1
11205;Dtq-19p2fc;144;11
11206;Pcchips M810l Ver 7.1c;147;447
11207;20ll290 125;52;2
11208;C20lv23m;52;20
11209;M14b30h;52;156
11210;Hcd-mg310;64;1
11211;5v+;59;674
11212;C458e;59;155
11213;Hcd-rg66t;64;1
11214;Zzzzzz;52;675
11215;Av27720;52;196
11216;Tv-29dkfs;52;676
11217;20tc640;144;262
11218;Kv-24fs100;52;635
11219;Kv-14r10;52;1
11220;Tx-t2782qx;52;15
11221;Kv19tr20;52;1
11222;Ct501fl;52;15
11223;Ct-g2174j;52;284
11224;Chasis-k57;52;15
11225;1452;52;286
11226;Kp-53v100;52;1
11227;Vostro 1510;79;477
11228;Pcg-7a2l;79;1
11229;Satellite A45-s121;79;410
11230;Ct-z21r2;52;284
11231;Aficio 1018;86;496
11232;Gr-203 Chasis H-904f-04;52;4
11233;2990a;52;314
11234;Stylus Pro 4800;53;131
11235;Max-zs530;121;15
11236;45 T989511k;89;677
11237;Tcq-1437f;52;678
11238;Cdx-s2017x;64;1
11239;Se 6100;208;679
11240;Uf-490;58;284
11241;Uf-585;58;284
11243;Intel i3;76;682
11244;nn;53;261
11245;nn;53;261
11246;MX 410;53;684
11247;MX410de;53;684
11248;S/M;76;665
11249;S/M;76;688
11250;MX622;53;684
11251;MX310;53;684
11252;Magnun;76;447
11253;S/M;76;447
11254;Performance;76;447
11255;S/M;76;689
11256;SK835;76;690
11257;Eurocase;76;691
11258;MAGNUM;76;693
11259;PCB-260;76;694
11260;S/M;76;690
11261;PERFORMARCE;76;696
11262;brb;76;695
11263;S/M;76;697
11264;Oxxon;76;698
11265;HP PRO 340;76;424
11266;S/M;76;695
11267;Laserjet P1102W;53;424
11268;C6122;76;203
11269;EUK4209;76;691
11270;SK835;147;690
11271;HP PRO;76;348
11272;S/M;76;696
11273;OPTIPLEX 780;76;477
11274;MTK835;76;690
11275;ThinkCentre E73Z;213;493
11276;clon;147;447
11277;DX-ATX600-6810;76;696
11278;S/M;76;703
11279;pc;150;704
11280;S/M;82;696
11281;LX 350;53;131
11282;All in one Bangho;76;688
11283;M2020W;53;15
11284;CE657A;53;424
11285;6810;76;696
11286;Biswal;76;706
11287;MC230;76;256
11288;5825;76;695
11289;S/M;76;696
11290;LE-G001;76;703
11291;N/D;76;702
11292;5B25;76;695
11293;Generico;76;699
11294;S/M;76;709
11295;S/M;76;699
11296;S/M;76;710
11297;SB25;76;695
11298;S/M;109;690
11299;Genérico;76;696
11300;S/M;76;696
11301;OVER CASE;76;711
11302;MT-K835;109;690
