satmanager_order,received_at,finished_at,delivered_at,requester_name,requester_email,requester_phone,office,address,equipment_type,brand,model,serial_number,accessories,fault_description,technical_report,diagnosis,solution,observations,priority,source,imported_at,satmanager_table,satmanager_raw
1,2025-08-11T00:00:00-03:00,,,Planeamiento y Calidad Educativa,,,Planeamiento y Calidad Educativa,,PC,Gigabyte,Intel i3,08206810k3-00665,Mother Gigabyte H510M - Intel I3-10105 - DDR4 8GB,"Se ha identificado una falla en la motherboard: el disipador del chip de video se sobrecalienta. Se recomienda cambio de mother, micro y memoria","Se procedió al cambio de mother, micro y memoria pero la falla persiste.",,"Se procedió al cambio de mother, micro y memoria pero la falla persiste.",Técnico SATMANAGER: Ing. Fernando Gambino | Costo mano de obra original: 0.0 | Entrega original: 0.0,Media,SATMANAGER,2026-06-03T16:16:10-03:00,REPARACIONES,"{""ReparacionesCodigo"": ""1"", ""ReparacionesFecha"": ""2025-08-11"", ""ClientesCodigo"": ""1"", ""EquiposCodigo"": ""1"", ""ReparacionesFalla"": ""Se ha identificado una falla en la motherboard: el disipador del chip de video se sobrecalienta. Se recomienda cambio de mother, micro y memoria"", ""ReparacionesInformeTecnico"": ""Se procedió al cambio de mother, micro y memoria pero la falla persiste."", ""ReparacionesFechaEntregado"": ""98-11-26"", ""ReparacionesTerminada"": ""1"", ""ReparacionesAccesorios"": ""Mother Gigabyte H510M - Intel I3-10105 - DDR4 8GB"", ""TecnicosCodigo"": ""5"", ""ReparacionesEntrega"": ""0.0"", ""ReparacionesCostoManoObra"": ""0.0""}"
2,2025-08-11T00:00:00-03:00,2025-08-11T00:00:00-03:00,2025-08-11T00:00:00-03:00,Asuntos Jurídicos,,,Asuntos Jurídicos,Avenida Sarmiento 850,PC,Clon,Clon,S/N,,Configuracion de usuario,,,,Técnico SATMANAGER: Fernanda Jaime | Costo mano de obra original: 0.0 | Entrega original: 0.0,Media,SATMANAGER,2026-06-03T16:16:10-03:00,REPARACIONES,"{""ReparacionesCodigo"": ""2"", ""ReparacionesFecha"": ""2025-08-11"", ""ClientesCodigo"": ""10"", ""EquiposCodigo"": ""2"", ""ReparacionesFalla"": ""Configuracion de usuario"", ""ReparacionesInformeTecnico"": """", ""ReparacionesFechaEntregado"": ""2025-08-11"", ""ReparacionesTerminada"": ""1"", ""ReparacionesAccesorios"": """", ""TecnicosCodigo"": ""2"", ""ReparacionesEntrega"": ""0.0"", ""ReparacionesCostoManoObra"": ""0.0""}"
3,2025-08-11T00:00:00-03:00,2025-08-11T00:00:00-03:00,2025-08-11T00:00:00-03:00,Planes Nacionales,,,Planes Nacionales,,Impresora,Lexmark,MX410de,MAC-0021B79DCC78,,Reclamo: No se conecta la impresora- Sergio,El Servicio de cola de impresión estaba detenido. Solucionado.,,El Servicio de cola de impresión estaba detenido. Solucionado.,Técnico SATMANAGER: Gabriela Mendoza | Costo mano de obra original: 0.0 | Entrega original: 0.0,Media,SATMANAGER,2026-06-03T16:16:10-03:00,REPARACIONES,"{""ReparacionesCodigo"": ""3"", ""ReparacionesFecha"": ""2025-08-11"", ""ClientesCodigo"": ""4"", ""EquiposCodigo"": ""5"", ""ReparacionesFalla"": ""Reclamo: No se conecta la impresora- Sergio"", ""ReparacionesInformeTecnico"": ""El Servicio de cola de impresión estaba detenido. Solucionado."", ""ReparacionesFechaEntregado"": ""2025-08-11"", ""ReparacionesTerminada"": ""1"", ""ReparacionesAccesorios"": """", ""TecnicosCodigo"": ""8"", ""ReparacionesEntrega"": ""0.0"", ""ReparacionesCostoManoObra"": ""0.0""}"
4,2025-08-08T00:00:00-03:00,2025-08-13T00:00:00-03:00,2025-08-13T00:00:00-03:00,GPI- Gabinete Pedagógico Interdisciplinario,gpi@educaciontuc.gov.ar,,GPI- Gabinete Pedagógico Interdisciplinario,José Colombres 286,PC,S/M,S/M,GPI-001,,Solicita la revisión de la PC y backup.,11/08/2025 Por nota aclaran que no es necesario el resguardo de los datos.,,11/08/2025 Por nota aclaran que no es necesario el resguardo de los datos.,Técnico SATMANAGER: Claudio Simeon | Costo mano de obra original: 0.0 | Entrega original: 0.0,Media,SATMANAGER,2026-06-03T16:16:10-03:00,REPARACIONES,"{""ReparacionesCodigo"": ""4"", ""ReparacionesFecha"": ""2025-08-08"", ""ClientesCodigo"": ""5"", ""EquiposCodigo"": ""6"", ""ReparacionesFalla"": ""Solicita la revisión de la PC y backup."", ""ReparacionesInformeTecnico"": ""11/08/2025 Por nota aclaran que no es necesario el resguardo de los datos."", ""ReparacionesFechaEntregado"": ""2025-08-13"", ""ReparacionesTerminada"": ""1"", ""ReparacionesAccesorios"": """", ""TecnicosCodigo"": ""7"", ""ReparacionesEntrega"": ""0.0"", ""ReparacionesCostoManoObra"": ""0.0""}"
5,2025-08-13T00:00:00-03:00,2025-08-13T00:00:00-03:00,2025-08-13T00:00:00-03:00,Auditoria,,,Auditoria,Avenida Sarmiento 850,PC,S/M,S/M,2132,,El Word Office se cierra transcurridos unos minutos. Se instala una versión anterior (Office 2013),"La versión instalada de Office 2024, no es estable por lo cual se instala una versión anterior.(2013)",,"La versión instalada de Office 2024, no es estable por lo cual se instala una versión anterior.(2013)",Técnico SATMANAGER: Gabriela Mendoza | Costo mano de obra original: 0.0 | Entrega original: 0.0,Media,SATMANAGER,2026-06-03T16:16:10-03:00,REPARACIONES,"{""ReparacionesCodigo"": ""5"", ""ReparacionesFecha"": ""2025-08-13"", ""ClientesCodigo"": ""6"", ""EquiposCodigo"": ""7"", ""ReparacionesFalla"": ""El Word Office se cierra transcurridos unos minutos. Se instala una versión anterior (Office 2013)"", ""ReparacionesInformeTecnico"": ""La versión instalada de Office 2024, no es estable por lo cual se instala una versión anterior.(2013)"", ""ReparacionesFechaEntregado"": ""2025-08-13"", ""ReparacionesTerminada"": ""1"", ""ReparacionesAccesorios"": """", ""TecnicosCodigo"": ""8"", ""ReparacionesEntrega"": ""0.0"", ""ReparacionesCostoManoObra"": ""0.0""}"
6,2025-08-14T00:00:00-03:00,2025-08-14T00:00:00-03:00,2025-08-14T00:00:00-03:00,Novedades Salariales,,,Novedades Salariales,,Impresora,Lexmark,MX622,788C7760C93A,,No puede imprimir.,"Se reinstala los drivers de la impresora, además la cola de impresión estaba detenida. Solucionado.",,"Se reinstala los drivers de la impresora, además la cola de impresión estaba detenida. Solucionado.",Técnico SATMANAGER: Gabriela Mendoza | Costo mano de obra original: 0.0 | Entrega original: 0.0,Media,SATMANAGER,2026-06-03T16:16:10-03:00,REPARACIONES,"{""ReparacionesCodigo"": ""6"", ""ReparacionesFecha"": ""2025-08-14"", ""ClientesCodigo"": ""7"", ""EquiposCodigo"": ""8"", ""ReparacionesFalla"": ""No puede imprimir."", ""ReparacionesInformeTecnico"": ""Se reinstala los drivers de la impresora, además la cola de impresión estaba detenida. Solucionado."", ""ReparacionesFechaEntregado"": ""2025-08-14"", ""ReparacionesTerminada"": ""1"", ""ReparacionesAccesorios"": """", ""TecnicosCodigo"": ""8"", ""ReparacionesEntrega"": ""0.0"", ""ReparacionesCostoManoObra"": ""0.0""}"
7,2025-08-14T00:00:00-03:00,2025-08-14T00:00:00-03:00,2025-08-14T00:00:00-03:00,Insumos y Aprestamiento,,,Insumos y Aprestamiento,Avenida Sarmiento 850,PC,S/M,S/M,AdministracionO1,,Archivo de Excel corrupto,Se trató de recuperar archivo dañado de la carpeta compartida. Solucionado.,,Se trató de recuperar archivo dañado de la carpeta compartida. Solucionado.,Técnico SATMANAGER: Gabriela Mendoza | Costo mano de obra original: 0.0 | Entrega original: 0.0,Media,SATMANAGER,2026-06-03T16:16:10-03:00,REPARACIONES,"{""ReparacionesCodigo"": ""7"", ""ReparacionesFecha"": ""2025-08-14"", ""ClientesCodigo"": ""8"", ""EquiposCodigo"": ""9"", ""ReparacionesFalla"": ""Archivo de Excel corrupto"", ""ReparacionesInformeTecnico"": ""Se trató de recuperar archivo dañado de la carpeta compartida. Solucionado."", ""ReparacionesFechaEntregado"": ""2025-08-14"", ""ReparacionesTerminada"": ""1"", ""ReparacionesAccesorios"": """", ""TecnicosCodigo"": ""8"", ""ReparacionesEntrega"": ""0.0"", ""ReparacionesCostoManoObra"": ""0.0""}"
8,2025-08-18T00:00:00-03:00,2025-11-12T00:00:00-03:00,2025-11-12T00:00:00-03:00,Educación Inicial,,,Educación Inicial,Avenida Sarmiento 850,PC,S/M,S/M,18012489,,PC se reinicia.Da pantallazo azul. Posible falla de disco.,"Se intento hacer backup desde la misma pc, tambien colgandola de otra pc y en ambos casos se clava. 21/8 se deja informe para solicitar disco nuevo. 15/09 traen disco nuevo, se procede al cambio",,"Se intento hacer backup desde la misma pc, tambien colgandola de otra pc y en ambos casos se clava. 21/8 se deja informe para solicitar disco nuevo. 15/09 traen disco nuevo, se procede al cambio",Técnico SATMANAGER: Fernanda Jaime | Costo mano de obra original: 0.0 | Entrega original: 0.0,Media,SATMANAGER,2026-06-03T16:16:10-03:00,REPARACIONES,"{""ReparacionesCodigo"": ""8"", ""ReparacionesFecha"": ""2025-08-18"", ""ClientesCodigo"": ""9"", ""EquiposCodigo"": ""10"", ""ReparacionesFalla"": ""PC se reinicia.Da pantallazo azul. Posible falla de disco."", ""ReparacionesInformeTecnico"": ""Se intento hacer backup desde la misma pc, tambien colgandola de otra pc y en ambos casos se clava. 21/8 se deja informe para solicitar disco nuevo. 15/09 traen disco nuevo, se procede al cambio"", ""ReparacionesFechaEntregado"": ""2025-11-12"", ""ReparacionesTerminada"": ""1"", ""ReparacionesAccesorios"": """", ""TecnicosCodigo"": ""2"", ""ReparacionesEntrega"": ""0.0"", ""ReparacionesCostoManoObra"": ""0.0""}"
9,2025-08-18T00:00:00-03:00,2025-08-18T00:00:00-03:00,2025-08-18T00:00:00-03:00,Asuntos Jurídicos,,,Asuntos Jurídicos,Avenida Sarmiento 850,Impresora,Lexmark,MX310,MAC,,No permite imprimir doble cara. Se reinstala drivers de la impresora y se configura Preferencias de Impresión.,Solucionado.,,Solucionado.,Técnico SATMANAGER: Gabriela Mendoza | Costo mano de obra original: 0.0 | Entrega original: 0.0,Media,SATMANAGER,2026-06-03T16:16:10-03:00,REPARACIONES,"{""ReparacionesCodigo"": ""9"", ""ReparacionesFecha"": ""2025-08-18"", ""ClientesCodigo"": ""10"", ""EquiposCodigo"": ""11"", ""ReparacionesFalla"": ""No permite imprimir doble cara. Se reinstala drivers de la impresora y se configura Preferencias de Impresión."", ""ReparacionesInformeTecnico"": ""Solucionado."", ""ReparacionesFechaEntregado"": ""2025-08-18"", ""ReparacionesTerminada"": ""1"", ""ReparacionesAccesorios"": """", ""TecnicosCodigo"": ""8"", ""ReparacionesEntrega"": ""0.0"", ""ReparacionesCostoManoObra"": ""0.0""}"
10,2025-08-21T00:00:00-03:00,,,Personal,,,Personal,Avenida Sarmiento 850,PC,S/M,S/M,083020SK835-0589,,Revisar y optimizar funcionamiento.,,,,Técnico SATMANAGER: Alejandra Choco | Costo mano de obra original: 0.0 | Entrega original: 0.0,Media,SATMANAGER,2026-06-03T16:16:10-03:00,REPARACIONES,"{""ReparacionesCodigo"": ""10"", ""ReparacionesFecha"": ""2025-08-21"", ""ClientesCodigo"": ""11"", ""EquiposCodigo"": ""12"", ""ReparacionesFalla"": ""Revisar y optimizar funcionamiento."", ""ReparacionesInformeTecnico"": """", ""ReparacionesFechaEntregado"": ""98-11-26"", ""ReparacionesTerminada"": ""1"", ""ReparacionesAccesorios"": """", ""TecnicosCodigo"": ""6"", ""ReparacionesEntrega"": ""0.0"", ""ReparacionesCostoManoObra"": ""0.0""}"
11,2025-08-21T00:00:00-03:00,2026-02-27T00:00:00-03:00,2026-02-27T00:00:00-03:00,Personal,,,Personal,Avenida Sarmiento 850,PC,S/M,S/M,082420SK8350569,,Revisar y optimizar funcionamiento.,"Limpieza, Formateo e instalacion de sistema operativo y aplicaciones",,"Limpieza, Formateo e instalacion de sistema operativo y aplicaciones",Técnico SATMANAGER: Alejandra Choco | Costo mano de obra original: 0.0 | Entrega original: 0.0,Media,SATMANAGER,2026-06-03T16:16:10-03:00,REPARACIONES,"{""ReparacionesCodigo"": ""11"", ""ReparacionesFecha"": ""2025-08-21"", ""ClientesCodigo"": ""11"", ""EquiposCodigo"": ""13"", ""ReparacionesFalla"": ""Revisar y optimizar funcionamiento."", ""ReparacionesInformeTecnico"": ""Limpieza, Formateo e instalacion de sistema operativo y aplicaciones"", ""ReparacionesFechaEntregado"": ""2026-02-27"", ""ReparacionesTerminada"": ""1"", ""ReparacionesAccesorios"": """", ""TecnicosCodigo"": ""6"", ""ReparacionesEntrega"": ""0.0"", ""ReparacionesCostoManoObra"": ""0.0""}"
12,2025-09-10T00:00:00-03:00,2025-09-15T00:00:00-03:00,2025-09-15T00:00:00-03:00,Sin solicitante,,,,,PC,S/M,S/M,17012470,Fuente Noga 700W. Disco SSD HIKSEMI 240 GB,Reemplazar Fuente y Disco. Instalar Sist Operativo/Programas,Lista,,Lista,Técnico SATMANAGER: Gabriela Mendoza | Costo mano de obra original: 0.0 | Entrega original: 0.0,Media,SATMANAGER,2026-06-03T16:16:10-03:00,REPARACIONES,"{""ReparacionesCodigo"": ""12"", ""ReparacionesFecha"": ""2025-09-10"", ""ClientesCodigo"": ""12"", ""EquiposCodigo"": ""14"", ""ReparacionesFalla"": ""Reemplazar Fuente y Disco. Instalar Sist Operativo/Programas"", ""ReparacionesInformeTecnico"": ""Lista"", ""ReparacionesFechaEntregado"": ""2025-09-15"", ""ReparacionesTerminada"": ""1"", ""ReparacionesAccesorios"": ""Fuente Noga 700W. Disco SSD HIKSEMI 240 GB"", ""TecnicosCodigo"": ""8"", ""ReparacionesEntrega"": ""0.0"", ""ReparacionesCostoManoObra"": ""0.0""}"
13,2025-09-15T00:00:00-03:00,2025-10-31T00:00:00-03:00,2025-10-31T00:00:00-03:00,Personal,,,Personal,Avenida Sarmiento 850,PC,S/M,S/M,01022410,,Revisar,"Pc no encendia, se prueba con otra fuente, funciona. Solicito fuente nueva mediante nota.",,"Pc no encendia, se prueba con otra fuente, funciona. Solicito fuente nueva mediante nota.",Técnico SATMANAGER: Fernanda Jaime | Costo mano de obra original: 0.0 | Entrega original: 0.0,Media,SATMANAGER,2026-06-03T16:16:10-03:00,REPARACIONES,"{""ReparacionesCodigo"": ""13"", ""ReparacionesFecha"": ""2025-09-15"", ""ClientesCodigo"": ""11"", ""EquiposCodigo"": ""15"", ""ReparacionesFalla"": ""Revisar"", ""ReparacionesInformeTecnico"": ""Pc no encendia, se prueba con otra fuente, funciona. Solicito fuente nueva mediante nota."", ""ReparacionesFechaEntregado"": ""2025-10-31"", ""ReparacionesTerminada"": ""1"", ""ReparacionesAccesorios"": """", ""TecnicosCodigo"": ""2"", ""ReparacionesEntrega"": ""0.0"", ""ReparacionesCostoManoObra"": ""0.0""}"
14,2025-09-15T00:00:00-03:00,2025-10-31T00:00:00-03:00,2025-10-31T00:00:00-03:00,Personal,,,Personal,Avenida Sarmiento 850,PC,S/M,S/M,18012479,,Revisar,"Formateo e instalacion de SO, programas y Pregase con logo nuevo.",,"Formateo e instalacion de SO, programas y Pregase con logo nuevo.",Técnico SATMANAGER: Gabriela Mendoza | Costo mano de obra original: 0.0 | Entrega original: 0.0,Media,SATMANAGER,2026-06-03T16:16:10-03:00,REPARACIONES,"{""ReparacionesCodigo"": ""14"", ""ReparacionesFecha"": ""2025-09-15"", ""ClientesCodigo"": ""11"", ""EquiposCodigo"": ""16"", ""ReparacionesFalla"": ""Revisar"", ""ReparacionesInformeTecnico"": ""Formateo e instalacion de SO, programas y Pregase con logo nuevo."", ""ReparacionesFechaEntregado"": ""2025-10-31"", ""ReparacionesTerminada"": ""1"", ""ReparacionesAccesorios"": """", ""TecnicosCodigo"": ""8"", ""ReparacionesEntrega"": ""0.0"", ""ReparacionesCostoManoObra"": ""0.0""}"
15,2025-09-18T00:00:00-03:00,2025-11-06T00:00:00-03:00,2025-11-06T00:00:00-03:00,Gestión de Títulos y Certificados de Estudios,,,Gestión de Títulos y Certificados de Estudios,Maipu 1081,PC,Clon,Magnun,0060,Ninguno,"Funcionamiento muy lento con reinicios constantes. Se reinstalo Sistema Operativo varias veces, chequeo de disco pasado con reparaciones.",Personal de Gestión de Títulos la retira hasta tanto consiga el repuesto.,,Personal de Gestión de Títulos la retira hasta tanto consiga el repuesto.,Técnico SATMANAGER: Alejandra Choco | Costo mano de obra original: 0.0 | Entrega original: 0.0,Media,SATMANAGER,2026-06-03T16:16:10-03:00,REPARACIONES,"{""ReparacionesCodigo"": ""15"", ""ReparacionesFecha"": ""2025-09-18"", ""ClientesCodigo"": ""14"", ""EquiposCodigo"": ""17"", ""ReparacionesFalla"": ""Funcionamiento muy lento con reinicios constantes. Se reinstalo Sistema Operativo varias veces, chequeo de disco pasado con reparaciones."", ""ReparacionesInformeTecnico"": ""Personal de Gestión de Títulos la retira hasta tanto consiga el repuesto."", ""ReparacionesFechaEntregado"": ""2025-11-06"", ""ReparacionesTerminada"": ""1"", ""ReparacionesAccesorios"": ""Ninguno"", ""TecnicosCodigo"": ""6"", ""ReparacionesEntrega"": ""0.0"", ""ReparacionesCostoManoObra"": ""0.0""}"
16,2025-09-18T00:00:00-03:00,2025-11-06T00:00:00-03:00,2025-11-06T00:00:00-03:00,Gestión de Títulos y Certificados de Estudios,,,Gestión de Títulos y Certificados de Estudios,Maipu 1081,PC,Clon,Magnun,18012403,Ninguno,"Funcionamiento muy lento con reinicios constantes. Se reinstalo Sistema Operativo varias veces, chequeo de disco pasado con reparaciones.",Personal de Gestión de Títulos la retira hasta tanto consiga el repuesto.,,Personal de Gestión de Títulos la retira hasta tanto consiga el repuesto.,Técnico SATMANAGER: Raúl Morales | Costo mano de obra original: 0.0 | Entrega original: 0.0,Media,SATMANAGER,2026-06-03T16:16:10-03:00,REPARACIONES,"{""ReparacionesCodigo"": ""16"", ""ReparacionesFecha"": ""2025-09-18"", ""ClientesCodigo"": ""14"", ""EquiposCodigo"": ""18"", ""ReparacionesFalla"": ""Funcionamiento muy lento con reinicios constantes. Se reinstalo Sistema Operativo varias veces, chequeo de disco pasado con reparaciones."", ""ReparacionesInformeTecnico"": ""Personal de Gestión de Títulos la retira hasta tanto consiga el repuesto."", ""ReparacionesFechaEntregado"": ""2025-11-06"", ""ReparacionesTerminada"": ""1"", ""ReparacionesAccesorios"": ""Ninguno"", ""TecnicosCodigo"": ""4"", ""ReparacionesEntrega"": ""0.0"", ""ReparacionesCostoManoObra"": ""0.0""}"
17,2025-09-18T00:00:00-03:00,2025-11-06T00:00:00-03:00,2025-11-06T00:00:00-03:00,Gestión de Títulos y Certificados de Estudios,,,Gestión de Títulos y Certificados de Estudios,Maipu 1081,PC,Clon,S/M,0047,Ninguno,Disco en modo sólo lectura. Se reinicia constantemente. No puede generarse partición ni instalar sistema operativo.,Personal de Gestión de Títulos la retira hasta tanto consiga el repuesto.,,Personal de Gestión de Títulos la retira hasta tanto consiga el repuesto.,Técnico SATMANAGER: Raúl Morales | Costo mano de obra original: 0.0 | Entrega original: 0.0,Media,SATMANAGER,2026-06-03T16:16:10-03:00,REPARACIONES,"{""ReparacionesCodigo"": ""17"", ""ReparacionesFecha"": ""2025-09-18"", ""ClientesCodigo"": ""14"", ""EquiposCodigo"": ""19"", ""ReparacionesFalla"": ""Disco en modo sólo lectura. Se reinicia constantemente. No puede generarse partición ni instalar sistema operativo."", ""ReparacionesInformeTecnico"": ""Personal de Gestión de Títulos la retira hasta tanto consiga el repuesto."", ""ReparacionesFechaEntregado"": ""2025-11-06"", ""ReparacionesTerminada"": ""1"", ""ReparacionesAccesorios"": ""Ninguno"", ""TecnicosCodigo"": ""4"", ""ReparacionesEntrega"": ""0.0"", ""ReparacionesCostoManoObra"": ""0.0""}"
18,2025-09-19T00:00:00-03:00,2025-09-25T00:00:00-03:00,2025-09-25T00:00:00-03:00,Novedades Salariales,,,Novedades Salariales,,PC,Clon,Performance,225,Ninguno,Se observa que el sistema se reinició en repetidas oportunidades mostrando el siguiente mensaje de error: System Service Exception.,Mediante las herramientas de diágnostico se detecta sectores defectuosos en el disco SSD. Se recomienda su reemplazo.Se realiza y entrega informe técnico para iniciar expediente.,,Mediante las herramientas de diágnostico se detecta sectores defectuosos en el disco SSD. Se recomienda su reemplazo.Se realiza y entrega informe técnico para iniciar expediente.,Costo mano de obra original: 0.0 | Entrega original: 0.0,Media,SATMANAGER,2026-06-03T16:16:10-03:00,REPARACIONES,"{""ReparacionesCodigo"": ""18"", ""ReparacionesFecha"": ""2025-09-19"", ""ClientesCodigo"": ""7"", ""EquiposCodigo"": ""20"", ""ReparacionesFalla"": ""Se observa que el sistema se reinició en repetidas oportunidades mostrando el siguiente mensaje de error: System Service Exception."", ""ReparacionesInformeTecnico"": ""Mediante las herramientas de diágnostico se detecta sectores defectuosos en el disco SSD. Se recomienda su reemplazo.Se realiza y entrega informe técnico para iniciar expediente."", ""ReparacionesFechaEntregado"": ""2025-09-25"", ""ReparacionesTerminada"": ""1"", ""ReparacionesAccesorios"": ""Ninguno"", ""TecnicosCodigo"": ""0"", ""ReparacionesEntrega"": ""0.0"", ""ReparacionesCostoManoObra"": ""0.0""}"
19,2025-09-25T00:00:00-03:00,2025-09-25T00:00:00-03:00,2025-09-25T00:00:00-03:00,Educación Rural,,,Educación Rural,Maipu 1079,PC,CX,S/M,400740701,,No levanta sistema operativo. Falla de disco,"Debido a la falla de disco, se realizó su reemplazo. Se instalo sistema operativo y se hizo backup de los datos del disco dañado.",,"Debido a la falla de disco, se realizó su reemplazo. Se instalo sistema operativo y se hizo backup de los datos del disco dañado.",Técnico SATMANAGER: Claudio Simeon | Costo mano de obra original: 0.0 | Entrega original: 0.0,Media,SATMANAGER,2026-06-03T16:16:10-03:00,REPARACIONES,"{""ReparacionesCodigo"": ""19"", ""ReparacionesFecha"": ""2025-09-25"", ""ClientesCodigo"": ""15"", ""EquiposCodigo"": ""21"", ""ReparacionesFalla"": ""No levanta sistema operativo. Falla de disco"", ""ReparacionesInformeTecnico"": ""Debido a la falla de disco, se realizó su reemplazo. Se instalo sistema operativo y se hizo backup de los datos del disco dañado."", ""ReparacionesFechaEntregado"": ""2025-09-25"", ""ReparacionesTerminada"": ""1"", ""ReparacionesAccesorios"": """", ""TecnicosCodigo"": ""7"", ""ReparacionesEntrega"": ""0.0"", ""ReparacionesCostoManoObra"": ""0.0""}"
20,2025-09-26T00:00:00-03:00,2025-09-29T00:00:00-03:00,2025-09-29T00:00:00-03:00,Novedades Salariales,,,Novedades Salariales,,PC,Magnum Tech,SK835,141,,Formatear e instalar SO+programas,Terminada y Entregada,,Terminada y Entregada,Técnico SATMANAGER: Gabriela Mendoza | Costo mano de obra original: 0.0 | Entrega original: 0.0,Media,SATMANAGER,2026-06-03T16:16:10-03:00,REPARACIONES,"{""ReparacionesCodigo"": ""20"", ""ReparacionesFecha"": ""2025-09-26"", ""ClientesCodigo"": ""7"", ""EquiposCodigo"": ""22"", ""ReparacionesFalla"": ""Formatear e instalar SO+programas"", ""ReparacionesInformeTecnico"": ""Terminada y Entregada"", ""ReparacionesFechaEntregado"": ""2025-09-29"", ""ReparacionesTerminada"": ""1"", ""ReparacionesAccesorios"": """", ""TecnicosCodigo"": ""8"", ""ReparacionesEntrega"": ""0.0"", ""ReparacionesCostoManoObra"": ""0.0""}"
21,2025-10-02T00:00:00-03:00,2025-10-20T00:00:00-03:00,2025-10-20T00:00:00-03:00,Planes Nacionales,,,Planes Nacionales,,PC,Eurocase,Eurocase,0171,,"Se reinicia, anda lento","Se formateo, se hizo backup. Lista para retirar.  Retirada y vuelta a traer por falla electrica al iniciar.  Se probo y recupero en area tecnica y ya esta lista para retiro",,"Se formateo, se hizo backup. Lista para retirar.  Retirada y vuelta a traer por falla electrica al iniciar.  Se probo y recupero en area tecnica y ya esta lista para retiro",Técnico SATMANAGER: Fernanda Jaime | Costo mano de obra original: 0.0 | Entrega original: 0.0,Media,SATMANAGER,2026-06-03T16:16:10-03:00,REPARACIONES,"{""ReparacionesCodigo"": ""21"", ""ReparacionesFecha"": ""2025-10-02"", ""ClientesCodigo"": ""4"", ""EquiposCodigo"": ""23"", ""ReparacionesFalla"": ""Se reinicia, anda lento"", ""ReparacionesInformeTecnico"": ""Se formateo, se hizo backup. Lista para retirar.  Retirada y vuelta a traer por falla electrica al iniciar.  Se probo y recupero en area tecnica y ya esta lista para retiro"", ""ReparacionesFechaEntregado"": ""2025-10-20"", ""ReparacionesTerminada"": ""1"", ""ReparacionesAccesorios"": """", ""TecnicosCodigo"": ""2"", ""ReparacionesEntrega"": ""0.0"", ""ReparacionesCostoManoObra"": ""0.0""}"
22,2025-10-02T00:00:00-03:00,,,Presupuesto,,,Presupuesto,Av Sarmiento 850,PC,MAGNUM,MAGNUM,88,,"Unidad estado solido con falla critica, se solicitara reemplazo",,,,Técnico SATMANAGER: Mateo Fornaciari | Costo mano de obra original: 0.0 | Entrega original: 0.0,Media,SATMANAGER,2026-06-03T16:16:10-03:00,REPARACIONES,"{""ReparacionesCodigo"": ""22"", ""ReparacionesFecha"": ""2025-10-02"", ""ClientesCodigo"": ""17"", ""EquiposCodigo"": ""24"", ""ReparacionesFalla"": ""Unidad estado solido con falla critica, se solicitara reemplazo"", ""ReparacionesInformeTecnico"": """", ""ReparacionesFechaEntregado"": ""98-11-26"", ""ReparacionesTerminada"": ""0"", ""ReparacionesAccesorios"": """", ""TecnicosCodigo"": ""3"", ""ReparacionesEntrega"": ""0.0"", ""ReparacionesCostoManoObra"": ""0.0""}"
23,2025-10-09T00:00:00-03:00,2025-10-20T00:00:00-03:00,2025-10-20T00:00:00-03:00,Dirección de Primaria,,3815476155,Dirección de Primaria,Avenida Sarmiento 850,PC,PCBOX,PCB-260,52003926022,Sin accesorios,Revisión y urgente reparación.,Reparación de disco HD utilizando la herramienta HDD Regenerator. Formateo e instalación. Se realizó backup en carpeta Backup16octubre25.,,Reparación de disco HD utilizando la herramienta HDD Regenerator. Formateo e instalación. Se realizó backup en carpeta Backup16octubre25.,Técnico SATMANAGER: Gabriela Mendoza | Costo mano de obra original: 0.0 | Entrega original: 0.0,Media,SATMANAGER,2026-06-03T16:16:10-03:00,REPARACIONES,"{""ReparacionesCodigo"": ""23"", ""ReparacionesFecha"": ""2025-10-09"", ""ClientesCodigo"": ""18"", ""EquiposCodigo"": ""25"", ""ReparacionesFalla"": ""Revisión y urgente reparación."", ""ReparacionesInformeTecnico"": ""Reparación de disco HD utilizando la herramienta HDD Regenerator. Formateo e instalación. Se realizó backup en carpeta Backup16octubre25."", ""ReparacionesFechaEntregado"": ""2025-10-20"", ""ReparacionesTerminada"": ""1"", ""ReparacionesAccesorios"": ""Sin accesorios"", ""TecnicosCodigo"": ""8"", ""ReparacionesEntrega"": ""0.0"", ""ReparacionesCostoManoObra"": ""0.0""}"
24,2025-10-14T00:00:00-03:00,2025-10-24T00:00:00-03:00,2025-10-24T00:00:00-03:00,Planeamiento y Calidad Educativa,,,Planeamiento y Calidad Educativa,,PC,Magnum Tech,S/M,108020SK835-1231,,"Revisión y diagnóstico, debido a su mal funcionamiento.",Falla en disco por lo cual se solicita su reemplazo. Se realizó y entregó informe técnico necesario para el inicio del expediente.,,Falla en disco por lo cual se solicita su reemplazo. Se realizó y entregó informe técnico necesario para el inicio del expediente.,Técnico SATMANAGER: Raúl Morales | Costo mano de obra original: 0.0 | Entrega original: 0.0,Media,SATMANAGER,2026-06-03T16:16:10-03:00,REPARACIONES,"{""ReparacionesCodigo"": ""24"", ""ReparacionesFecha"": ""2025-10-14"", ""ClientesCodigo"": ""1"", ""EquiposCodigo"": ""26"", ""ReparacionesFalla"": ""Revisión y diagnóstico, debido a su mal funcionamiento."", ""ReparacionesInformeTecnico"": ""Falla en disco por lo cual se solicita su reemplazo. Se realizó y entregó informe técnico necesario para el inicio del expediente."", ""ReparacionesFechaEntregado"": ""2025-10-24"", ""ReparacionesTerminada"": ""1"", ""ReparacionesAccesorios"": """", ""TecnicosCodigo"": ""4"", ""ReparacionesEntrega"": ""0.0"", ""ReparacionesCostoManoObra"": ""0.0""}"
25,2025-10-14T00:00:00-03:00,2025-10-27T00:00:00-03:00,2025-10-27T00:00:00-03:00,Novedades Salariales,,,Novedades Salariales,,PC,Clon,S/M,197,,Se observa que la PC sólo tiene un puerto USB funcionando.,"Se realizo limpieza con aire, se cambio pasta termica, se lubricaron puertos USB, se controlaron los puertos USB y se constato su funcionamiento. LISTA P RETIRAR",,"Se realizo limpieza con aire, se cambio pasta termica, se lubricaron puertos USB, se controlaron los puertos USB y se constato su funcionamiento. LISTA P RETIRAR",Técnico SATMANAGER: Mateo Fornaciari | Costo mano de obra original: 0.0 | Entrega original: 0.0,Media,SATMANAGER,2026-06-03T16:16:10-03:00,REPARACIONES,"{""ReparacionesCodigo"": ""25"", ""ReparacionesFecha"": ""2025-10-14"", ""ClientesCodigo"": ""7"", ""EquiposCodigo"": ""27"", ""ReparacionesFalla"": ""Se observa que la PC sólo tiene un puerto USB funcionando."", ""ReparacionesInformeTecnico"": ""Se realizo limpieza con aire, se cambio pasta termica, se lubricaron puertos USB, se controlaron los puertos USB y se constato su funcionamiento. LISTA P RETIRAR"", ""ReparacionesFechaEntregado"": ""2025-10-27"", ""ReparacionesTerminada"": ""1"", ""ReparacionesAccesorios"": """", ""TecnicosCodigo"": ""3"", ""ReparacionesEntrega"": ""0.0"", ""ReparacionesCostoManoObra"": ""0.0""}"
26,2025-10-15T00:00:00-03:00,2025-10-16T00:00:00-03:00,2025-10-16T00:00:00-03:00,Despacho,,,Despacho,av Sarmiento 850,PC,MAGNUM,MAGNUM,0036,Disco SSD HIKSEMI WAVE,"La PC fue traida por cambio de Disco, ya habia sido revisada con anterioridad, solicitandosele en esa oportunidad disco nuevo mediante informe",15/10/25 PC lista para retirar acompañada de disco anterior con falla (MarkVision). Formateada e instalados programas. Sin backup (no solicitado)16/10/25 la pc fue retirada y configurada en su puesto,,15/10/25 PC lista para retirar acompañada de disco anterior con falla (MarkVision). Formateada e instalados programas. Sin backup (no solicitado)16/10/25 la pc fue retirada y configurada en su puesto,Técnico SATMANAGER: Fernanda Jaime | Costo mano de obra original: 0.0 | Entrega original: 0.0,Media,SATMANAGER,2026-06-03T16:16:10-03:00,REPARACIONES,"{""ReparacionesCodigo"": ""26"", ""ReparacionesFecha"": ""2025-10-15"", ""ClientesCodigo"": ""19"", ""EquiposCodigo"": ""28"", ""ReparacionesFalla"": ""La PC fue traida por cambio de Disco, ya habia sido revisada con anterioridad, solicitandosele en esa oportunidad disco nuevo mediante informe"", ""ReparacionesInformeTecnico"": ""15/10/25 PC lista para retirar acompañada de disco anterior con falla (MarkVision). Formateada e instalados programas. Sin backup (no solicitado)16/10/25 la pc fue retirada y configurada en su puesto"", ""ReparacionesFechaEntregado"": ""2025-10-16"", ""ReparacionesTerminada"": ""1"", ""ReparacionesAccesorios"": ""Disco SSD HIKSEMI WAVE"", ""TecnicosCodigo"": ""2"", ""ReparacionesEntrega"": ""0.0"", ""ReparacionesCostoManoObra"": ""0.0""}"
27,2025-10-16T00:00:00-03:00,2026-03-03T00:00:00-03:00,2026-03-03T00:00:00-03:00,Dirección de Superior,,,Dirección de Superior,CIIDEPT,PC,MAGNUM,MAGNUM,0071,,Fue traida por personal de Superior para revision de Posible falla de disco,"Se intento formatear, donde el sistema da un mensaje de falla inminente de disco. se hizo informe para solicitar disco nuevo. deben pasar a retirar el informe, la pc quedara en espera",,"Se intento formatear, donde el sistema da un mensaje de falla inminente de disco. se hizo informe para solicitar disco nuevo. deben pasar a retirar el informe, la pc quedara en espera",Técnico SATMANAGER: Fernanda Jaime | Costo mano de obra original: 0.0 | Entrega original: 0.0,Media,SATMANAGER,2026-06-03T16:16:10-03:00,REPARACIONES,"{""ReparacionesCodigo"": ""27"", ""ReparacionesFecha"": ""2025-10-16"", ""ClientesCodigo"": ""20"", ""EquiposCodigo"": ""29"", ""ReparacionesFalla"": ""Fue traida por personal de Superior para revision de Posible falla de disco"", ""ReparacionesInformeTecnico"": ""Se intento formatear, donde el sistema da un mensaje de falla inminente de disco. se hizo informe para solicitar disco nuevo. deben pasar a retirar el informe, la pc quedara en espera"", ""ReparacionesFechaEntregado"": ""2026-03-03"", ""ReparacionesTerminada"": ""1"", ""ReparacionesAccesorios"": """", ""TecnicosCodigo"": ""2"", ""ReparacionesEntrega"": ""0.0"", ""ReparacionesCostoManoObra"": ""0.0""}"
28,2025-10-16T00:00:00-03:00,2026-03-03T00:00:00-03:00,2026-03-03T00:00:00-03:00,Dirección de Superior,,,Dirección de Superior,CIIDEPT,PC,PERFORMANCE,PERFORMARCE,0066,,"Fue traida por personal de Superior para revisión de posible falla de disco, no mostraba imagen","la pc presenta falla de disco y microprocesador. se hizo informe para solicitar los repuestos. la pc quedara en la oficina hasta que lleguen, deben retirar el informe",,"la pc presenta falla de disco y microprocesador. se hizo informe para solicitar los repuestos. la pc quedara en la oficina hasta que lleguen, deben retirar el informe",Técnico SATMANAGER: Raúl Morales | Costo mano de obra original: 0.0 | Entrega original: 0.0,Media,SATMANAGER,2026-06-03T16:16:10-03:00,REPARACIONES,"{""ReparacionesCodigo"": ""28"", ""ReparacionesFecha"": ""2025-10-16"", ""ClientesCodigo"": ""20"", ""EquiposCodigo"": ""30"", ""ReparacionesFalla"": ""Fue traida por personal de Superior para revisión de posible falla de disco, no mostraba imagen"", ""ReparacionesInformeTecnico"": ""la pc presenta falla de disco y microprocesador. se hizo informe para solicitar los repuestos. la pc quedara en la oficina hasta que lleguen, deben retirar el informe"", ""ReparacionesFechaEntregado"": ""2026-03-03"", ""ReparacionesTerminada"": ""1"", ""ReparacionesAccesorios"": """", ""TecnicosCodigo"": ""4"", ""ReparacionesEntrega"": ""0.0"", ""ReparacionesCostoManoObra"": ""0.0""}"
29,2025-10-22T00:00:00-03:00,2025-10-28T00:00:00-03:00,2025-10-28T00:00:00-03:00,Rendicion de Cuentas Publico,,,Rendicion de Cuentas Publico,Salta 850,PC,PERFORMANCE,PERFORMARCE,115,Disco Hiksemi,Fue traida para cambio de disco,Se procedio al cambio de disco e instalacion de sistema operativo y programas. lista para ser retirada. Retirada por Carolina el 28/10/2025,,Se procedio al cambio de disco e instalacion de sistema operativo y programas. lista para ser retirada. Retirada por Carolina el 28/10/2025,Técnico SATMANAGER: Fernanda Jaime | Costo mano de obra original: 0.0 | Entrega original: 0.0,Media,SATMANAGER,2026-06-03T16:16:10-03:00,REPARACIONES,"{""ReparacionesCodigo"": ""29"", ""ReparacionesFecha"": ""2025-10-22"", ""ClientesCodigo"": ""21"", ""EquiposCodigo"": ""31"", ""ReparacionesFalla"": ""Fue traida para cambio de disco"", ""ReparacionesInformeTecnico"": ""Se procedio al cambio de disco e instalacion de sistema operativo y programas. lista para ser retirada. Retirada por Carolina el 28/10/2025"", ""ReparacionesFechaEntregado"": ""2025-10-28"", ""ReparacionesTerminada"": ""1"", ""ReparacionesAccesorios"": ""Disco Hiksemi"", ""TecnicosCodigo"": ""2"", ""ReparacionesEntrega"": ""0.0"", ""ReparacionesCostoManoObra"": ""0.0""}"
30,2025-10-23T00:00:00-03:00,2025-10-27T00:00:00-03:00,2025-10-27T00:00:00-03:00,Novedades Salariales,,,Novedades Salariales,,PC,PERFORMANCE,PERFORMARCE,124,,Fue traida a la oficina por pantalla azul y error de confianza en el dominio,"Se realizo informe de pedido de disco, el que ya fue provisto y se procedio a la instalacion del sistema operativo y programas. Lista para ser retirada",,"Se realizo informe de pedido de disco, el que ya fue provisto y se procedio a la instalacion del sistema operativo y programas. Lista para ser retirada",Técnico SATMANAGER: Fernanda Jaime | Costo mano de obra original: 0.0 | Entrega original: 0.0,Media,SATMANAGER,2026-06-03T16:16:10-03:00,REPARACIONES,"{""ReparacionesCodigo"": ""30"", ""ReparacionesFecha"": ""2025-10-23"", ""ClientesCodigo"": ""7"", ""EquiposCodigo"": ""32"", ""ReparacionesFalla"": ""Fue traida a la oficina por pantalla azul y error de confianza en el dominio"", ""ReparacionesInformeTecnico"": ""Se realizo informe de pedido de disco, el que ya fue provisto y se procedio a la instalacion del sistema operativo y programas. Lista para ser retirada"", ""ReparacionesFechaEntregado"": ""2025-10-27"", ""ReparacionesTerminada"": ""1"", ""ReparacionesAccesorios"": """", ""TecnicosCodigo"": ""2"", ""ReparacionesEntrega"": ""0.0"", ""ReparacionesCostoManoObra"": ""0.0""}"
31,2025-10-27T00:00:00-03:00,,,Novedades Salariales,,,Novedades Salariales,,PC,Clon,S/M,197,Falla en los Puertos USB,Sin falla informada desde SATMANAGER,,,,Costo mano de obra original: 0.0 | Entrega original: 0.0,Media,SATMANAGER,2026-06-03T16:16:10-03:00,REPARACIONES,"{""ReparacionesCodigo"": ""31"", ""ReparacionesFecha"": ""2025-10-27"", ""ClientesCodigo"": ""7"", ""EquiposCodigo"": ""27"", ""ReparacionesFalla"": """", ""ReparacionesInformeTecnico"": """", ""ReparacionesFechaEntregado"": ""98-11-26"", ""ReparacionesTerminada"": ""0"", ""ReparacionesAccesorios"": ""Falla en los Puertos USB"", ""TecnicosCodigo"": ""1"", ""ReparacionesEntrega"": ""0.0"", ""ReparacionesCostoManoObra"": ""0.0""}"
32,2025-10-30T00:00:00-03:00,,,Personal,,,Personal,Avenida Sarmiento 850,PC,Magnum Tech,S/M,01022401,,No enciende,La fuente enciende pero no levanta la placa madre.  Se probo con otra y anda.Se realiza informe para pedido de fuente. Fue llevada a su oficina hasta la llegada del repuesto,,La fuente enciende pero no levanta la placa madre.  Se probo con otra y anda.Se realiza informe para pedido de fuente. Fue llevada a su oficina hasta la llegada del repuesto,Técnico SATMANAGER: Fernanda Jaime | Costo mano de obra original: 0.0 | Entrega original: 0.0,Media,SATMANAGER,2026-06-03T16:16:10-03:00,REPARACIONES,"{""ReparacionesCodigo"": ""32"", ""ReparacionesFecha"": ""2025-10-30"", ""ClientesCodigo"": ""11"", ""EquiposCodigo"": ""33"", ""ReparacionesFalla"": ""No enciende"", ""ReparacionesInformeTecnico"": ""La fuente enciende pero no levanta la placa madre.  Se probo con otra y anda.Se realiza informe para pedido de fuente. Fue llevada a su oficina hasta la llegada del repuesto"", ""ReparacionesFechaEntregado"": ""98-11-26"", ""ReparacionesTerminada"": ""1"", ""ReparacionesAccesorios"": """", ""TecnicosCodigo"": ""2"", ""ReparacionesEntrega"": ""0.0"", ""ReparacionesCostoManoObra"": ""0.0""}"
33,2025-11-04T00:00:00-03:00,2025-11-06T00:00:00-03:00,2025-11-06T00:00:00-03:00,Auditoria,,,Auditoria,Avenida Sarmiento 850,PC,BRB Technology,brb,123,,"No funciona el boton de encendido.  Actualmente se estaba utilizando el boton de reinicio, ya que el original de encendido no funcionaba y tambien dejo de funcionar",Le realice una limpieza a ambos botones y quedaron funcionando. Se retiro el dia 05/11,,Le realice una limpieza a ambos botones y quedaron funcionando. Se retiro el dia 05/11,Técnico SATMANAGER: Fernanda Jaime | Costo mano de obra original: 0.0 | Entrega original: 0.0,Media,SATMANAGER,2026-06-03T16:16:10-03:00,REPARACIONES,"{""ReparacionesCodigo"": ""33"", ""ReparacionesFecha"": ""2025-11-04"", ""ClientesCodigo"": ""6"", ""EquiposCodigo"": ""34"", ""ReparacionesFalla"": ""No funciona el boton de encendido.  Actualmente se estaba utilizando el boton de reinicio, ya que el original de encendido no funcionaba y tambien dejo de funcionar"", ""ReparacionesInformeTecnico"": ""Le realice una limpieza a ambos botones y quedaron funcionando. Se retiro el dia 05/11"", ""ReparacionesFechaEntregado"": ""2025-11-06"", ""ReparacionesTerminada"": ""1"", ""ReparacionesAccesorios"": """", ""TecnicosCodigo"": ""2"", ""ReparacionesEntrega"": ""0.0"", ""ReparacionesCostoManoObra"": ""0.0""}"
34,2025-11-05T00:00:00-03:00,,,Jovenes y adultos,,,Jovenes y adultos,Avenida Sarmiento 850,PC,Magnum Tech,S/M,1476,Ninguno,No enciende.,Falla memoria RAM. Se realiza informe para inicio de expediente.,,Falla memoria RAM. Se realiza informe para inicio de expediente.,Técnico SATMANAGER: Raúl Morales | Costo mano de obra original: 0.0 | Entrega original: 0.0,Media,SATMANAGER,2026-06-03T16:16:10-03:00,REPARACIONES,"{""ReparacionesCodigo"": ""34"", ""ReparacionesFecha"": ""2025-11-05"", ""ClientesCodigo"": ""23"", ""EquiposCodigo"": ""35"", ""ReparacionesFalla"": ""No enciende."", ""ReparacionesInformeTecnico"": ""Falla memoria RAM. Se realiza informe para inicio de expediente."", ""ReparacionesFechaEntregado"": ""98-11-26"", ""ReparacionesTerminada"": ""1"", ""ReparacionesAccesorios"": ""Ninguno"", ""TecnicosCodigo"": ""4"", ""ReparacionesEntrega"": ""0.0"", ""ReparacionesCostoManoObra"": ""0.0""}"
35,2025-11-05T00:00:00-03:00,2025-11-11T00:00:00-03:00,2025-11-11T00:00:00-03:00,Compras,,,Compras,Avenida Sarmiento 850,PC,Cromax,S/M,18032501,Gabinete Cromax. Mother MSI pro H510MBII. Ram 4GB. Micro Intel Core I3-10105. SD 240GB. Fuente Cromax 600W,Armado e instalación de Sistema Operativo y programas,La PC armada funciona correctamente. Se realiza nota a fin de constatar que se entrega fuente Cromax 600W; dado que se utiliza la que traía el gabinete.,,La PC armada funciona correctamente. Se realiza nota a fin de constatar que se entrega fuente Cromax 600W; dado que se utiliza la que traía el gabinete.,Técnico SATMANAGER: Gabriela Mendoza | Costo mano de obra original: 0.0 | Entrega original: 0.0,Media,SATMANAGER,2026-06-03T16:16:10-03:00,REPARACIONES,"{""ReparacionesCodigo"": ""35"", ""ReparacionesFecha"": ""2025-11-05"", ""ClientesCodigo"": ""24"", ""EquiposCodigo"": ""36"", ""ReparacionesFalla"": ""Armado e instalación de Sistema Operativo y programas"", ""ReparacionesInformeTecnico"": ""La PC armada funciona correctamente. Se realiza nota a fin de constatar que se entrega fuente Cromax 600W; dado que se utiliza la que traía el gabinete."", ""ReparacionesFechaEntregado"": ""2025-11-11"", ""ReparacionesTerminada"": ""1"", ""ReparacionesAccesorios"": ""Gabinete Cromax. Mother MSI pro H510MBII. Ram 4GB. Micro Intel Core I3-10105. SD 240GB. Fuente Cromax 600W"", ""TecnicosCodigo"": ""8"", ""ReparacionesEntrega"": ""0.0"", ""ReparacionesCostoManoObra"": ""0.0""}"
36,2025-11-05T00:00:00-03:00,2025-11-06T00:00:00-03:00,2025-11-06T00:00:00-03:00,Presupuesto,,,Presupuesto,Av Sarmiento 850,PC,MAGNUM,MAGNUM,89,Disco solido crucial BX 500 240 GB,Cambio de disco,"Cambio realizado, lista para retirar junto a disco viejo",,"Cambio realizado, lista para retirar junto a disco viejo",Técnico SATMANAGER: Fernanda Jaime | Costo mano de obra original: 0.0 | Entrega original: 0.0,Media,SATMANAGER,2026-06-03T16:16:10-03:00,REPARACIONES,"{""ReparacionesCodigo"": ""36"", ""ReparacionesFecha"": ""2025-11-05"", ""ClientesCodigo"": ""17"", ""EquiposCodigo"": ""37"", ""ReparacionesFalla"": ""Cambio de disco"", ""ReparacionesInformeTecnico"": ""Cambio realizado, lista para retirar junto a disco viejo"", ""ReparacionesFechaEntregado"": ""2025-11-06"", ""ReparacionesTerminada"": ""1"", ""ReparacionesAccesorios"": ""Disco solido crucial BX 500 240 GB"", ""TecnicosCodigo"": ""2"", ""ReparacionesEntrega"": ""0.0"", ""ReparacionesCostoManoObra"": ""0.0""}"
37,2025-11-05T00:00:00-03:00,2025-11-06T00:00:00-03:00,2025-11-06T00:00:00-03:00,Presupuesto,,,Presupuesto,Av Sarmiento 850,PC,MAGNUM,MAGNUM,88,Disco Solido Crucial BX 500 240 gb,Cambio de disco,Instalación SO+programas,,Instalación SO+programas,Técnico SATMANAGER: Gabriela Mendoza | Costo mano de obra original: 0.0 | Entrega original: 0.0,Media,SATMANAGER,2026-06-03T16:16:10-03:00,REPARACIONES,"{""ReparacionesCodigo"": ""37"", ""ReparacionesFecha"": ""2025-11-05"", ""ClientesCodigo"": ""17"", ""EquiposCodigo"": ""24"", ""ReparacionesFalla"": ""Cambio de disco"", ""ReparacionesInformeTecnico"": ""Instalación SO+programas"", ""ReparacionesFechaEntregado"": ""2025-11-06"", ""ReparacionesTerminada"": ""1"", ""ReparacionesAccesorios"": ""Disco Solido Crucial BX 500 240 gb"", ""TecnicosCodigo"": ""8"", ""ReparacionesEntrega"": ""0.0"", ""ReparacionesCostoManoObra"": ""0.0""}"
38,2025-11-06T00:00:00-03:00,2025-11-11T00:00:00-03:00,2025-11-11T00:00:00-03:00,Compras,,,Compras,Avenida Sarmiento 850,PC,Cromax,S/M,17032484,Gabinete Cromax-Mother MSI pro H510MBII. Ram 4 GB. Micro Intel Core I3-10105 . SD 240 GB,Armado e instalación de SO y programas,,,,Técnico SATMANAGER: Alejandra Choco | Costo mano de obra original: 0.0 | Entrega original: 0.0,Media,SATMANAGER,2026-06-03T16:16:10-03:00,REPARACIONES,"{""ReparacionesCodigo"": ""38"", ""ReparacionesFecha"": ""2025-11-06"", ""ClientesCodigo"": ""24"", ""EquiposCodigo"": ""38"", ""ReparacionesFalla"": ""Armado e instalación de SO y programas"", ""ReparacionesInformeTecnico"": """", ""ReparacionesFechaEntregado"": ""2025-11-11"", ""ReparacionesTerminada"": ""1"", ""ReparacionesAccesorios"": ""Gabinete Cromax-Mother MSI pro H510MBII. Ram 4 GB. Micro Intel Core I3-10105 . SD 240 GB"", ""TecnicosCodigo"": ""6"", ""ReparacionesEntrega"": ""0.0"", ""ReparacionesCostoManoObra"": ""0.0""}"
39,2025-11-11T00:00:00-03:00,2025-11-28T00:00:00-03:00,2025-11-28T00:00:00-03:00,Novedade Salariales,,,Novedade Salariales,AV. Sarmiento 850,PC,Oxxon,Oxxon,185,,Se calienta,Limpieza y cambio de pasta térmica del micro.,,Limpieza y cambio de pasta térmica del micro.,Técnico SATMANAGER: Gabriela Mendoza | Costo mano de obra original: 0.0 | Entrega original: 0.0,Media,SATMANAGER,2026-06-03T16:16:10-03:00,REPARACIONES,"{""ReparacionesCodigo"": ""39"", ""ReparacionesFecha"": ""2025-11-11"", ""ClientesCodigo"": ""22"", ""EquiposCodigo"": ""39"", ""ReparacionesFalla"": ""Se calienta"", ""ReparacionesInformeTecnico"": ""Limpieza y cambio de pasta térmica del micro."", ""ReparacionesFechaEntregado"": ""2025-11-28"", ""ReparacionesTerminada"": ""1"", ""ReparacionesAccesorios"": """", ""TecnicosCodigo"": ""8"", ""ReparacionesEntrega"": ""0.0"", ""ReparacionesCostoManoObra"": ""0.0""}"
40,2025-11-11T00:00:00-03:00,,,Personal,,,Personal,Avenida Sarmiento 850,PC,MAGNUM,MAGNUM,55,,No funciona Pregase,,,,Técnico SATMANAGER: Raúl Morales | Costo mano de obra original: 0.0 | Entrega original: 0.0,Media,SATMANAGER,2026-06-03T16:16:10-03:00,REPARACIONES,"{""ReparacionesCodigo"": ""40"", ""ReparacionesFecha"": ""2025-11-11"", ""ClientesCodigo"": ""11"", ""EquiposCodigo"": ""40"", ""ReparacionesFalla"": ""No funciona Pregase"", ""ReparacionesInformeTecnico"": """", ""ReparacionesFechaEntregado"": ""98-11-26"", ""ReparacionesTerminada"": ""0"", ""ReparacionesAccesorios"": """", ""TecnicosCodigo"": ""4"", ""ReparacionesEntrega"": ""0.0"", ""ReparacionesCostoManoObra"": ""0.0""}"
41,2025-11-13T00:00:00-03:00,,,Rendicion de Cuentas Publico,,,Rendicion de Cuentas Publico,Salta 850,PC,Hp,HP PRO 340,84,Disco solido de 240 GB Crucial BX 500,Fue traida para cambio de disco. Lista para entregar,,,,Técnico SATMANAGER: Fernanda Jaime | Costo mano de obra original: 0.0 | Entrega original: 0.0,Media,SATMANAGER,2026-06-03T16:16:10-03:00,REPARACIONES,"{""ReparacionesCodigo"": ""41"", ""ReparacionesFecha"": ""2025-11-13"", ""ClientesCodigo"": ""21"", ""EquiposCodigo"": ""41"", ""ReparacionesFalla"": ""Fue traida para cambio de disco. Lista para entregar"", ""ReparacionesInformeTecnico"": """", ""ReparacionesFechaEntregado"": ""98-11-26"", ""ReparacionesTerminada"": ""1"", ""ReparacionesAccesorios"": ""Disco solido de 240 GB Crucial BX 500"", ""TecnicosCodigo"": ""2"", ""ReparacionesEntrega"": ""0.0"", ""ReparacionesCostoManoObra"": ""0.0""}"
42,2025-11-17T00:00:00-03:00,,,Planes Nacionales,,,Planes Nacionales,,PC,BRB Technology,S/M,18012449,,Relevamiento,"Especificaciones técnicas: Micro->Intel(R) Core(TM) i3-10105. RAM->4,00 GB (3,83 GB usable). SD de 240 GB Markvision (46 días).Mother GIGABYTE H510M-H. Fuente EUROCASE 500w.Funciona bien.",,"Especificaciones técnicas: Micro->Intel(R) Core(TM) i3-10105. RAM->4,00 GB (3,83 GB usable). SD de 240 GB Markvision (46 días).Mother GIGABYTE H510M-H. Fuente EUROCASE 500w.Funciona bien.",Costo mano de obra original: 0.0 | Entrega original: 0.0,Media,SATMANAGER,2026-06-03T16:16:10-03:00,REPARACIONES,"{""ReparacionesCodigo"": ""42"", ""ReparacionesFecha"": ""2025-11-17"", ""ClientesCodigo"": ""4"", ""EquiposCodigo"": ""42"", ""ReparacionesFalla"": ""Relevamiento"", ""ReparacionesInformeTecnico"": ""Especificaciones técnicas: Micro->Intel(R) Core(TM) i3-10105. RAM->4,00 GB (3,83 GB usable). SD de 240 GB Markvision (46 días).Mother GIGABYTE H510M-H. Fuente EUROCASE 500w.Funciona bien."", ""ReparacionesFechaEntregado"": ""98-11-26"", ""ReparacionesTerminada"": ""1"", ""ReparacionesAccesorios"": """", ""TecnicosCodigo"": ""0"", ""ReparacionesEntrega"": ""0.0"", ""ReparacionesCostoManoObra"": ""0.0""}"
43,2025-11-17T00:00:00-03:00,2025-12-03T00:00:00-03:00,2025-12-03T00:00:00-03:00,Planes Nacionales,,,Planes Nacionales,,Impresora,Hp,Laserjet P1102W,BRBSG59G7P,,Relevamiento,Imprime toda la hoja en negro. Falla en los contactos del toner. Se soluciona y ya funciona correctamente.,,Imprime toda la hoja en negro. Falla en los contactos del toner. Se soluciona y ya funciona correctamente.,Técnico SATMANAGER: Gabriela Mendoza | Costo mano de obra original: 0.0 | Entrega original: 0.0,Media,SATMANAGER,2026-06-03T16:16:10-03:00,REPARACIONES,"{""ReparacionesCodigo"": ""43"", ""ReparacionesFecha"": ""2025-11-17"", ""ClientesCodigo"": ""4"", ""EquiposCodigo"": ""43"", ""ReparacionesFalla"": ""Relevamiento"", ""ReparacionesInformeTecnico"": ""Imprime toda la hoja en negro. Falla en los contactos del toner. Se soluciona y ya funciona correctamente."", ""ReparacionesFechaEntregado"": ""2025-12-03"", ""ReparacionesTerminada"": ""1"", ""ReparacionesAccesorios"": """", ""TecnicosCodigo"": ""8"", ""ReparacionesEntrega"": ""0.0"", ""ReparacionesCostoManoObra"": ""0.0""}"
44,2025-11-20T00:00:00-03:00,,,Personal,,,Personal,Avenida Sarmiento 850,PC,Magnum Tech,S/M,108020SK8351223,,Pantalla azul - Se solicita CAMBIO SSD,Durante su examinación se encontro cooler micro suelto y se solicita un recambio de SSD.,,Durante su examinación se encontro cooler micro suelto y se solicita un recambio de SSD.,Técnico SATMANAGER: Ing. Fernando Gambino | Costo mano de obra original: 0.0 | Entrega original: 0.0,Media,SATMANAGER,2026-06-03T16:16:10-03:00,REPARACIONES,"{""ReparacionesCodigo"": ""44"", ""ReparacionesFecha"": ""2025-11-20"", ""ClientesCodigo"": ""11"", ""EquiposCodigo"": ""44"", ""ReparacionesFalla"": ""Pantalla azul - Se solicita CAMBIO SSD"", ""ReparacionesInformeTecnico"": ""Durante su examinación se encontro cooler micro suelto y se solicita un recambio de SSD."", ""ReparacionesFechaEntregado"": ""98-11-26"", ""ReparacionesTerminada"": ""1"", ""ReparacionesAccesorios"": """", ""TecnicosCodigo"": ""5"", ""ReparacionesEntrega"": ""0.0"", ""ReparacionesCostoManoObra"": ""0.0""}"
45,2025-11-28T00:00:00-03:00,2026-01-12T00:00:00-03:00,2026-01-12T00:00:00-03:00,Personal - Area Legajos,,,Personal - Area Legajos,,PC,MAGNUM,MAGNUM,55,,No inicia sesion normalmente,"El sistema operativo estaba con un error, no permitia hacer ningun cambio. Se formateo sin backup. Lista para retirar",,"El sistema operativo estaba con un error, no permitia hacer ningun cambio. Se formateo sin backup. Lista para retirar",Técnico SATMANAGER: Fernanda Jaime | Costo mano de obra original: 0.0 | Entrega original: 0.0,Media,SATMANAGER,2026-06-03T16:16:10-03:00,REPARACIONES,"{""ReparacionesCodigo"": ""45"", ""ReparacionesFecha"": ""2025-11-28"", ""ClientesCodigo"": ""25"", ""EquiposCodigo"": ""40"", ""ReparacionesFalla"": ""No inicia sesion normalmente"", ""ReparacionesInformeTecnico"": ""El sistema operativo estaba con un error, no permitia hacer ningun cambio. Se formateo sin backup. Lista para retirar"", ""ReparacionesFechaEntregado"": ""2026-01-12"", ""ReparacionesTerminada"": ""1"", ""ReparacionesAccesorios"": """", ""TecnicosCodigo"": ""2"", ""ReparacionesEntrega"": ""0.0"", ""ReparacionesCostoManoObra"": ""0.0""}"
46,2025-12-01T00:00:00-03:00,2025-12-03T00:00:00-03:00,2025-12-03T00:00:00-03:00,Intendencia,,,Intendencia,Avenida Sarmiento 850,PC,Magnum Tech,S/M,0058,Disco SSD 240 GB. Marca Hiksemi,Instalar SO en disco SSD,"Se instala SO, más programas.",,"Se instala SO, más programas.",Técnico SATMANAGER: Raúl Morales | Costo mano de obra original: 0.0 | Entrega original: 0.0,Media,SATMANAGER,2026-06-03T16:16:10-03:00,REPARACIONES,"{""ReparacionesCodigo"": ""46"", ""ReparacionesFecha"": ""2025-12-01"", ""ClientesCodigo"": ""26"", ""EquiposCodigo"": ""45"", ""ReparacionesFalla"": ""Instalar SO en disco SSD"", ""ReparacionesInformeTecnico"": ""Se instala SO, más programas."", ""ReparacionesFechaEntregado"": ""2025-12-03"", ""ReparacionesTerminada"": ""1"", ""ReparacionesAccesorios"": ""Disco SSD 240 GB. Marca Hiksemi"", ""TecnicosCodigo"": ""4"", ""ReparacionesEntrega"": ""0.0"", ""ReparacionesCostoManoObra"": ""0.0""}"
47,2025-12-02T00:00:00-03:00,,,Compras,,,Compras,Avenida Sarmiento 850,PC,BRB Technology,brb,79,,Pc se enciende y apaga.,"El encendio no funciona correctamente, esto provoco un error en el inicio de windows que ya fue reparado y se cambio el encendido por el boton de reinicio. Se anula encendido original. Lista",,"El encendio no funciona correctamente, esto provoco un error en el inicio de windows que ya fue reparado y se cambio el encendido por el boton de reinicio. Se anula encendido original. Lista",Técnico SATMANAGER: Fernanda Jaime | Costo mano de obra original: 0.0 | Entrega original: 0.0,Media,SATMANAGER,2026-06-03T16:16:10-03:00,REPARACIONES,"{""ReparacionesCodigo"": ""47"", ""ReparacionesFecha"": ""2025-12-02"", ""ClientesCodigo"": ""24"", ""EquiposCodigo"": ""46"", ""ReparacionesFalla"": ""Pc se enciende y apaga."", ""ReparacionesInformeTecnico"": ""El encendio no funciona correctamente, esto provoco un error en el inicio de windows que ya fue reparado y se cambio el encendido por el boton de reinicio. Se anula encendido original. Lista"", ""ReparacionesFechaEntregado"": ""98-11-26"", ""ReparacionesTerminada"": ""1"", ""ReparacionesAccesorios"": """", ""TecnicosCodigo"": ""2"", ""ReparacionesEntrega"": ""0.0"", ""ReparacionesCostoManoObra"": ""0.0""}"
48,2025-12-02T00:00:00-03:00,2025-12-04T00:00:00-03:00,2025-12-04T00:00:00-03:00,Bienes Patrimoniales,,,Bienes Patrimoniales,,PC,Magnum Tech,S/M,103420-SK835-2114(Planilla 0083),Disco SSD Crucial modelo BX500 240GB,Sin falla informada desde SATMANAGER,Se procedio con el recambio del Disco (s/backup) por una unidad SSD Crucial modelo BX500 240GB. Formateo + WIN10 PRO + Utilitarios,,Se procedio con el recambio del Disco (s/backup) por una unidad SSD Crucial modelo BX500 240GB. Formateo + WIN10 PRO + Utilitarios,Técnico SATMANAGER: Ing. Fernando Gambino | Costo mano de obra original: 0.0 | Entrega original: 0.0,Media,SATMANAGER,2026-06-03T16:16:10-03:00,REPARACIONES,"{""ReparacionesCodigo"": ""48"", ""ReparacionesFecha"": ""2025-12-02"", ""ClientesCodigo"": ""27"", ""EquiposCodigo"": ""47"", ""ReparacionesFalla"": """", ""ReparacionesInformeTecnico"": ""Se procedio con el recambio del Disco (s/backup) por una unidad SSD Crucial modelo BX500 240GB. Formateo + WIN10 PRO + Utilitarios"", ""ReparacionesFechaEntregado"": ""2025-12-04"", ""ReparacionesTerminada"": ""1"", ""ReparacionesAccesorios"": ""Disco SSD Crucial modelo BX500 240GB"", ""TecnicosCodigo"": ""5"", ""ReparacionesEntrega"": ""0.0"", ""ReparacionesCostoManoObra"": ""0.0""}"
49,2025-12-02T00:00:00-03:00,2025-12-04T00:00:00-03:00,2025-12-04T00:00:00-03:00,Bienes Patrimoniales,,,Bienes Patrimoniales,,PC,Magnum Tech,S/M,103420-SK835-2114(Planilla 0078),Disco SSD Crucial Modelo BX500- 240 GB,Sin falla informada desde SATMANAGER,"Se instaló SO, más programas en disco SSD Crucial.",,"Se instaló SO, más programas en disco SSD Crucial.",Técnico SATMANAGER: Gabriela Mendoza | Costo mano de obra original: 0.0 | Entrega original: 0.0,Media,SATMANAGER,2026-06-03T16:16:10-03:00,REPARACIONES,"{""ReparacionesCodigo"": ""49"", ""ReparacionesFecha"": ""2025-12-02"", ""ClientesCodigo"": ""27"", ""EquiposCodigo"": ""48"", ""ReparacionesFalla"": """", ""ReparacionesInformeTecnico"": ""Se instaló SO, más programas en disco SSD Crucial."", ""ReparacionesFechaEntregado"": ""2025-12-04"", ""ReparacionesTerminada"": ""1"", ""ReparacionesAccesorios"": ""Disco SSD Crucial Modelo BX500- 240 GB"", ""TecnicosCodigo"": ""8"", ""ReparacionesEntrega"": ""0.0"", ""ReparacionesCostoManoObra"": ""0.0""}"
50,2025-12-03T00:00:00-03:00,2025-12-03T00:00:00-03:00,2025-12-03T00:00:00-03:00,Planes Nacionales,,,Planes Nacionales,,PC,BRB Technology,brb,0179,-,No enciende correctamente.,El boton de encendido esta roto.  Se cambio el encendido para el boton de reinicio. Entregada,,El boton de encendido esta roto.  Se cambio el encendido para el boton de reinicio. Entregada,Técnico SATMANAGER: Fernanda Jaime | Costo mano de obra original: 0.0 | Entrega original: 0.0,Media,SATMANAGER,2026-06-03T16:16:10-03:00,REPARACIONES,"{""ReparacionesCodigo"": ""50"", ""ReparacionesFecha"": ""2025-12-03"", ""ClientesCodigo"": ""4"", ""EquiposCodigo"": ""49"", ""ReparacionesFalla"": ""No enciende correctamente.  "", ""ReparacionesInformeTecnico"": ""El boton de encendido esta roto.  Se cambio el encendido para el boton de reinicio. Entregada"", ""ReparacionesFechaEntregado"": ""2025-12-03"", ""ReparacionesTerminada"": ""1"", ""ReparacionesAccesorios"": ""-"", ""TecnicosCodigo"": ""2"", ""ReparacionesEntrega"": ""0.0"", ""ReparacionesCostoManoObra"": ""0.0""}"
51,2025-12-03T00:00:00-03:00,2025-12-03T00:00:00-03:00,2025-12-03T00:00:00-03:00,Planes Nacionales,,,Planes Nacionales,,Impresora,Hp,Laserjet P1102W,BRBSBDFL57,No tiene,No imprime,"La impresora realiza su secuencia mecánica, la luz de atención y Listo permanecen apagadas y tampoco reacciona al botón de cancelar para realizar un autodiagnóstico esto indica fallo dela placa lógica",,"La impresora realiza su secuencia mecánica, la luz de atención y Listo permanecen apagadas y tampoco reacciona al botón de cancelar para realizar un autodiagnóstico esto indica fallo dela placa lógica",Técnico SATMANAGER: Gabriela Mendoza | Costo mano de obra original: 0.0 | Entrega original: 0.0,Media,SATMANAGER,2026-06-03T16:16:10-03:00,REPARACIONES,"{""ReparacionesCodigo"": ""51"", ""ReparacionesFecha"": ""2025-12-03"", ""ClientesCodigo"": ""4"", ""EquiposCodigo"": ""50"", ""ReparacionesFalla"": ""No imprime"", ""ReparacionesInformeTecnico"": ""La impresora realiza su secuencia mecánica, la luz de atención y Listo permanecen apagadas y tampoco reacciona al botón de cancelar para realizar un autodiagnóstico esto indica fallo dela placa lógica"", ""ReparacionesFechaEntregado"": ""2025-12-03"", ""ReparacionesTerminada"": ""1"", ""ReparacionesAccesorios"": ""No tiene"", ""TecnicosCodigo"": ""8"", ""ReparacionesEntrega"": ""0.0"", ""ReparacionesCostoManoObra"": ""0.0""}"
52,2025-12-04T00:00:00-03:00,2025-12-05T00:00:00-03:00,2025-12-05T00:00:00-03:00,Asuntos Jurídicos,,,Asuntos Jurídicos,Avenida Sarmiento 850,PC,Magnum Tech,S/M,112,,No enciende,Se instalo el SO en un disco con fallas provisoriamente. Se realiza informe para pedido de SSD. El backup se guarda en otro SSD(original),,Se instalo el SO en un disco con fallas provisoriamente. Se realiza informe para pedido de SSD. El backup se guarda en otro SSD(original),Técnico SATMANAGER: Gabriela Mendoza | Costo mano de obra original: 0.0 | Entrega original: 0.0,Media,SATMANAGER,2026-06-03T16:16:10-03:00,REPARACIONES,"{""ReparacionesCodigo"": ""52"", ""ReparacionesFecha"": ""2025-12-04"", ""ClientesCodigo"": ""10"", ""EquiposCodigo"": ""51"", ""ReparacionesFalla"": ""No enciende"", ""ReparacionesInformeTecnico"": ""Se instalo el SO en un disco con fallas provisoriamente. Se realiza informe para pedido de SSD. El backup se guarda en otro SSD(original)"", ""ReparacionesFechaEntregado"": ""2025-12-05"", ""ReparacionesTerminada"": ""1"", ""ReparacionesAccesorios"": """", ""TecnicosCodigo"": ""8"", ""ReparacionesEntrega"": ""0.0"", ""ReparacionesCostoManoObra"": ""0.0""}"
53,2025-12-05T00:00:00-03:00,,,Planes Nacionales,,,Planes Nacionales,,PC,Ken Brown,C6122,134,,No enciende,La PC enciende y funciona bien. Se realizó un service completo. Se comprobó que disco y memoria RAM funcionan correctamente. Se recomienda verificar la toma y el cable in situ.,,La PC enciende y funciona bien. Se realizó un service completo. Se comprobó que disco y memoria RAM funcionan correctamente. Se recomienda verificar la toma y el cable in situ.,Técnico SATMANAGER: Gabriela Mendoza | Costo mano de obra original: 0.0 | Entrega original: 0.0,Media,SATMANAGER,2026-06-03T16:16:10-03:00,REPARACIONES,"{""ReparacionesCodigo"": ""53"", ""ReparacionesFecha"": ""2025-12-05"", ""ClientesCodigo"": ""4"", ""EquiposCodigo"": ""52"", ""ReparacionesFalla"": ""No enciende"", ""ReparacionesInformeTecnico"": ""La PC enciende y funciona bien. Se realizó un service completo. Se comprobó que disco y memoria RAM funcionan correctamente. Se recomienda verificar la toma y el cable in situ."", ""ReparacionesFechaEntregado"": ""98-11-26"", ""ReparacionesTerminada"": ""1"", ""ReparacionesAccesorios"": """", ""TecnicosCodigo"": ""8"", ""ReparacionesEntrega"": ""0.0"", ""ReparacionesCostoManoObra"": ""0.0""}"
54,2025-12-10T00:00:00-03:00,2025-12-11T00:00:00-03:00,2025-12-11T00:00:00-03:00,Comunicaciones,,,Comunicaciones,Atencion al Publico,PC,Eurocase,Eurocase,1102331411101001793 planilla 0062,,PC lenta,"Backup en unidad D, formateo e instalación. También se realizó un service completo. Se recomienda SSD de 240 Gb y memoria RAM  DDR3 de 4GB, 1333 MHz para aumentar a los 4Gb existentes",,"Backup en unidad D, formateo e instalación. También se realizó un service completo. Se recomienda SSD de 240 Gb y memoria RAM  DDR3 de 4GB, 1333 MHz para aumentar a los 4Gb existentes",Técnico SATMANAGER: Gabriela Mendoza | Costo mano de obra original: 0.0 | Entrega original: 0.0,Media,SATMANAGER,2026-06-03T16:16:10-03:00,REPARACIONES,"{""ReparacionesCodigo"": ""54"", ""ReparacionesFecha"": ""2025-12-10"", ""ClientesCodigo"": ""28"", ""EquiposCodigo"": ""53"", ""ReparacionesFalla"": ""PC lenta"", ""ReparacionesInformeTecnico"": ""Backup en unidad D, formateo e instalación. También se realizó un service completo. Se recomienda SSD de 240 Gb y memoria RAM  DDR3 de 4GB, 1333 MHz para aumentar a los 4Gb existentes"", ""ReparacionesFechaEntregado"": ""2025-12-11"", ""ReparacionesTerminada"": ""1"", ""ReparacionesAccesorios"": """", ""TecnicosCodigo"": ""8"", ""ReparacionesEntrega"": ""0.0"", ""ReparacionesCostoManoObra"": ""0.0""}"
55,2025-12-10T00:00:00-03:00,,,Bienes Patrimoniales,,,Bienes Patrimoniales,,PC,Magnum Tech,S/M,103420-SK835-2114(Planilla 0083),,"La PC no tiene instalado el office, adobe acrobat reader. Además faltan instalar drivers de la placa madre. La placa de red WIFI detecta el SSID y valida las credenciales, pero no se conecta.",,,,Técnico SATMANAGER: Fernanda Jaime | Costo mano de obra original: 0.0 | Entrega original: 0.0,Media,SATMANAGER,2026-06-03T16:16:10-03:00,REPARACIONES,"{""ReparacionesCodigo"": ""55"", ""ReparacionesFecha"": ""2025-12-10"", ""ClientesCodigo"": ""27"", ""EquiposCodigo"": ""47"", ""ReparacionesFalla"": ""La PC no tiene instalado el office, adobe acrobat reader. Además faltan instalar drivers de la placa madre. La placa de red WIFI detecta el SSID y valida las credenciales, pero no se conecta."", ""ReparacionesInformeTecnico"": """", ""ReparacionesFechaEntregado"": ""98-11-26"", ""ReparacionesTerminada"": ""1"", ""ReparacionesAccesorios"": """", ""TecnicosCodigo"": ""2"", ""ReparacionesEntrega"": ""0.0"", ""ReparacionesCostoManoObra"": ""0.0""}"
56,2025-12-10T00:00:00-03:00,,,Novedade Salariales,,,Novedade Salariales,AV. Sarmiento 850,PC,BRB Technology,brb,178,,No funciona Pregase,Se reinstalo win10 y programas,,Se reinstalo win10 y programas,Técnico SATMANAGER: Mateo Fornaciari | Costo mano de obra original: 0.0 | Entrega original: 0.0,Media,SATMANAGER,2026-06-03T16:16:10-03:00,REPARACIONES,"{""ReparacionesCodigo"": ""56"", ""ReparacionesFecha"": ""2025-12-10"", ""ClientesCodigo"": ""22"", ""EquiposCodigo"": ""54"", ""ReparacionesFalla"": ""No funciona Pregase"", ""ReparacionesInformeTecnico"": ""Se reinstalo win10 y programas"", ""ReparacionesFechaEntregado"": ""98-11-26"", ""ReparacionesTerminada"": ""1"", ""ReparacionesAccesorios"": """", ""TecnicosCodigo"": ""3"", ""ReparacionesEntrega"": ""0.0"", ""ReparacionesCostoManoObra"": ""0.0""}"
57,2025-12-10T00:00:00-03:00,2026-03-13T00:00:00-03:00,2026-03-13T00:00:00-03:00,Novedade Salariales,,,Novedade Salariales,AV. Sarmiento 850,PC,BRB Technology,brb,179,,Pc Lenta,No está lenta. Tiene solo 4GB RAM. Se recomiendan 8GB TAM p/la versión WIN10 Pro N,,No está lenta. Tiene solo 4GB RAM. Se recomiendan 8GB TAM p/la versión WIN10 Pro N,Técnico SATMANAGER: Ing. Fernando Gambino | Costo mano de obra original: 0.0 | Entrega original: 0.0,Media,SATMANAGER,2026-06-03T16:16:10-03:00,REPARACIONES,"{""ReparacionesCodigo"": ""57"", ""ReparacionesFecha"": ""2025-12-10"", ""ClientesCodigo"": ""22"", ""EquiposCodigo"": ""55"", ""ReparacionesFalla"": ""Pc Lenta"", ""ReparacionesInformeTecnico"": ""No está lenta. Tiene solo 4GB RAM. Se recomiendan 8GB TAM p/la versión WIN10 Pro N"", ""ReparacionesFechaEntregado"": ""2026-03-13"", ""ReparacionesTerminada"": ""1"", ""ReparacionesAccesorios"": """", ""TecnicosCodigo"": ""5"", ""ReparacionesEntrega"": ""0.0"", ""ReparacionesCostoManoObra"": ""0.0""}"
58,2026-01-06T00:00:00-03:00,2026-01-09T00:00:00-03:00,2026-01-09T00:00:00-03:00,SASE Mesa de Entrada,,,SASE Mesa de Entrada,A. Sarmiento 850,Cpu (computadora),Dell,Intel Celeron 2.5,031621-LC72714-0606,,No inicia correctamente Sistema Operativo,Se realizó optimización y fragmentación HDD. Formateo y reinstalación WIN10 con programas complementarios. Se solucionaron fallas de arranque OS,,Se realizó optimización y fragmentación HDD. Formateo y reinstalación WIN10 con programas complementarios. Se solucionaron fallas de arranque OS,Técnico SATMANAGER: Ing. Fernando Gambino | Costo mano de obra original: 0.0 | Entrega original: 0.0,Media,SATMANAGER,2026-06-03T16:16:10-03:00,REPARACIONES,"{""ReparacionesCodigo"": ""58"", ""ReparacionesFecha"": ""2026-01-06"", ""ClientesCodigo"": ""29"", ""EquiposCodigo"": ""56"", ""ReparacionesFalla"": ""No inicia correctamente Sistema Operativo"", ""ReparacionesInformeTecnico"": ""Se realizó optimización y fragmentación HDD. Formateo y reinstalación WIN10 con programas complementarios. Se solucionaron fallas de arranque OS"", ""ReparacionesFechaEntregado"": ""2026-01-09"", ""ReparacionesTerminada"": ""1"", ""ReparacionesAccesorios"": """", ""TecnicosCodigo"": ""5"", ""ReparacionesEntrega"": ""0.0"", ""ReparacionesCostoManoObra"": ""0.0""}"
59,2026-01-06T00:00:00-03:00,,,Novedade Salariales,,,Novedade Salariales,AV. Sarmiento 850,Cpu (computadora),Magnum Tech,SK835,082420-SK835-1903,,No responde adecuadamente - Hacer Backup y Formateo,,,,Técnico SATMANAGER: Ing. Fernando Gambino | Costo mano de obra original: 0.0 | Entrega original: 0.0,Media,SATMANAGER,2026-06-03T16:16:10-03:00,REPARACIONES,"{""ReparacionesCodigo"": ""59"", ""ReparacionesFecha"": ""2026-01-06"", ""ClientesCodigo"": ""22"", ""EquiposCodigo"": ""57"", ""ReparacionesFalla"": ""No responde adecuadamente - Hacer Backup y Formateo"", ""ReparacionesInformeTecnico"": """", ""ReparacionesFechaEntregado"": ""98-11-26"", ""ReparacionesTerminada"": ""0"", ""ReparacionesAccesorios"": """", ""TecnicosCodigo"": ""5"", ""ReparacionesEntrega"": ""0.0"", ""ReparacionesCostoManoObra"": ""0.0""}"
60,2026-01-23T00:00:00-03:00,2026-01-23T00:00:00-03:00,2026-01-23T00:00:00-03:00,Movimientos Financiaros,,,Movimientos Financiaros,Av Sarmiento 850,PC,Hewlett Packard,HP PRO,MXL1440BW1,,anda lenta - se cambio disco mecanico por SSD,,,,Técnico SATMANAGER: Mateo Fornaciari | Costo mano de obra original: 0.0 | Entrega original: 0.0,Media,SATMANAGER,2026-06-03T16:16:10-03:00,REPARACIONES,"{""ReparacionesCodigo"": ""60"", ""ReparacionesFecha"": ""2026-01-23"", ""ClientesCodigo"": ""30"", ""EquiposCodigo"": ""58"", ""ReparacionesFalla"": ""anda lenta - se cambio disco mecanico por SSD"", ""ReparacionesInformeTecnico"": """", ""ReparacionesFechaEntregado"": ""2026-01-23"", ""ReparacionesTerminada"": ""1"", ""ReparacionesAccesorios"": """", ""TecnicosCodigo"": ""3"", ""ReparacionesEntrega"": ""0.0"", ""ReparacionesCostoManoObra"": ""0.0""}"
61,2026-01-23T00:00:00-03:00,2026-01-30T00:00:00-03:00,2026-01-30T00:00:00-03:00,Casa de Gobierno,,,Casa de Gobierno,25 de Mayo 90,PC,Cromax,S/M,001,Ninguno. La trajo Ricardo Martinez,No especifica,Formateo e instalación de SO + programas,,Formateo e instalación de SO + programas,Técnico SATMANAGER: Ricardo Martinez | Costo mano de obra original: 0.0 | Entrega original: 0.0,Media,SATMANAGER,2026-06-03T16:16:10-03:00,REPARACIONES,"{""ReparacionesCodigo"": ""61"", ""ReparacionesFecha"": ""2026-01-23"", ""ClientesCodigo"": ""31"", ""EquiposCodigo"": ""59"", ""ReparacionesFalla"": ""No especifica"", ""ReparacionesInformeTecnico"": ""Formateo e instalación de SO + programas"", ""ReparacionesFechaEntregado"": ""2026-01-30"", ""ReparacionesTerminada"": ""1"", ""ReparacionesAccesorios"": ""Ninguno. La trajo Ricardo Martinez"", ""TecnicosCodigo"": ""9"", ""ReparacionesEntrega"": ""0.0"", ""ReparacionesCostoManoObra"": ""0.0""}"
62,2026-01-30T00:00:00-03:00,2026-02-23T00:00:00-03:00,2026-02-23T00:00:00-03:00,Subdirección de Contaduria,,,Subdirección de Contaduria,Avenida Sarmiento 850,PC,PERFORMANCE,S/M,08206810K3-0769( orden planilla 139),Ninguno,"El equipo se reinicia cada pocos minutos de forma repetida apareciendo en el monitor la pantalla azul de error, indicando en ocasiones código MEMORY MANAGEMENT o SYSTEM SERVICE EXCEPTION",Falla de disco inminente 2809 sectores defectuosos. Se testea la memoria RAM no da errores. Se entregó el informe técnico necesario para iniciar expediente.,,Falla de disco inminente 2809 sectores defectuosos. Se testea la memoria RAM no da errores. Se entregó el informe técnico necesario para iniciar expediente.,Técnico SATMANAGER: Gabriela Mendoza | Costo mano de obra original: 0.0 | Entrega original: 0.0,Media,SATMANAGER,2026-06-03T16:16:10-03:00,REPARACIONES,"{""ReparacionesCodigo"": ""62"", ""ReparacionesFecha"": ""2026-01-30"", ""ClientesCodigo"": ""32"", ""EquiposCodigo"": ""60"", ""ReparacionesFalla"": ""El equipo se reinicia cada pocos minutos de forma repetida apareciendo en el monitor la pantalla azul de error, indicando en ocasiones código MEMORY MANAGEMENT o SYSTEM SERVICE EXCEPTION"", ""ReparacionesInformeTecnico"": ""Falla de disco inminente 2809 sectores defectuosos. Se testea la memoria RAM no da errores. Se entregó el informe técnico necesario para iniciar expediente."", ""ReparacionesFechaEntregado"": ""2026-02-23"", ""ReparacionesTerminada"": ""1"", ""ReparacionesAccesorios"": ""Ninguno"", ""TecnicosCodigo"": ""8"", ""ReparacionesEntrega"": ""0.0"", ""ReparacionesCostoManoObra"": ""0.0""}"
63,2026-02-06T00:00:00-03:00,2026-02-06T00:00:00-03:00,2026-02-06T00:00:00-03:00,Planeamiento y Calidad Educativa,,,Planeamiento y Calidad Educativa,,PC,PERFORMANCE,S/M,08206810K30873(Orden Planilla 0050),Ninguno,Falla en disco rígido. Se realiza y entrega informe técnico para iniciar expediente.,,,,Técnico SATMANAGER: Alejandra Choco | Costo mano de obra original: 0.0 | Entrega original: 0.0,Media,SATMANAGER,2026-06-03T16:16:10-03:00,REPARACIONES,"{""ReparacionesCodigo"": ""63"", ""ReparacionesFecha"": ""2026-02-06"", ""ClientesCodigo"": ""1"", ""EquiposCodigo"": ""61"", ""ReparacionesFalla"": ""Falla en disco rígido. Se realiza y entrega informe técnico para iniciar expediente."", ""ReparacionesInformeTecnico"": """", ""ReparacionesFechaEntregado"": ""2026-02-06"", ""ReparacionesTerminada"": ""1"", ""ReparacionesAccesorios"": ""Ninguno"", ""TecnicosCodigo"": ""6"", ""ReparacionesEntrega"": ""0.0"", ""ReparacionesCostoManoObra"": ""0.0""}"
64,2026-02-06T00:00:00-03:00,2026-02-11T00:00:00-03:00,2026-02-11T00:00:00-03:00,Planeamiento y Calidad Educativa,,,Planeamiento y Calidad Educativa,,PC,PERFORMANCE,S/M,08206810K3-0781 (Orden Planilla 0064),Ninguno,Revisión y diagnóstico porque dejó de funcionar.,Falla de disco. RAM ok,,Falla de disco. RAM ok,Técnico SATMANAGER: Gabriela Mendoza | Costo mano de obra original: 0.0 | Entrega original: 0.0,Media,SATMANAGER,2026-06-03T16:16:10-03:00,REPARACIONES,"{""ReparacionesCodigo"": ""64"", ""ReparacionesFecha"": ""2026-02-06"", ""ClientesCodigo"": ""1"", ""EquiposCodigo"": ""62"", ""ReparacionesFalla"": ""Revisión y diagnóstico porque dejó de funcionar."", ""ReparacionesInformeTecnico"": ""Falla de disco. RAM ok"", ""ReparacionesFechaEntregado"": ""2026-02-11"", ""ReparacionesTerminada"": ""1"", ""ReparacionesAccesorios"": ""Ninguno"", ""TecnicosCodigo"": ""8"", ""ReparacionesEntrega"": ""0.0"", ""ReparacionesCostoManoObra"": ""0.0""}"
65,2026-02-09T00:00:00-03:00,2026-02-11T00:00:00-03:00,2026-02-11T00:00:00-03:00,Presupuesto,,,Presupuesto,Av Sarmiento 850,PC,Magnum Tech,S/M,108020SK8351494 (Orden Planilla 93),Ninguno,La PC se apaga en forma reiterada y se reinicia sola,Se detectaron sectores defectuosos en disco. La Memoria RAM no presenta errores.,,Se detectaron sectores defectuosos en disco. La Memoria RAM no presenta errores.,Técnico SATMANAGER: Gabriela Mendoza | Costo mano de obra original: 0.0 | Entrega original: 0.0,Media,SATMANAGER,2026-06-03T16:16:10-03:00,REPARACIONES,"{""ReparacionesCodigo"": ""65"", ""ReparacionesFecha"": ""2026-02-09"", ""ClientesCodigo"": ""17"", ""EquiposCodigo"": ""63"", ""ReparacionesFalla"": ""La PC se apaga en forma reiterada y se reinicia sola"", ""ReparacionesInformeTecnico"": ""Se detectaron sectores defectuosos en disco. La Memoria RAM no presenta errores."", ""ReparacionesFechaEntregado"": ""2026-02-11"", ""ReparacionesTerminada"": ""1"", ""ReparacionesAccesorios"": ""Ninguno"", ""TecnicosCodigo"": ""8"", ""ReparacionesEntrega"": ""0.0"", ""ReparacionesCostoManoObra"": ""0.0""}"
66,2026-02-10T00:00:00-03:00,2026-02-13T00:00:00-03:00,2026-02-13T00:00:00-03:00,Secretaría de Estado de Educación,,,Secretaría de Estado de Educación,Avenida Sarmiento 850,PC,Magnum Tech,S/M,108020-SK835-1283 (Orden Planilla 62),Ninguno,No funciona correctamente.,Falla de disco. Memoria RAM ok.Cooler suelto y pasta térmica seca. Se realiza service completo. Se entrega informe técnico para inicio de expediente para la compra del disco.,,Falla de disco. Memoria RAM ok.Cooler suelto y pasta térmica seca. Se realiza service completo. Se entrega informe técnico para inicio de expediente para la compra del disco.,Técnico SATMANAGER: Gabriela Mendoza | Costo mano de obra original: 0.0 | Entrega original: 0.0,Media,SATMANAGER,2026-06-03T16:16:10-03:00,REPARACIONES,"{""ReparacionesCodigo"": ""66"", ""ReparacionesFecha"": ""2026-02-10"", ""ClientesCodigo"": ""33"", ""EquiposCodigo"": ""66"", ""ReparacionesFalla"": ""No funciona correctamente."", ""ReparacionesInformeTecnico"": ""Falla de disco. Memoria RAM ok.Cooler suelto y pasta térmica seca. Se realiza service completo. Se entrega informe técnico para inicio de expediente para la compra del disco."", ""ReparacionesFechaEntregado"": ""2026-02-13"", ""ReparacionesTerminada"": ""1"", ""ReparacionesAccesorios"": ""Ninguno"", ""TecnicosCodigo"": ""8"", ""ReparacionesEntrega"": ""0.0"", ""ReparacionesCostoManoObra"": ""0.0""}"
67,2026-02-11T00:00:00-03:00,,,Personal,,,Personal,Avenida Sarmiento 850,PC,Dell,OPTIPLEX 780,F3XTTL1,,Revisión técnica.,"Se instaló drivers, no todos porque la PC dispone de controladores hasta Windows Vista. Programas + pregase",,"Se instaló drivers, no todos porque la PC dispone de controladores hasta Windows Vista. Programas + pregase",Técnico SATMANAGER: Gabriela Mendoza | Costo mano de obra original: 0.0 | Entrega original: 0.0,Media,SATMANAGER,2026-06-03T16:16:10-03:00,REPARACIONES,"{""ReparacionesCodigo"": ""67"", ""ReparacionesFecha"": ""2026-02-11"", ""ClientesCodigo"": ""11"", ""EquiposCodigo"": ""65"", ""ReparacionesFalla"": ""Revisión técnica."", ""ReparacionesInformeTecnico"": ""Se instaló drivers, no todos porque la PC dispone de controladores hasta Windows Vista. Programas + pregase"", ""ReparacionesFechaEntregado"": ""98-11-26"", ""ReparacionesTerminada"": ""1"", ""ReparacionesAccesorios"": """", ""TecnicosCodigo"": ""8"", ""ReparacionesEntrega"": ""0.0"", ""ReparacionesCostoManoObra"": ""0.0""}"
68,2026-02-13T00:00:00-03:00,2026-03-02T00:00:00-03:00,2026-03-02T00:00:00-03:00,Asuntos Jurídicos,,,Asuntos Jurídicos,Avenida Sarmiento 850,All in One,Lenovo,ThinkCentre E73Z,s1h02a6c,,Traída para formateo e instalación de Windows 10 y programas.,Lista para retirar. Configurar en puesto de trabajo,,Lista para retirar. Configurar en puesto de trabajo,Técnico SATMANAGER: Fernanda Jaime | Costo mano de obra original: 0.0 | Entrega original: 0.0,Media,SATMANAGER,2026-06-03T16:16:10-03:00,REPARACIONES,"{""ReparacionesCodigo"": ""68"", ""ReparacionesFecha"": ""2026-02-13"", ""ClientesCodigo"": ""10"", ""EquiposCodigo"": ""67"", ""ReparacionesFalla"": ""Traída para formateo e instalación de Windows 10 y programas.  "", ""ReparacionesInformeTecnico"": ""Lista para retirar. Configurar en puesto de trabajo"", ""ReparacionesFechaEntregado"": ""2026-03-02"", ""ReparacionesTerminada"": ""1"", ""ReparacionesAccesorios"": """", ""TecnicosCodigo"": ""2"", ""ReparacionesEntrega"": ""0.0"", ""ReparacionesCostoManoObra"": ""0.0""}"
69,2026-02-13T00:00:00-03:00,,,Junta de Disciplina,,,Junta de Disciplina,Av. Sarmiento 880,PC,MAGNUM,MAGNUM,0048,disco solido kingston 240 GB,No guarda nueva información,ya fue retirada,,ya fue retirada,Técnico SATMANAGER: Fernanda Jaime | Costo mano de obra original: 0.0 | Entrega original: 0.0,Media,SATMANAGER,2026-06-03T16:16:10-03:00,REPARACIONES,"{""ReparacionesCodigo"": ""69"", ""ReparacionesFecha"": ""2026-02-13"", ""ClientesCodigo"": ""34"", ""EquiposCodigo"": ""68"", ""ReparacionesFalla"": ""No guarda nueva información"", ""ReparacionesInformeTecnico"": ""ya fue retirada"", ""ReparacionesFechaEntregado"": ""98-11-26"", ""ReparacionesTerminada"": ""1"", ""ReparacionesAccesorios"": ""disco solido kingston 240 GB"", ""TecnicosCodigo"": ""2"", ""ReparacionesEntrega"": ""0.0"", ""ReparacionesCostoManoObra"": ""0.0""}"
70,2026-02-23T00:00:00-03:00,,,Subdirección de Contaduria,,,Subdirección de Contaduria,Avenida Sarmiento 850,Cpu (computadora),Clon,clon,08146810k3-143,gabinete PERFORMANCE,"Unidad SSD marca MARKVISION c falla, se hace INFORME solicitando unidad de reemplazo",,,,Técnico SATMANAGER: Mateo Fornaciari | Costo mano de obra original: 0.0 | Entrega original: 0.0,Media,SATMANAGER,2026-06-03T16:16:10-03:00,REPARACIONES,"{""ReparacionesCodigo"": ""70"", ""ReparacionesFecha"": ""2026-02-23"", ""ClientesCodigo"": ""32"", ""EquiposCodigo"": ""69"", ""ReparacionesFalla"": ""Unidad SSD marca MARKVISION c falla, se hace INFORME solicitando unidad de reemplazo"", ""ReparacionesInformeTecnico"": """", ""ReparacionesFechaEntregado"": ""98-11-26"", ""ReparacionesTerminada"": ""1"", ""ReparacionesAccesorios"": ""gabinete PERFORMANCE"", ""TecnicosCodigo"": ""3"", ""ReparacionesEntrega"": ""0.0"", ""ReparacionesCostoManoObra"": ""0.0""}"
71,2026-02-24T00:00:00-03:00,,,Novedade Salariales,,,Novedade Salariales,AV. Sarmiento 850,PC,PERFORMANCE,PERFORMARCE,118,disco solido hiksemi wave 240 GB,Fue traida para cambio de disco,El disco ya fue reemplazado e instalados todos los programas.  Lista para entregar. Sin Backup,,El disco ya fue reemplazado e instalados todos los programas.  Lista para entregar. Sin Backup,Técnico SATMANAGER: Fernanda Jaime | Costo mano de obra original: 0.0 | Entrega original: 0.0,Media,SATMANAGER,2026-06-03T16:16:10-03:00,REPARACIONES,"{""ReparacionesCodigo"": ""71"", ""ReparacionesFecha"": ""2026-02-24"", ""ClientesCodigo"": ""22"", ""EquiposCodigo"": ""70"", ""ReparacionesFalla"": ""Fue traida para cambio de disco"", ""ReparacionesInformeTecnico"": ""El disco ya fue reemplazado e instalados todos los programas.  Lista para entregar. Sin Backup"", ""ReparacionesFechaEntregado"": ""98-11-26"", ""ReparacionesTerminada"": ""1"", ""ReparacionesAccesorios"": ""disco solido hiksemi wave 240 GB"", ""TecnicosCodigo"": ""2"", ""ReparacionesEntrega"": ""0.0"", ""ReparacionesCostoManoObra"": ""0.0""}"
72,2026-02-24T00:00:00-03:00,2026-02-25T00:00:00-03:00,2026-02-25T00:00:00-03:00,Despacho,,,Despacho,av Sarmiento 850,PC,Magnum Tech,S/M,082420SK835-0573,,"Sucia, lenta, no enciende correctamente.","No se detectaron fallas en la CPU.
Se debe tener en cuenta que el equipo posee tarjeta de video dedicada, por lo que el cable de video (HDMI o VGA) debe conectarse siempre a la placa de video.",,"No se detectaron fallas en la CPU.
Se debe tener en cuenta que el equipo posee tarjeta de video dedicada, por lo que el cable de video (HDMI o VGA) debe conectarse siempre a la placa de video.",Técnico SATMANAGER: Ing. Fernando Gambino | Costo mano de obra original: 0.0 | Entrega original: 0.0,Media,SATMANAGER,2026-06-03T16:16:10-03:00,REPARACIONES,"{""ReparacionesCodigo"": ""72"", ""ReparacionesFecha"": ""2026-02-24"", ""ClientesCodigo"": ""19"", ""EquiposCodigo"": ""71"", ""ReparacionesFalla"": ""Sucia, lenta, no enciende correctamente."", ""ReparacionesInformeTecnico"": ""No se detectaron fallas en la CPU.\nSe debe tener en cuenta que el equipo posee tarjeta de video dedicada, por lo que el cable de video (HDMI o VGA) debe conectarse siempre a la placa de video."", ""ReparacionesFechaEntregado"": ""2026-02-25"", ""ReparacionesTerminada"": ""1"", ""ReparacionesAccesorios"": """", ""TecnicosCodigo"": ""5"", ""ReparacionesEntrega"": ""0.0"", ""ReparacionesCostoManoObra"": ""0.0""}"
73,2026-02-24T00:00:00-03:00,,,Presupuesto,,,Presupuesto,Av Sarmiento 850,PC,Magnum Tech,S/M,108020SK8351494 (Orden Planilla 93),Disco SSD 240 GB,"Cambio de disco, formateo e instalacion.","Instalacion en disco nuevo de SO, programas y Pregase. El backup está en disco viejo (Unidad E)",,"Instalacion en disco nuevo de SO, programas y Pregase. El backup está en disco viejo (Unidad E)",Técnico SATMANAGER: Gabriela Mendoza | Costo mano de obra original: 0.0 | Entrega original: 0.0,Media,SATMANAGER,2026-06-03T16:16:10-03:00,REPARACIONES,"{""ReparacionesCodigo"": ""73"", ""ReparacionesFecha"": ""2026-02-24"", ""ClientesCodigo"": ""17"", ""EquiposCodigo"": ""63"", ""ReparacionesFalla"": ""Cambio de disco, formateo e instalacion."", ""ReparacionesInformeTecnico"": ""Instalacion en disco nuevo de SO, programas y Pregase. El backup está en disco viejo (Unidad E)"", ""ReparacionesFechaEntregado"": ""98-11-26"", ""ReparacionesTerminada"": ""1"", ""ReparacionesAccesorios"": ""Disco SSD 240 GB"", ""TecnicosCodigo"": ""8"", ""ReparacionesEntrega"": ""0.0"", ""ReparacionesCostoManoObra"": ""0.0""}"
74,2026-02-25T00:00:00-03:00,,,Despacho,,,Despacho,av Sarmiento 850,PC,Magnum Tech,S/M,108020SK835-2349-0172,,SSD MARKVISION CON  FALLA,,,,Técnico SATMANAGER: Mateo Fornaciari | Costo mano de obra original: 0.0 | Entrega original: 0.0,Media,SATMANAGER,2026-06-03T16:16:10-03:00,REPARACIONES,"{""ReparacionesCodigo"": ""74"", ""ReparacionesFecha"": ""2026-02-25"", ""ClientesCodigo"": ""19"", ""EquiposCodigo"": ""72"", ""ReparacionesFalla"": ""SSD MARKVISION CON  FALLA"", ""ReparacionesInformeTecnico"": """", ""ReparacionesFechaEntregado"": ""98-11-26"", ""ReparacionesTerminada"": ""0"", ""ReparacionesAccesorios"": """", ""TecnicosCodigo"": ""3"", ""ReparacionesEntrega"": ""0.0"", ""ReparacionesCostoManoObra"": ""0.0""}"
75,2026-02-25T00:00:00-03:00,2026-02-25T00:00:00-03:00,2026-02-25T00:00:00-03:00,Dirección de Superior,,,Dirección de Superior,CIIDEPT,PC,Magnum Tech,S/M,L5SOHT3DJ23R7ALUYZGC,,Revisión y Backup de Datos,Se realizó el backup y limpieza del hardware interno.,,Se realizó el backup y limpieza del hardware interno.,Técnico SATMANAGER: Claudio Simeon | Costo mano de obra original: 0.0 | Entrega original: 0.0,Media,SATMANAGER,2026-06-03T16:16:10-03:00,REPARACIONES,"{""ReparacionesCodigo"": ""75"", ""ReparacionesFecha"": ""2026-02-25"", ""ClientesCodigo"": ""20"", ""EquiposCodigo"": ""73"", ""ReparacionesFalla"": ""Revisión y Backup de Datos"", ""ReparacionesInformeTecnico"": ""Se realizó el backup y limpieza del hardware interno."", ""ReparacionesFechaEntregado"": ""2026-02-25"", ""ReparacionesTerminada"": ""1"", ""ReparacionesAccesorios"": """", ""TecnicosCodigo"": ""7"", ""ReparacionesEntrega"": ""0.0"", ""ReparacionesCostoManoObra"": ""0.0""}"
76,2026-02-25T00:00:00-03:00,2026-03-04T00:00:00-03:00,2026-03-04T00:00:00-03:00,Planeamiento y Calidad Educativa,,,Planeamiento y Calidad Educativa,,PC,PERFORMANCE,PERFORMARCE,08206810K30873,Recepción c/SSD  HIKSEMI 240GB,"Cambio SSD, formateo e Inst. WIN10 y Software Complementarios. S/Backup.",Se realizó cambio SSD + formateo de WIN10 y Software Complementarios. S/Backup.,,Se realizó cambio SSD + formateo de WIN10 y Software Complementarios. S/Backup.,Técnico SATMANAGER: Ing. Fernando Gambino | Costo mano de obra original: 0.0 | Entrega original: 0.0,Media,SATMANAGER,2026-06-03T16:16:10-03:00,REPARACIONES,"{""ReparacionesCodigo"": ""76"", ""ReparacionesFecha"": ""2026-02-25"", ""ClientesCodigo"": ""1"", ""EquiposCodigo"": ""74"", ""ReparacionesFalla"": ""Cambio SSD, formateo e Inst. WIN10 y Software Complementarios. S/Backup."", ""ReparacionesInformeTecnico"": ""Se realizó cambio SSD + formateo de WIN10 y Software Complementarios. S/Backup."", ""ReparacionesFechaEntregado"": ""2026-03-04"", ""ReparacionesTerminada"": ""1"", ""ReparacionesAccesorios"": ""Recepción c/SSD  HIKSEMI 240GB"", ""TecnicosCodigo"": ""5"", ""ReparacionesEntrega"": ""0.0"", ""ReparacionesCostoManoObra"": ""0.0""}"
77,2026-02-27T00:00:00-03:00,,,Personal,,,Personal,Avenida Sarmiento 850,PC,PERFORMANCE,PERFORMARCE,147,,"Trajeron para revisar, no se podia instalar la impresora entre otros problemas de funcionamiento",,,,Técnico SATMANAGER: Fernanda Jaime | Costo mano de obra original: 0.0 | Entrega original: 0.0,Media,SATMANAGER,2026-06-03T16:16:10-03:00,REPARACIONES,"{""ReparacionesCodigo"": ""77"", ""ReparacionesFecha"": ""2026-02-27"", ""ClientesCodigo"": ""11"", ""EquiposCodigo"": ""75"", ""ReparacionesFalla"": ""Trajeron para revisar, no se podia instalar la impresora entre otros problemas de funcionamiento"", ""ReparacionesInformeTecnico"": """", ""ReparacionesFechaEntregado"": ""98-11-26"", ""ReparacionesTerminada"": ""0"", ""ReparacionesAccesorios"": """", ""TecnicosCodigo"": ""2"", ""ReparacionesEntrega"": ""0.0"", ""ReparacionesCostoManoObra"": ""0.0""}"
78,2026-02-27T00:00:00-03:00,2026-03-02T00:00:00-03:00,2026-03-02T00:00:00-03:00,Planeamiento y Calidad Educativa,,,Planeamiento y Calidad Educativa,,PC,PERFORMANCE,S/M,08206810K3-0781(Orden de Planilla 0064),Disco SSD Hiksemi 256 GB,"Instalación de Sistema Operativo, programas y Pregase. Sin Backup.","Se realizó cambio SSD. Instalación Sistema Operativo Windows 10, Programas + Pregase.S/Backup",,"Se realizó cambio SSD. Instalación Sistema Operativo Windows 10, Programas + Pregase.S/Backup",Técnico SATMANAGER: Gabriela Mendoza | Costo mano de obra original: 0.0 | Entrega original: 0.0,Media,SATMANAGER,2026-06-03T16:16:10-03:00,REPARACIONES,"{""ReparacionesCodigo"": ""78"", ""ReparacionesFecha"": ""2026-02-27"", ""ClientesCodigo"": ""1"", ""EquiposCodigo"": ""76"", ""ReparacionesFalla"": ""Instalación de Sistema Operativo, programas y Pregase. Sin Backup."", ""ReparacionesInformeTecnico"": ""Se realizó cambio SSD. Instalación Sistema Operativo Windows 10, Programas + Pregase.S/Backup"", ""ReparacionesFechaEntregado"": ""2026-03-02"", ""ReparacionesTerminada"": ""1"", ""ReparacionesAccesorios"": ""Disco SSD Hiksemi 256 GB"", ""TecnicosCodigo"": ""8"", ""ReparacionesEntrega"": ""0.0"", ""ReparacionesCostoManoObra"": ""0.0""}"
79,2026-02-27T00:00:00-03:00,2026-03-02T00:00:00-03:00,2026-03-02T00:00:00-03:00,Asuntos Jurídicos,,,Asuntos Jurídicos,Avenida Sarmiento 850,PC,Magnum Tech,S/M,108020-sk835-1187,,boton de inicio dañado,,,,Técnico SATMANAGER: Claudio Simeon | Costo mano de obra original: 0.0 | Entrega original: 0.0,Media,SATMANAGER,2026-06-03T16:16:10-03:00,REPARACIONES,"{""ReparacionesCodigo"": ""79"", ""ReparacionesFecha"": ""2026-02-27"", ""ClientesCodigo"": ""10"", ""EquiposCodigo"": ""77"", ""ReparacionesFalla"": ""boton de inicio dañado"", ""ReparacionesInformeTecnico"": """", ""ReparacionesFechaEntregado"": ""2026-03-02"", ""ReparacionesTerminada"": ""1"", ""ReparacionesAccesorios"": """", ""TecnicosCodigo"": ""7"", ""ReparacionesEntrega"": ""0.0"", ""ReparacionesCostoManoObra"": ""0.0""}"
80,2026-02-27T00:00:00-03:00,2026-03-03T00:00:00-03:00,2026-03-03T00:00:00-03:00,Contaduria,,,Contaduria,,PC,PERFORMANCE,S/M,08206810k3-0769,Disco SSD para reemplazo,Cambio de disco,Se cambio el disco por uno nuevo y se instalo softwares basicos,,Se cambio el disco por uno nuevo y se instalo softwares basicos,Técnico SATMANAGER: Claudio Simeon | Costo mano de obra original: 0.0 | Entrega original: 0.0,Media,SATMANAGER,2026-06-03T16:16:10-03:00,REPARACIONES,"{""ReparacionesCodigo"": ""80"", ""ReparacionesFecha"": ""2026-02-27"", ""ClientesCodigo"": ""35"", ""EquiposCodigo"": ""78"", ""ReparacionesFalla"": ""Cambio de disco"", ""ReparacionesInformeTecnico"": ""Se cambio el disco por uno nuevo y se instalo softwares basicos"", ""ReparacionesFechaEntregado"": ""2026-03-03"", ""ReparacionesTerminada"": ""1"", ""ReparacionesAccesorios"": ""Disco SSD para reemplazo"", ""TecnicosCodigo"": ""7"", ""ReparacionesEntrega"": ""0.0"", ""ReparacionesCostoManoObra"": ""0.0""}"
81,2026-03-02T00:00:00-03:00,,,Novedade Salariales,,,Novedade Salariales,AV. Sarmiento 850,PC,BRB Technology,S/M,197 (Orden de Planilla),,Revision Técnica,,,,Técnico SATMANAGER: Raúl Morales | Costo mano de obra original: 0.0 | Entrega original: 0.0,Media,SATMANAGER,2026-06-03T16:16:10-03:00,REPARACIONES,"{""ReparacionesCodigo"": ""81"", ""ReparacionesFecha"": ""2026-03-02"", ""ClientesCodigo"": ""22"", ""EquiposCodigo"": ""79"", ""ReparacionesFalla"": ""Revision Técnica"", ""ReparacionesInformeTecnico"": """", ""ReparacionesFechaEntregado"": ""98-11-26"", ""ReparacionesTerminada"": ""0"", ""ReparacionesAccesorios"": """", ""TecnicosCodigo"": ""4"", ""ReparacionesEntrega"": ""0.0"", ""ReparacionesCostoManoObra"": ""0.0""}"
82,2026-03-02T00:00:00-03:00,2026-03-03T00:00:00-03:00,2026-03-03T00:00:00-03:00,Subdirección de Contaduria,,,Subdirección de Contaduria,Avenida Sarmiento 850,PC,PERFORMANCE,DX-ATX600-6810,08146810K3-0143,,Cambio SSD,"Se cambió SSD. Formateo e Instalación WIN10 c/soft. complementarios. P/instalar SAFYc, debe solicitarlo por nota al Dir Informatica. Ing. Gerardo Toro",,"Se cambió SSD. Formateo e Instalación WIN10 c/soft. complementarios. P/instalar SAFYc, debe solicitarlo por nota al Dir Informatica. Ing. Gerardo Toro",Técnico SATMANAGER: Ing. Fernando Gambino | Costo mano de obra original: 0.0 | Entrega original: 0.0,Media,SATMANAGER,2026-06-03T16:16:10-03:00,REPARACIONES,"{""ReparacionesCodigo"": ""82"", ""ReparacionesFecha"": ""2026-03-02"", ""ClientesCodigo"": ""32"", ""EquiposCodigo"": ""80"", ""ReparacionesFalla"": ""Cambio SSD"", ""ReparacionesInformeTecnico"": ""Se cambió SSD. Formateo e Instalación WIN10 c/soft. complementarios. P/instalar SAFYc, debe solicitarlo por nota al Dir Informatica. Ing. Gerardo Toro"", ""ReparacionesFechaEntregado"": ""2026-03-03"", ""ReparacionesTerminada"": ""1"", ""ReparacionesAccesorios"": """", ""TecnicosCodigo"": ""5"", ""ReparacionesEntrega"": ""0.0"", ""ReparacionesCostoManoObra"": ""0.0""}"
83,2026-03-03T00:00:00-03:00,,,Presupuesto,,,Presupuesto,Av Sarmiento 850,PC,MAGNUM,MAGNUM,82,,Se apaga aleatoriamente,,,,Técnico SATMANAGER: Fernanda Jaime | Costo mano de obra original: 0.0 | Entrega original: 0.0,Media,SATMANAGER,2026-06-03T16:16:10-03:00,REPARACIONES,"{""ReparacionesCodigo"": ""83"", ""ReparacionesFecha"": ""2026-03-03"", ""ClientesCodigo"": ""17"", ""EquiposCodigo"": ""81"", ""ReparacionesFalla"": ""Se apaga aleatoriamente"", ""ReparacionesInformeTecnico"": """", ""ReparacionesFechaEntregado"": ""98-11-26"", ""ReparacionesTerminada"": ""1"", ""ReparacionesAccesorios"": """", ""TecnicosCodigo"": ""2"", ""ReparacionesEntrega"": ""0.0"", ""ReparacionesCostoManoObra"": ""0.0""}"
84,2026-03-03T00:00:00-03:00,2026-03-05T00:00:00-03:00,2026-03-05T00:00:00-03:00,Planes Nacionales,,,Planes Nacionales,,PC,Magnum Tech,MTK835,0133,,Problema de encendido,"Tras la inspección técnica,se determinó que el equipo no enciende debido a una falla en la fuente de alimentación. Se comprueba con otra fuente de la oficina.Se realiza service completo.",,"Tras la inspección técnica,se determinó que el equipo no enciende debido a una falla en la fuente de alimentación. Se comprueba con otra fuente de la oficina.Se realiza service completo.",Técnico SATMANAGER: Gabriela Mendoza | Costo mano de obra original: 0.0 | Entrega original: 0.0,Media,SATMANAGER,2026-06-03T16:16:10-03:00,REPARACIONES,"{""ReparacionesCodigo"": ""84"", ""ReparacionesFecha"": ""2026-03-03"", ""ClientesCodigo"": ""4"", ""EquiposCodigo"": ""82"", ""ReparacionesFalla"": ""Problema de encendido"", ""ReparacionesInformeTecnico"": ""Tras la inspección técnica,se determinó que el equipo no enciende debido a una falla en la fuente de alimentación. Se comprueba con otra fuente de la oficina.Se realiza service completo."", ""ReparacionesFechaEntregado"": ""2026-03-05"", ""ReparacionesTerminada"": ""1"", ""ReparacionesAccesorios"": """", ""TecnicosCodigo"": ""8"", ""ReparacionesEntrega"": ""0.0"", ""ReparacionesCostoManoObra"": ""0.0""}"
85,2026-03-02T00:00:00-03:00,2026-03-04T00:00:00-03:00,2026-03-04T00:00:00-03:00,Planeamiento y Calidad Educativa,,,Planeamiento y Calidad Educativa,,PC,Magnum Tech,S/M,123420SK835-0206 (ORDEN P. 85),,Revision y diagnostico porque dejo de funcionar,Pla,,Pla,Técnico SATMANAGER: Alejandra Choco | Costo mano de obra original: 0.0 | Entrega original: 2326.0,Media,SATMANAGER,2026-06-03T16:16:10-03:00,REPARACIONES,"{""ReparacionesCodigo"": ""85"", ""ReparacionesFecha"": ""2026-03-02"", ""ClientesCodigo"": ""1"", ""EquiposCodigo"": ""83"", ""ReparacionesFalla"": ""Revision y diagnostico porque dejo de funcionar"", ""ReparacionesInformeTecnico"": ""Pla"", ""ReparacionesFechaEntregado"": ""2026-03-04"", ""ReparacionesTerminada"": ""1"", ""ReparacionesAccesorios"": """", ""TecnicosCodigo"": ""6"", ""ReparacionesEntrega"": ""2326.0"", ""ReparacionesCostoManoObra"": ""0.0""}"
86,2000-03-03T00:00:00-03:00,,,Asuntos Jurídicos,,,Asuntos Jurídicos,Avenida Sarmiento 850,PC,Magnum Tech,S/M,18012443 (Orden Planilla 0133),,Solicita revisiòn tècnica sin especificar la falla,Falla de disco. Se entrega informe técnico para la compra del mismo,,Falla de disco. Se entrega informe técnico para la compra del mismo,Técnico SATMANAGER: Raúl Morales | Costo mano de obra original: 0.0 | Entrega original: 0.0,Media,SATMANAGER,2026-06-03T16:16:10-03:00,REPARACIONES,"{""ReparacionesCodigo"": ""86"", ""ReparacionesFecha"": ""2000-03-03"", ""ClientesCodigo"": ""10"", ""EquiposCodigo"": ""84"", ""ReparacionesFalla"": ""Solicita revisiòn tècnica sin especificar la falla"", ""ReparacionesInformeTecnico"": ""Falla de disco. Se entrega informe técnico para la compra del mismo"", ""ReparacionesFechaEntregado"": ""98-11-26"", ""ReparacionesTerminada"": ""1"", ""ReparacionesAccesorios"": """", ""TecnicosCodigo"": ""4"", ""ReparacionesEntrega"": ""0.0"", ""ReparacionesCostoManoObra"": ""0.0""}"
87,2026-03-04T00:00:00-03:00,2026-03-05T00:00:00-03:00,2026-03-05T00:00:00-03:00,Infraestructura Escolar,subinfraestructura@educaciontuc.gov.ar,381-5541478,Infraestructura Escolar,Marcos Paz 982,PC,Magnum Tech,S/M,19012414 (Orden Planilla 18),Disco Hiksemi 256 GB,"Cambio de disco, instalacion de Sistema Operativo y Programas","Se instala SO en disco SSD, se deja conectado el disco rìgido Wester Digital con el backup",,"Se instala SO en disco SSD, se deja conectado el disco rìgido Wester Digital con el backup",Técnico SATMANAGER: Gabriela Mendoza | Costo mano de obra original: 0.0 | Entrega original: 0.0,Media,SATMANAGER,2026-06-03T16:16:10-03:00,REPARACIONES,"{""ReparacionesCodigo"": ""87"", ""ReparacionesFecha"": ""2026-03-04"", ""ClientesCodigo"": ""36"", ""EquiposCodigo"": ""85"", ""ReparacionesFalla"": ""Cambio de disco, instalacion de Sistema Operativo y Programas"", ""ReparacionesInformeTecnico"": ""Se instala SO en disco SSD, se deja conectado el disco rìgido Wester Digital con el backup"", ""ReparacionesFechaEntregado"": ""2026-03-05"", ""ReparacionesTerminada"": ""1"", ""ReparacionesAccesorios"": ""Disco Hiksemi 256 GB"", ""TecnicosCodigo"": ""8"", ""ReparacionesEntrega"": ""0.0"", ""ReparacionesCostoManoObra"": ""0.0""}"
88,2026-03-05T00:00:00-03:00,2026-03-16T00:00:00-03:00,2026-03-16T00:00:00-03:00,Insumos y Aprestamiento,,,Insumos y Aprestamiento,Avenida Sarmiento 850,PC,MAGNUM,MAGNUM,46,,"Pc presenta parpadeo intermintente. Disco roto. en espera de disco, ya se entrego informe, pasaran a retirar la pc hasta que llegue el repuesto",Cambio SSD ADATA. Instalación de Windows 10PRO y utilitarios,,Cambio SSD ADATA. Instalación de Windows 10PRO y utilitarios,Técnico SATMANAGER: Fernanda Jaime | Costo mano de obra original: 0.0 | Entrega original: 0.0,Media,SATMANAGER,2026-06-03T16:16:10-03:00,REPARACIONES,"{""ReparacionesCodigo"": ""88"", ""ReparacionesFecha"": ""2026-03-05"", ""ClientesCodigo"": ""8"", ""EquiposCodigo"": ""86"", ""ReparacionesFalla"": ""Pc presenta parpadeo intermintente. Disco roto. en espera de disco, ya se entrego informe, pasaran a retirar la pc hasta que llegue el repuesto"", ""ReparacionesInformeTecnico"": ""Cambio SSD ADATA. Instalación de Windows 10PRO y utilitarios"", ""ReparacionesFechaEntregado"": ""2026-03-16"", ""ReparacionesTerminada"": ""1"", ""ReparacionesAccesorios"": """", ""TecnicosCodigo"": ""2"", ""ReparacionesEntrega"": ""0.0"", ""ReparacionesCostoManoObra"": ""0.0""}"
89,2026-03-05T00:00:00-03:00,2026-03-16T00:00:00-03:00,2026-03-16T00:00:00-03:00,Insumos y Aprestamiento,,,Insumos y Aprestamiento,Avenida Sarmiento 850,PC,MAGNUM,MAGNUM,53,,"Para revision, aparente falla de disco. Disco roto. en espera de disco, ya se entrego informe, pasaran a retirar la pc hasta que llegue el repuesto",Cambio SSD ADATA. Instalación de Windows 10PRO y utilitarios,,Cambio SSD ADATA. Instalación de Windows 10PRO y utilitarios,Técnico SATMANAGER: Fernanda Jaime | Costo mano de obra original: 0.0 | Entrega original: 0.0,Media,SATMANAGER,2026-06-03T16:16:10-03:00,REPARACIONES,"{""ReparacionesCodigo"": ""89"", ""ReparacionesFecha"": ""2026-03-05"", ""ClientesCodigo"": ""8"", ""EquiposCodigo"": ""87"", ""ReparacionesFalla"": ""Para revision, aparente falla de disco. Disco roto. en espera de disco, ya se entrego informe, pasaran a retirar la pc hasta que llegue el repuesto"", ""ReparacionesInformeTecnico"": ""Cambio SSD ADATA. Instalación de Windows 10PRO y utilitarios"", ""ReparacionesFechaEntregado"": ""2026-03-16"", ""ReparacionesTerminada"": ""1"", ""ReparacionesAccesorios"": """", ""TecnicosCodigo"": ""2"", ""ReparacionesEntrega"": ""0.0"", ""ReparacionesCostoManoObra"": ""0.0""}"
90,2026-03-05T00:00:00-03:00,,,Infraestructura Escolar,subinfraestructura@educaciontuc.gov.ar,381-5541478,Infraestructura Escolar,Marcos Paz 982,PC,Magnum Tech,MTK835,103420SK835-1178 (Orden Planilla 16),Ninguno,Inicio de Windows dañado.,,,,Técnico SATMANAGER: Gabriela Mendoza | Costo mano de obra original: 0.0 | Entrega original: 0.0,Media,SATMANAGER,2026-06-03T16:16:10-03:00,REPARACIONES,"{""ReparacionesCodigo"": ""90"", ""ReparacionesFecha"": ""2026-03-05"", ""ClientesCodigo"": ""36"", ""EquiposCodigo"": ""88"", ""ReparacionesFalla"": ""Inicio de Windows dañado."", ""ReparacionesInformeTecnico"": """", ""ReparacionesFechaEntregado"": ""98-11-26"", ""ReparacionesTerminada"": ""0"", ""ReparacionesAccesorios"": ""Ninguno"", ""TecnicosCodigo"": ""8"", ""ReparacionesEntrega"": ""0.0"", ""ReparacionesCostoManoObra"": ""0.0""}"
91,2026-03-05T00:00:00-03:00,,,Despacho,,,Despacho,av Sarmiento 850,PC,Magnum Tech,S/M,108020SK835-1289,Disco SSD Kingston 240 GB,Cambio de disco S/Backup,Se cambio SSD S/Backup + Install. WIN10 + Soft. Complementario + Limpieza `de Hardware + Cambio de pasta.,,Se cambio SSD S/Backup + Install. WIN10 + Soft. Complementario + Limpieza `de Hardware + Cambio de pasta.,Técnico SATMANAGER: Ing. Fernando Gambino | Costo mano de obra original: 0.0 | Entrega original: 0.0,Media,SATMANAGER,2026-06-03T16:16:10-03:00,REPARACIONES,"{""ReparacionesCodigo"": ""91"", ""ReparacionesFecha"": ""2026-03-05"", ""ClientesCodigo"": ""19"", ""EquiposCodigo"": ""89"", ""ReparacionesFalla"": ""Cambio de disco S/Backup"", ""ReparacionesInformeTecnico"": ""Se cambio SSD S/Backup + Install. WIN10 + Soft. Complementario + Limpieza `de Hardware + Cambio de pasta."", ""ReparacionesFechaEntregado"": ""98-11-26"", ""ReparacionesTerminada"": ""1"", ""ReparacionesAccesorios"": ""Disco SSD Kingston 240 GB"", ""TecnicosCodigo"": ""5"", ""ReparacionesEntrega"": ""0.0"", ""ReparacionesCostoManoObra"": ""0.0""}"
92,2026-03-05T00:00:00-03:00,,,Despacho,,,Despacho,av Sarmiento 850,PC,Magnum Tech,SK835,108020SK835-2349,ORDEN DE PLANILLA 0172,Instalacion de SSD - S.O. y PROGRAMAS,,,,Técnico SATMANAGER: Mateo Fornaciari | Costo mano de obra original: 0.0 | Entrega original: 0.0,Media,SATMANAGER,2026-06-03T16:16:10-03:00,REPARACIONES,"{""ReparacionesCodigo"": ""92"", ""ReparacionesFecha"": ""2026-03-05"", ""ClientesCodigo"": ""19"", ""EquiposCodigo"": ""90"", ""ReparacionesFalla"": ""Instalacion de SSD - S.O. y PROGRAMAS"", ""ReparacionesInformeTecnico"": """", ""ReparacionesFechaEntregado"": ""98-11-26"", ""ReparacionesTerminada"": ""0"", ""ReparacionesAccesorios"": ""ORDEN DE PLANILLA 0172"", ""TecnicosCodigo"": ""3"", ""ReparacionesEntrega"": ""0.0"", ""ReparacionesCostoManoObra"": ""0.0""}"
93,2026-03-09T00:00:00-03:00,2026-03-09T00:00:00-03:00,2026-03-09T00:00:00-03:00,Secretaría de Estado de Educación,,,Secretaría de Estado de Educación,Avenida Sarmiento 850,PC,Magnum Tech,S/M,108020-SK835-1283 (Orden Planilla 62),Disco WD Green 240 GB,Cambio SSD. Instalación de Windows 10PRO y utilitarios. Configuración y puesta en marcha del Pregase. Backup en unidad D.,,,,Técnico SATMANAGER: Gabriela Mendoza | Costo mano de obra original: 0.0 | Entrega original: 0.0,Media,SATMANAGER,2026-06-03T16:16:10-03:00,REPARACIONES,"{""ReparacionesCodigo"": ""93"", ""ReparacionesFecha"": ""2026-03-09"", ""ClientesCodigo"": ""33"", ""EquiposCodigo"": ""66"", ""ReparacionesFalla"": ""Cambio SSD. Instalación de Windows 10PRO y utilitarios. Configuración y puesta en marcha del Pregase. Backup en unidad D."", ""ReparacionesInformeTecnico"": """", ""ReparacionesFechaEntregado"": ""2026-03-09"", ""ReparacionesTerminada"": ""1"", ""ReparacionesAccesorios"": ""Disco WD Green 240 GB"", ""TecnicosCodigo"": ""8"", ""ReparacionesEntrega"": ""0.0"", ""ReparacionesCostoManoObra"": ""0.0""}"
94,2026-03-09T00:00:00-03:00,2026-03-16T00:00:00-03:00,2026-03-16T00:00:00-03:00,Novedade Salariales,,,Novedade Salariales,AV. Sarmiento 850,PC,BRB Technology,brb,179,Memoria DD3 8G hiker,La trajeron a la oficina para cambio de memoria,,,,Técnico SATMANAGER: Raúl Morales | Costo mano de obra original: 0.0 | Entrega original: 0.0,Media,SATMANAGER,2026-06-03T16:16:10-03:00,REPARACIONES,"{""ReparacionesCodigo"": ""94"", ""ReparacionesFecha"": ""2026-03-09"", ""ClientesCodigo"": ""22"", ""EquiposCodigo"": ""55"", ""ReparacionesFalla"": ""La trajeron a la oficina para cambio de memoria"", ""ReparacionesInformeTecnico"": """", ""ReparacionesFechaEntregado"": ""2026-03-16"", ""ReparacionesTerminada"": ""1"", ""ReparacionesAccesorios"": ""Memoria DD3 8G hiker"", ""TecnicosCodigo"": ""4"", ""ReparacionesEntrega"": ""0.0"", ""ReparacionesCostoManoObra"": ""0.0""}"
95,2026-03-09T00:00:00-03:00,,,Junta de Superior,,,Junta de Superior,Av Colon,PC,PERFORMANCE,PERFORMARCE,10,,Para revisión.  Hacer backup,Disco en corto. No se puede realizar backup. Funciona bien con disco de prueba. Se realiza informe,,Disco en corto. No se puede realizar backup. Funciona bien con disco de prueba. Se realiza informe,Técnico SATMANAGER: Fernanda Jaime | Costo mano de obra original: 0.0 | Entrega original: 0.0,Media,SATMANAGER,2026-06-03T16:16:10-03:00,REPARACIONES,"{""ReparacionesCodigo"": ""95"", ""ReparacionesFecha"": ""2026-03-09"", ""ClientesCodigo"": ""37"", ""EquiposCodigo"": ""91"", ""ReparacionesFalla"": ""Para revisión.  Hacer backup"", ""ReparacionesInformeTecnico"": ""Disco en corto. No se puede realizar backup. Funciona bien con disco de prueba. Se realiza informe   "", ""ReparacionesFechaEntregado"": ""98-11-26"", ""ReparacionesTerminada"": ""0"", ""ReparacionesAccesorios"": """", ""TecnicosCodigo"": ""2"", ""ReparacionesEntrega"": ""0.0"", ""ReparacionesCostoManoObra"": ""0.0""}"
96,2026-03-10T00:00:00-03:00,2026-03-17T00:00:00-03:00,2026-03-17T00:00:00-03:00,Compras,,,Compras,Avenida Sarmiento 850,PC,MAGNUM,MAGNUM,62,,PC con error de pantalla azul.,,,,Técnico SATMANAGER: Fernanda Jaime | Costo mano de obra original: 0.0 | Entrega original: 0.0,Media,SATMANAGER,2026-06-03T16:16:10-03:00,REPARACIONES,"{""ReparacionesCodigo"": ""96"", ""ReparacionesFecha"": ""2026-03-10"", ""ClientesCodigo"": ""24"", ""EquiposCodigo"": ""92"", ""ReparacionesFalla"": ""PC con error de pantalla azul."", ""ReparacionesInformeTecnico"": """", ""ReparacionesFechaEntregado"": ""2026-03-17"", ""ReparacionesTerminada"": ""1"", ""ReparacionesAccesorios"": """", ""TecnicosCodigo"": ""2"", ""ReparacionesEntrega"": ""0.0"", ""ReparacionesCostoManoObra"": ""0.0""}"
97,2026-03-10T00:00:00-03:00,,,Auditoria,,,Auditoria,Avenida Sarmiento 850,PC,Magnum Tech,S/M,1213 (Orden Planilla 92),Ninguno,Revisar,Falla de disco. Se entrega informe técnico para la compra del mismo,,Falla de disco. Se entrega informe técnico para la compra del mismo,Técnico SATMANAGER: Gabriela Mendoza | Costo mano de obra original: 0.0 | Entrega original: 0.0,Media,SATMANAGER,2026-06-03T16:16:10-03:00,REPARACIONES,"{""ReparacionesCodigo"": ""97"", ""ReparacionesFecha"": ""2026-03-10"", ""ClientesCodigo"": ""6"", ""EquiposCodigo"": ""93"", ""ReparacionesFalla"": ""Revisar"", ""ReparacionesInformeTecnico"": ""Falla de disco. Se entrega informe técnico para la compra del mismo"", ""ReparacionesFechaEntregado"": ""98-11-26"", ""ReparacionesTerminada"": ""1"", ""ReparacionesAccesorios"": ""Ninguno"", ""TecnicosCodigo"": ""8"", ""ReparacionesEntrega"": ""0.0"", ""ReparacionesCostoManoObra"": ""0.0""}"
98,2026-03-11T00:00:00-03:00,2026-03-20T00:00:00-03:00,2026-03-20T00:00:00-03:00,Asuntos Jurídicos,,,Asuntos Jurídicos,Avenida Sarmiento 850,PC,Magnum Tech,S/M,108020-SK835-1255(Orden Planilla 111),Disco SSD HIKSEMI 256 GB,"Instalacion Windows 10PRO, utilitarios pregase",Instalación SSD. Instalación de Windows 10PRO y utilitarios. Configuración y puesta en marcha del Pregase. S/Backup,,Instalación SSD. Instalación de Windows 10PRO y utilitarios. Configuración y puesta en marcha del Pregase. S/Backup,Técnico SATMANAGER: Gabriela Mendoza | Costo mano de obra original: 0.0 | Entrega original: 110.0,Media,SATMANAGER,2026-06-03T16:16:10-03:00,REPARACIONES,"{""ReparacionesCodigo"": ""98"", ""ReparacionesFecha"": ""2026-03-11"", ""ClientesCodigo"": ""10"", ""EquiposCodigo"": ""94"", ""ReparacionesFalla"": ""Instalacion Windows 10PRO, utilitarios pregase"", ""ReparacionesInformeTecnico"": ""Instalación SSD. Instalación de Windows 10PRO y utilitarios. Configuración y puesta en marcha del Pregase. S/Backup"", ""ReparacionesFechaEntregado"": ""2026-03-20"", ""ReparacionesTerminada"": ""1"", ""ReparacionesAccesorios"": ""Disco SSD HIKSEMI 256 GB"", ""TecnicosCodigo"": ""8"", ""ReparacionesEntrega"": ""110.0"", ""ReparacionesCostoManoObra"": ""0.0""}"
99,2026-03-11T00:00:00-03:00,2026-04-22T00:00:00-03:00,2026-04-22T00:00:00-03:00,Novedades Salariales,,,Novedades Salariales,,PC,BRB Technology,brb,207,,No enciende,"La fuente no funciona. La placa madre presenta falla. Se pide kit de actualizacion fuente, madre micro y memoria.Se entrega informe técnico. realizado por Raúl.",,"La fuente no funciona. La placa madre presenta falla. Se pide kit de actualizacion fuente, madre micro y memoria.Se entrega informe técnico. realizado por Raúl.",Técnico SATMANAGER: Gabriela Mendoza | Costo mano de obra original: 0.0 | Entrega original: 0.0,Media,SATMANAGER,2026-06-03T16:16:10-03:00,REPARACIONES,"{""ReparacionesCodigo"": ""99"", ""ReparacionesFecha"": ""2026-03-11"", ""ClientesCodigo"": ""7"", ""EquiposCodigo"": ""95"", ""ReparacionesFalla"": ""No enciende"", ""ReparacionesInformeTecnico"": ""La fuente no funciona. La placa madre presenta falla. Se pide kit de actualizacion fuente, madre micro y memoria.Se entrega informe técnico. realizado por Raúl."", ""ReparacionesFechaEntregado"": ""2026-04-22"", ""ReparacionesTerminada"": ""1"", ""ReparacionesAccesorios"": """", ""TecnicosCodigo"": ""8"", ""ReparacionesEntrega"": ""0.0"", ""ReparacionesCostoManoObra"": ""0.0""}"
100,2026-03-11T00:00:00-03:00,2026-03-16T00:00:00-03:00,2026-03-16T00:00:00-03:00,Contaduria,,,Contaduria,,PC,Letos,S/M,S/N (Orden Planilla 151),,Revisar.Falla de fuente,"Falla de fuente, se presta provisoriamente fuente de la oficina.",,"Falla de fuente, se presta provisoriamente fuente de la oficina.",Técnico SATMANAGER: Mateo Fornaciari | Costo mano de obra original: 0.0 | Entrega original: 0.0,Media,SATMANAGER,2026-06-03T16:16:10-03:00,REPARACIONES,"{""ReparacionesCodigo"": ""100"", ""ReparacionesFecha"": ""2026-03-11"", ""ClientesCodigo"": ""35"", ""EquiposCodigo"": ""96"", ""ReparacionesFalla"": ""Revisar.Falla de fuente"", ""ReparacionesInformeTecnico"": ""Falla de fuente, se presta provisoriamente fuente de la oficina."", ""ReparacionesFechaEntregado"": ""2026-03-16"", ""ReparacionesTerminada"": ""1"", ""ReparacionesAccesorios"": """", ""TecnicosCodigo"": ""3"", ""ReparacionesEntrega"": ""0.0"", ""ReparacionesCostoManoObra"": ""0.0""}"
101,2026-03-11T00:00:00-03:00,2026-03-16T00:00:00-03:00,2026-03-16T00:00:00-03:00,Educación Inicial,,,Educación Inicial,Avenida Sarmiento 850,PC,Magnum Tech,S/M,103420SK835-1107,Recibida por: Ing. Mateo Fornacieri,Revisar posible falla de disco (pantalla azul),Equipo s/diagnósticar. No correspone falla indicada. Se le Install Soft. complementarios + Limpieza Hard. Interno + Optimizado Soft.,,Equipo s/diagnósticar. No correspone falla indicada. Se le Install Soft. complementarios + Limpieza Hard. Interno + Optimizado Soft.,Técnico SATMANAGER: Ing. Fernando Gambino | Costo mano de obra original: 0.0 | Entrega original: 0.0,Media,SATMANAGER,2026-06-03T16:16:10-03:00,REPARACIONES,"{""ReparacionesCodigo"": ""101"", ""ReparacionesFecha"": ""2026-03-11"", ""ClientesCodigo"": ""9"", ""EquiposCodigo"": ""97"", ""ReparacionesFalla"": ""Revisar posible falla de disco (pantalla azul)"", ""ReparacionesInformeTecnico"": ""Equipo s/diagnósticar. No correspone falla indicada. Se le Install Soft. complementarios + Limpieza Hard. Interno + Optimizado Soft."", ""ReparacionesFechaEntregado"": ""2026-03-16"", ""ReparacionesTerminada"": ""1"", ""ReparacionesAccesorios"": ""Recibida por: Ing. Mateo Fornacieri"", ""TecnicosCodigo"": ""5"", ""ReparacionesEntrega"": ""0.0"", ""ReparacionesCostoManoObra"": ""0.0""}"
102,2026-03-11T00:00:00-03:00,2026-03-13T00:00:00-03:00,2026-03-13T00:00:00-03:00,Infraestructura Escolar,subinfraestructura@educaciontuc.gov.ar,381-5541478,Infraestructura Escolar,Marcos Paz 982,Cpu,shure,pc,17012424,,se reinicia,,,,Técnico SATMANAGER: Alejandra Choco | Costo mano de obra original: 0.0 | Entrega original: 0.0,Media,SATMANAGER,2026-06-03T16:16:10-03:00,REPARACIONES,"{""ReparacionesCodigo"": ""102"", ""ReparacionesFecha"": ""2026-03-11"", ""ClientesCodigo"": ""36"", ""EquiposCodigo"": ""98"", ""ReparacionesFalla"": ""se reinicia "", ""ReparacionesInformeTecnico"": """", ""ReparacionesFechaEntregado"": ""2026-03-13"", ""ReparacionesTerminada"": ""1"", ""ReparacionesAccesorios"": """", ""TecnicosCodigo"": ""6"", ""ReparacionesEntrega"": ""0.0"", ""ReparacionesCostoManoObra"": ""0.0""}"
103,2026-03-12T00:00:00-03:00,2026-03-18T00:00:00-03:00,2026-03-18T00:00:00-03:00,Educación Secundaria,,,Educación Secundaria,Avenida Sarmiento 850,Placa Madre,PERFORMANCE,S/M,08206810K3-0009(Orden Planilla 111),Reparada por: Ing. Gambino Fernando,Posible falla de disco. PANTALLA AZUL,Se ralizó cambio SSD + Instal WIN10 + Soft. Complementario + Limpieza interna Hardware + Cambio Pasta Térmica.,,Se ralizó cambio SSD + Instal WIN10 + Soft. Complementario + Limpieza interna Hardware + Cambio Pasta Térmica.,Técnico SATMANAGER: Ing. Fernando Gambino | Costo mano de obra original: 0.0 | Entrega original: 0.0,Media,SATMANAGER,2026-06-03T16:16:10-03:00,REPARACIONES,"{""ReparacionesCodigo"": ""103"", ""ReparacionesFecha"": ""2026-03-12"", ""ClientesCodigo"": ""38"", ""EquiposCodigo"": ""99"", ""ReparacionesFalla"": ""Posible falla de disco. PANTALLA AZUL"", ""ReparacionesInformeTecnico"": ""Se ralizó cambio SSD + Instal WIN10 + Soft. Complementario + Limpieza interna Hardware + Cambio Pasta Térmica."", ""ReparacionesFechaEntregado"": ""2026-03-18"", ""ReparacionesTerminada"": ""1"", ""ReparacionesAccesorios"": ""Reparada por: Ing. Gambino Fernando"", ""TecnicosCodigo"": ""5"", ""ReparacionesEntrega"": ""0.0"", ""ReparacionesCostoManoObra"": ""0.0""}"
104,2026-03-12T00:00:00-03:00,2026-03-12T00:00:00-03:00,2026-03-12T00:00:00-03:00,Planes Nacionales,,,Planes Nacionales,,Impresora,Epson,LX 350,Q7HBM003791,,Diagnosticar,"Mantenimiento técnico, consistente en limpieza integral y verificación de mecanismos. Tras las pruebas de diagnóstico, se confirma el correcto funcionamiento del equipo y se adjunta HojaPrueba",,"Mantenimiento técnico, consistente en limpieza integral y verificación de mecanismos. Tras las pruebas de diagnóstico, se confirma el correcto funcionamiento del equipo y se adjunta HojaPrueba",Técnico SATMANAGER: Gabriela Mendoza | Costo mano de obra original: 0.0 | Entrega original: 0.0,Media,SATMANAGER,2026-06-03T16:16:10-03:00,REPARACIONES,"{""ReparacionesCodigo"": ""104"", ""ReparacionesFecha"": ""2026-03-12"", ""ClientesCodigo"": ""4"", ""EquiposCodigo"": ""100"", ""ReparacionesFalla"": ""Diagnosticar"", ""ReparacionesInformeTecnico"": ""Mantenimiento técnico, consistente en limpieza integral y verificación de mecanismos. Tras las pruebas de diagnóstico, se confirma el correcto funcionamiento del equipo y se adjunta HojaPrueba"", ""ReparacionesFechaEntregado"": ""2026-03-12"", ""ReparacionesTerminada"": ""1"", ""ReparacionesAccesorios"": """", ""TecnicosCodigo"": ""8"", ""ReparacionesEntrega"": ""0.0"", ""ReparacionesCostoManoObra"": ""0.0""}"
105,2026-03-12T00:00:00-03:00,2026-03-20T00:00:00-03:00,2026-03-20T00:00:00-03:00,Planeamiento y Calidad Educativa,,,Planeamiento y Calidad Educativa,,PC,Magnum Tech,S/M,103420SK835-0206,Disco SSD 240 GB,"Cambio SSD. Instalación Windows 10PRO, utilitarios","Instalación de Windows 10PRO, utilitarios",,"Instalación de Windows 10PRO, utilitarios",Técnico SATMANAGER: Raúl Morales | Costo mano de obra original: 0.0 | Entrega original: 12326.0,Media,SATMANAGER,2026-06-03T16:16:10-03:00,REPARACIONES,"{""ReparacionesCodigo"": ""105"", ""ReparacionesFecha"": ""2026-03-12"", ""ClientesCodigo"": ""1"", ""EquiposCodigo"": ""101"", ""ReparacionesFalla"": ""Cambio SSD. Instalación Windows 10PRO, utilitarios "", ""ReparacionesInformeTecnico"": ""Instalación de Windows 10PRO, utilitarios"", ""ReparacionesFechaEntregado"": ""2026-03-20"", ""ReparacionesTerminada"": ""1"", ""ReparacionesAccesorios"": ""Disco SSD 240 GB"", ""TecnicosCodigo"": ""4"", ""ReparacionesEntrega"": ""12326.0"", ""ReparacionesCostoManoObra"": ""0.0""}"
106,2026-03-12T00:00:00-03:00,2026-03-19T00:00:00-03:00,2026-03-19T00:00:00-03:00,Planeamiento y Calidad Educativa,,,Planeamiento y Calidad Educativa,,PC,S/M,All in one Bangho,801191401001093 (Orden Planilla 0057),,Revisión y diagnóstico. Optimizar funcionamiento,Instalación de Windows 10PRO y utilitarios. Configuración y puesta en marcha del Pregase. S/Backup,,Instalación de Windows 10PRO y utilitarios. Configuración y puesta en marcha del Pregase. S/Backup,Técnico SATMANAGER: Gabriela Mendoza | Costo mano de obra original: 0.0 | Entrega original: 0.0,Media,SATMANAGER,2026-06-03T16:16:10-03:00,REPARACIONES,"{""ReparacionesCodigo"": ""106"", ""ReparacionesFecha"": ""2026-03-12"", ""ClientesCodigo"": ""1"", ""EquiposCodigo"": ""102"", ""ReparacionesFalla"": ""Revisión y diagnóstico. Optimizar funcionamiento"", ""ReparacionesInformeTecnico"": ""Instalación de Windows 10PRO y utilitarios. Configuración y puesta en marcha del Pregase. S/Backup"", ""ReparacionesFechaEntregado"": ""2026-03-19"", ""ReparacionesTerminada"": ""1"", ""ReparacionesAccesorios"": """", ""TecnicosCodigo"": ""8"", ""ReparacionesEntrega"": ""0.0"", ""ReparacionesCostoManoObra"": ""0.0""}"
107,2026-03-12T00:00:00-03:00,2026-03-19T00:00:00-03:00,2026-03-19T00:00:00-03:00,Planes Nacionales,,,Planes Nacionales,,Impresora,Samsung,M2020W,0731B8GF9C014WT,,Revisar y diagnosticar,La impresora tiene un bloqueo crítico (luz roja fija) por el error de Tóner no compatible. Esto indica una falla con el chip del insumo; por lo cual se solicita su reemplazo.,,La impresora tiene un bloqueo crítico (luz roja fija) por el error de Tóner no compatible. Esto indica una falla con el chip del insumo; por lo cual se solicita su reemplazo.,Técnico SATMANAGER: Gabriela Mendoza | Costo mano de obra original: 0.0 | Entrega original: 0.0,Media,SATMANAGER,2026-06-03T16:16:10-03:00,REPARACIONES,"{""ReparacionesCodigo"": ""107"", ""ReparacionesFecha"": ""2026-03-12"", ""ClientesCodigo"": ""4"", ""EquiposCodigo"": ""103"", ""ReparacionesFalla"": ""Revisar y diagnosticar"", ""ReparacionesInformeTecnico"": ""La impresora tiene un bloqueo crítico (luz roja fija) por el error de Tóner no compatible. Esto indica una falla con el chip del insumo; por lo cual se solicita su reemplazo."", ""ReparacionesFechaEntregado"": ""2026-03-19"", ""ReparacionesTerminada"": ""1"", ""ReparacionesAccesorios"": """", ""TecnicosCodigo"": ""8"", ""ReparacionesEntrega"": ""0.0"", ""ReparacionesCostoManoObra"": ""0.0""}"
108,2026-03-16T00:00:00-03:00,2026-03-20T00:00:00-03:00,2026-03-20T00:00:00-03:00,Novedades Salariales,,,Novedades Salariales,,Cpu (computadora),Magnum Tech,SK835,082420-SK835-1903 (Orden Planilla 15),,No funciona,"Se hizo formato de bajo nivel, se reinstalo SO y programas, se hizo y restauro backup",,"Se hizo formato de bajo nivel, se reinstalo SO y programas, se hizo y restauro backup",Técnico SATMANAGER: Mateo Fornaciari | Costo mano de obra original: 0.0 | Entrega original: 0.0,Media,SATMANAGER,2026-06-03T16:16:10-03:00,REPARACIONES,"{""ReparacionesCodigo"": ""108"", ""ReparacionesFecha"": ""2026-03-16"", ""ClientesCodigo"": ""7"", ""EquiposCodigo"": ""104"", ""ReparacionesFalla"": ""No funciona"", ""ReparacionesInformeTecnico"": ""Se hizo formato de bajo nivel, se reinstalo SO y programas, se hizo y restauro backup"", ""ReparacionesFechaEntregado"": ""2026-03-20"", ""ReparacionesTerminada"": ""1"", ""ReparacionesAccesorios"": """", ""TecnicosCodigo"": ""3"", ""ReparacionesEntrega"": ""0.0"", ""ReparacionesCostoManoObra"": ""0.0""}"
109,2026-03-16T00:00:00-03:00,2026-03-20T00:00:00-03:00,2026-03-20T00:00:00-03:00,Contaduria,,,Contaduria,,PC,Clon,Clon,S/N,,Sin ticket,Se procedió a formatear y reinstalar Sistema Operativo Win10 Pro.,,Se procedió a formatear y reinstalar Sistema Operativo Win10 Pro.,Técnico SATMANAGER: Guillermo Décima | Costo mano de obra original: 0.0 | Entrega original: 0.0,Media,SATMANAGER,2026-06-03T16:16:10-03:00,REPARACIONES,"{""ReparacionesCodigo"": ""109"", ""ReparacionesFecha"": ""2026-03-16"", ""ClientesCodigo"": ""35"", ""EquiposCodigo"": ""2"", ""ReparacionesFalla"": ""Sin ticket"", ""ReparacionesInformeTecnico"": ""Se procedió a formatear y reinstalar Sistema Operativo Win10 Pro."", ""ReparacionesFechaEntregado"": ""2026-03-20"", ""ReparacionesTerminada"": ""1"", ""ReparacionesAccesorios"": """", ""TecnicosCodigo"": ""10"", ""ReparacionesEntrega"": ""0.0"", ""ReparacionesCostoManoObra"": ""0.0""}"
110,2026-03-16T00:00:00-03:00,2026-03-16T00:00:00-03:00,2026-03-16T00:00:00-03:00,Tesoreria - Pagos,,,Tesoreria - Pagos,Avenida Sarmiento 850,PC,Eurocase,EUK4209,1102331411101002458 (Orden Planilla 132),mother Biostar H610M- RAM DDR4 8GB-SSD Kingston 240 GB,Falla Placa Madre y posiblemente microprocesador.,"Se presta provisoriamente una placa madre de la oficina, hasta tanto se compre el microprocesador para la mother BIostar H610M",,"Se presta provisoriamente una placa madre de la oficina, hasta tanto se compre el microprocesador para la mother BIostar H610M",Técnico SATMANAGER: Gabriela Mendoza | Costo mano de obra original: 0.0 | Entrega original: 0.0,Media,SATMANAGER,2026-06-03T16:16:10-03:00,REPARACIONES,"{""ReparacionesCodigo"": ""110"", ""ReparacionesFecha"": ""2026-03-16"", ""ClientesCodigo"": ""39"", ""EquiposCodigo"": ""105"", ""ReparacionesFalla"": ""Falla Placa Madre y posiblemente microprocesador."", ""ReparacionesInformeTecnico"": ""Se presta provisoriamente una placa madre de la oficina, hasta tanto se compre el microprocesador para la mother BIostar H610M"", ""ReparacionesFechaEntregado"": ""2026-03-16"", ""ReparacionesTerminada"": ""1"", ""ReparacionesAccesorios"": ""mother Biostar H610M- RAM DDR4 8GB-SSD Kingston 240 GB"", ""TecnicosCodigo"": ""8"", ""ReparacionesEntrega"": ""0.0"", ""ReparacionesCostoManoObra"": ""0.0""}"
111,2026-03-17T00:00:00-03:00,,,Rendicion de Cuentas Publico,,,Rendicion de Cuentas Publico,Salta 850,PC,BRB Technology,brb,82 (orden planilla),,Fue traida para revision y acondicionamiento para uso.,La pc tenia W7. Se instalo Win 10. Sin backup. Lista para retirar,,La pc tenia W7. Se instalo Win 10. Sin backup. Lista para retirar,Técnico SATMANAGER: Fernanda Jaime | Costo mano de obra original: 0.0 | Entrega original: 0.0,Media,SATMANAGER,2026-06-03T16:16:10-03:00,REPARACIONES,"{""ReparacionesCodigo"": ""111"", ""ReparacionesFecha"": ""2026-03-17"", ""ClientesCodigo"": ""21"", ""EquiposCodigo"": ""106"", ""ReparacionesFalla"": ""Fue traida para revision y acondicionamiento para uso."", ""ReparacionesInformeTecnico"": ""La pc tenia W7. Se instalo Win 10. Sin backup. Lista para retirar"", ""ReparacionesFechaEntregado"": ""98-11-26"", ""ReparacionesTerminada"": ""1"", ""ReparacionesAccesorios"": """", ""TecnicosCodigo"": ""2"", ""ReparacionesEntrega"": ""0.0"", ""ReparacionesCostoManoObra"": ""0.0""}"
112,2026-03-17T00:00:00-03:00,2026-03-19T00:00:00-03:00,2026-03-19T00:00:00-03:00,SASE - Becas,,,SASE - Becas,Avenida Sarmiento 850,Impresora,Hp,CE657A,BRBSC45L4D (Orden Planilla 20),,"Atasco de papel, mancha de tinta en las hojas, luz de error encendida en forma permanente","Fallo Crítico de Autodiagnóstico.No se registra movimiento mecánico, el sist. electrónico bloquea el arranque.Causas probables fallo en unidad fusora o motor o sensor de salida obstruido.Inf. Técnico",,"Fallo Crítico de Autodiagnóstico.No se registra movimiento mecánico, el sist. electrónico bloquea el arranque.Causas probables fallo en unidad fusora o motor o sensor de salida obstruido.Inf. Técnico",Técnico SATMANAGER: Gabriela Mendoza | Costo mano de obra original: 0.0 | Entrega original: 0.0,Media,SATMANAGER,2026-06-03T16:16:10-03:00,REPARACIONES,"{""ReparacionesCodigo"": ""112"", ""ReparacionesFecha"": ""2026-03-17"", ""ClientesCodigo"": ""40"", ""EquiposCodigo"": ""107"", ""ReparacionesFalla"": ""Atasco de papel, mancha de tinta en las hojas, luz de error encendida en forma permanente"", ""ReparacionesInformeTecnico"": ""Fallo Crítico de Autodiagnóstico.No se registra movimiento mecánico, el sist. electrónico bloquea el arranque.Causas probables fallo en unidad fusora o motor o sensor de salida obstruido.Inf. Técnico"", ""ReparacionesFechaEntregado"": ""2026-03-19"", ""ReparacionesTerminada"": ""1"", ""ReparacionesAccesorios"": """", ""TecnicosCodigo"": ""8"", ""ReparacionesEntrega"": ""0.0"", ""ReparacionesCostoManoObra"": ""0.0""}"
113,2026-03-17T00:00:00-03:00,2026-03-18T00:00:00-03:00,2026-03-18T00:00:00-03:00,Infraestructura,,,Infraestructura,,PC,Magnum Tech,MTK835,103420SK835,Disco ssd 240 gb,"problemas con el disco rigido, Pantalla azul",,,,Técnico SATMANAGER: Claudio Simeon | Costo mano de obra original: 0.0 | Entrega original: 0.0,Media,SATMANAGER,2026-06-03T16:16:10-03:00,REPARACIONES,"{""ReparacionesCodigo"": ""113"", ""ReparacionesFecha"": ""2026-03-17"", ""ClientesCodigo"": ""41"", ""EquiposCodigo"": ""108"", ""ReparacionesFalla"": ""problemas con el disco rigido, Pantalla azul"", ""ReparacionesInformeTecnico"": """", ""ReparacionesFechaEntregado"": ""2026-03-18"", ""ReparacionesTerminada"": ""1"", ""ReparacionesAccesorios"": ""Disco ssd 240 gb"", ""TecnicosCodigo"": ""7"", ""ReparacionesEntrega"": ""0.0"", ""ReparacionesCostoManoObra"": ""0.0""}"
114,2026-03-18T00:00:00-03:00,,,Rendicion de Cuentas Publico,,,Rendicion de Cuentas Publico,Salta 850,PC,BRB Technology,brb,120,,Trajeron la PC para actualizar el sistema operativo,No se puede actualizar el sistema operativo debido a modelo de microprocesador inadecuado por antiguo. Se dio aviso para retirar.,,No se puede actualizar el sistema operativo debido a modelo de microprocesador inadecuado por antiguo. Se dio aviso para retirar.,Técnico SATMANAGER: Fernanda Jaime | Costo mano de obra original: 0.0 | Entrega original: 0.0,Media,SATMANAGER,2026-06-03T16:16:10-03:00,REPARACIONES,"{""ReparacionesCodigo"": ""114"", ""ReparacionesFecha"": ""2026-03-18"", ""ClientesCodigo"": ""21"", ""EquiposCodigo"": ""109"", ""ReparacionesFalla"": ""Trajeron la PC para actualizar el sistema operativo"", ""ReparacionesInformeTecnico"": ""No se puede actualizar el sistema operativo debido a modelo de microprocesador inadecuado por antiguo. Se dio aviso para retirar."", ""ReparacionesFechaEntregado"": ""98-11-26"", ""ReparacionesTerminada"": ""1"", ""ReparacionesAccesorios"": """", ""TecnicosCodigo"": ""2"", ""ReparacionesEntrega"": ""0.0"", ""ReparacionesCostoManoObra"": ""0.0""}"
115,2026-03-18T00:00:00-03:00,2026-03-19T00:00:00-03:00,2026-03-19T00:00:00-03:00,Novedades Salariales,,,Novedades Salariales,,PC,PERFORMANCE,6810,08206010K3-0880 (Orden Planilla 113),,Pantalla azul.,Falla en disco. Se realiza el cambio de disco. Instalacion de Sistema Operativo + programas,,Falla en disco. Se realiza el cambio de disco. Instalacion de Sistema Operativo + programas,Técnico SATMANAGER: Raúl Morales | Costo mano de obra original: 0.0 | Entrega original: 0.0,Media,SATMANAGER,2026-06-03T16:16:10-03:00,REPARACIONES,"{""ReparacionesCodigo"": ""115"", ""ReparacionesFecha"": ""2026-03-18"", ""ClientesCodigo"": ""7"", ""EquiposCodigo"": ""110"", ""ReparacionesFalla"": ""Pantalla azul."", ""ReparacionesInformeTecnico"": ""Falla en disco. Se realiza el cambio de disco. Instalacion de Sistema Operativo + programas"", ""ReparacionesFechaEntregado"": ""2026-03-19"", ""ReparacionesTerminada"": ""1"", ""ReparacionesAccesorios"": """", ""TecnicosCodigo"": ""4"", ""ReparacionesEntrega"": ""0.0"", ""ReparacionesCostoManoObra"": ""0.0""}"
116,2026-03-19T00:00:00-03:00,2026-03-25T00:00:00-03:00,2026-03-25T00:00:00-03:00,Prensa,,,Prensa,Av. Sarmiento y Salta,PC,Biswal,Biswal,01022404,,No enciende,"Diagnóstico: falla placa madre y fuente de alim.
Se procede a reemplazar en calidad de prestamo x otra placa y fuente p/q el equipo pueda ser usado hasta se consigan los repuestos detallados en repor",,"Diagnóstico: falla placa madre y fuente de alim.
Se procede a reemplazar en calidad de prestamo x otra placa y fuente p/q el equipo pueda ser usado hasta se consigan los repuestos detallados en repor",Técnico SATMANAGER: Guillermo Décima | Costo mano de obra original: 0.0 | Entrega original: 0.0,Media,SATMANAGER,2026-06-03T16:16:10-03:00,REPARACIONES,"{""ReparacionesCodigo"": ""116"", ""ReparacionesFecha"": ""2026-03-19"", ""ClientesCodigo"": ""43"", ""EquiposCodigo"": ""111"", ""ReparacionesFalla"": ""No enciende"", ""ReparacionesInformeTecnico"": ""Diagnóstico: falla placa madre y fuente de alim.\r\nSe procede a reemplazar en calidad de prestamo x otra placa y fuente p/q el equipo pueda ser usado hasta se consigan los repuestos detallados en repor"", ""ReparacionesFechaEntregado"": ""2026-03-25"", ""ReparacionesTerminada"": ""1"", ""ReparacionesAccesorios"": """", ""TecnicosCodigo"": ""10"", ""ReparacionesEntrega"": ""0.0"", ""ReparacionesCostoManoObra"": ""0.0""}"
117,2026-03-20T00:00:00-03:00,2026-03-31T00:00:00-03:00,2026-03-31T00:00:00-03:00,Rendicion de Cuentas Publico,,,Rendicion de Cuentas Publico,Salta 850,PC,BRB Technology,brb,122,,PC No enciende,se cambio el adaptador molex y el cable de power. Fue devuelta el 20/03/2026,,se cambio el adaptador molex y el cable de power. Fue devuelta el 20/03/2026,Técnico SATMANAGER: Fernanda Jaime | Costo mano de obra original: 0.0 | Entrega original: 0.0,Media,SATMANAGER,2026-06-03T16:16:10-03:00,REPARACIONES,"{""ReparacionesCodigo"": ""117"", ""ReparacionesFecha"": ""2026-03-20"", ""ClientesCodigo"": ""21"", ""EquiposCodigo"": ""112"", ""ReparacionesFalla"": ""PC No enciende"", ""ReparacionesInformeTecnico"": ""se cambio el adaptador molex y el cable de power. Fue devuelta el 20/03/2026"", ""ReparacionesFechaEntregado"": ""2026-03-31"", ""ReparacionesTerminada"": ""1"", ""ReparacionesAccesorios"": """", ""TecnicosCodigo"": ""2"", ""ReparacionesEntrega"": ""0.0"", ""ReparacionesCostoManoObra"": ""0.0""}"
118,2026-03-20T00:00:00-03:00,2026-03-26T00:00:00-03:00,2026-03-26T00:00:00-03:00,Educación Secundaria,,,Educación Secundaria,Avenida Sarmiento 850,PC,Nec,MC230,316702 (Orden Planilla 80),Ninguno,Apagado repentino y continuo durante su uso,Se probó 72hs SIN FALLAS. Se realizo limpieza Hardware Interna + cambio de pasta.,,Se probó 72hs SIN FALLAS. Se realizo limpieza Hardware Interna + cambio de pasta.,Técnico SATMANAGER: Ing. Fernando Gambino | Costo mano de obra original: 0.0 | Entrega original: 0.0,Media,SATMANAGER,2026-06-03T16:16:10-03:00,REPARACIONES,"{""ReparacionesCodigo"": ""118"", ""ReparacionesFecha"": ""2026-03-20"", ""ClientesCodigo"": ""38"", ""EquiposCodigo"": ""113"", ""ReparacionesFalla"": ""Apagado repentino y continuo durante su uso"", ""ReparacionesInformeTecnico"": ""Se probó 72hs SIN FALLAS. Se realizo limpieza Hardware Interna + cambio de pasta."", ""ReparacionesFechaEntregado"": ""2026-03-26"", ""ReparacionesTerminada"": ""1"", ""ReparacionesAccesorios"": ""Ninguno"", ""TecnicosCodigo"": ""5"", ""ReparacionesEntrega"": ""0.0"", ""ReparacionesCostoManoObra"": ""0.0""}"
119,2026-03-31T00:00:00-03:00,2026-04-01T00:00:00-03:00,2026-04-01T00:00:00-03:00,Planes Nacionales,,,Planes Nacionales,,PC,Magnum Tech,S/M,18012443 (Orden Planilla 0133),Fuente NOGA ATX 650W,Se procedió al cambio de la fuente; el equipo sustituido fue devuelto a la oficina del Área Técnica.,Se realizó el cambio de fuente; el equipo sustituido fue devuelto a la oficina de Área Técnica.,,Se realizó el cambio de fuente; el equipo sustituido fue devuelto a la oficina de Área Técnica.,Técnico SATMANAGER: Gabriela Mendoza | Costo mano de obra original: 0.0 | Entrega original: 0.0,Media,SATMANAGER,2026-06-03T16:16:10-03:00,REPARACIONES,"{""ReparacionesCodigo"": ""119"", ""ReparacionesFecha"": ""2026-03-31"", ""ClientesCodigo"": ""4"", ""EquiposCodigo"": ""84"", ""ReparacionesFalla"": ""Se procedió al cambio de la fuente; el equipo sustituido fue devuelto a la oficina del Área Técnica."", ""ReparacionesInformeTecnico"": ""Se realizó el cambio de fuente; el equipo sustituido fue devuelto a la oficina de Área Técnica."", ""ReparacionesFechaEntregado"": ""2026-04-01"", ""ReparacionesTerminada"": ""1"", ""ReparacionesAccesorios"": ""Fuente NOGA ATX 650W"", ""TecnicosCodigo"": ""8"", ""ReparacionesEntrega"": ""0.0"", ""ReparacionesCostoManoObra"": ""0.0""}"
120,2026-03-31T00:00:00-03:00,,,Novedades Salariales,,,Novedades Salariales,,PC,BRB Technology,5825,S/N (Orden Planilla 206),,Problemas con el Pregase,,,,Técnico SATMANAGER: Raúl Morales | Costo mano de obra original: 0.0 | Entrega original: 0.0,Media,SATMANAGER,2026-06-03T16:16:10-03:00,REPARACIONES,"{""ReparacionesCodigo"": ""120"", ""ReparacionesFecha"": ""2026-03-31"", ""ClientesCodigo"": ""7"", ""EquiposCodigo"": ""114"", ""ReparacionesFalla"": ""Problemas con el Pregase"", ""ReparacionesInformeTecnico"": """", ""ReparacionesFechaEntregado"": ""98-11-26"", ""ReparacionesTerminada"": ""0"", ""ReparacionesAccesorios"": """", ""TecnicosCodigo"": ""4"", ""ReparacionesEntrega"": ""0.0"", ""ReparacionesCostoManoObra"": ""0.0""}"
121,2026-03-31T00:00:00-03:00,,,"Junta de Clas. de Ed. Superior, Especial y Artisti",,,"Junta de Clas. de Ed. Superior, Especial y Artisti",Avenida Colón 451,PC,PERFORMANCE,S/M,082068-10K3-0002 (Orden Planilla 10),SSD Patriot 120 GB,Cambio SSD. Instalación Windows 10 PRO + utilitarios,Se instalo nuevo SSD. El anterior nuevo estaba defectuoso. Se instaló WIN10 + Soft. Complementarios.,,Se instalo nuevo SSD. El anterior nuevo estaba defectuoso. Se instaló WIN10 + Soft. Complementarios.,Técnico SATMANAGER: Claudio Simeon | Costo mano de obra original: 0.0 | Entrega original: 0.0,Media,SATMANAGER,2026-06-03T16:16:10-03:00,REPARACIONES,"{""ReparacionesCodigo"": ""121"", ""ReparacionesFecha"": ""2026-03-31"", ""ClientesCodigo"": ""44"", ""EquiposCodigo"": ""115"", ""ReparacionesFalla"": ""Cambio SSD. Instalación Windows 10 PRO + utilitarios"", ""ReparacionesInformeTecnico"": ""Se instalo nuevo SSD. El anterior nuevo estaba defectuoso. Se instaló WIN10 + Soft. Complementarios."", ""ReparacionesFechaEntregado"": ""98-11-26"", ""ReparacionesTerminada"": ""1"", ""ReparacionesAccesorios"": ""SSD Patriot 120 GB"", ""TecnicosCodigo"": ""7"", ""ReparacionesEntrega"": ""0.0"", ""ReparacionesCostoManoObra"": ""0.0""}"
122,2026-03-31T00:00:00-03:00,,,Personal,,,Personal,Avenida Sarmiento 850,PC,Letos,LE-G001,01022409 (Orden Planilla 86),Hacer Backup. Chequear salida de video. Hacer limpieza general,Sin falla informada desde SATMANAGER,,,,Técnico SATMANAGER: Claudio Simeon | Costo mano de obra original: 0.0 | Entrega original: 0.0,Media,SATMANAGER,2026-06-03T16:16:10-03:00,REPARACIONES,"{""ReparacionesCodigo"": ""122"", ""ReparacionesFecha"": ""2026-03-31"", ""ClientesCodigo"": ""11"", ""EquiposCodigo"": ""116"", ""ReparacionesFalla"": """", ""ReparacionesInformeTecnico"": """", ""ReparacionesFechaEntregado"": ""98-11-26"", ""ReparacionesTerminada"": ""0"", ""ReparacionesAccesorios"": ""Hacer Backup. Chequear salida de video. Hacer limpieza general"", ""TecnicosCodigo"": ""7"", ""ReparacionesEntrega"": ""0.0"", ""ReparacionesCostoManoObra"": ""0.0""}"
123,2026-04-01T00:00:00-03:00,2026-04-06T00:00:00-03:00,2026-04-06T00:00:00-03:00,Infraestructura Escolar,subinfraestructura@educaciontuc.gov.ar,381-5541478,Infraestructura Escolar,Marcos Paz 982,PC,PERFORMANCE,S/M,17012405,Incluye RAM 8GB DDR4 y SSD 480GB para instalación,- Colocación de RAM y SSD,"06/04/2026
- Colocación de SSD y RAM
- Instalación de SO Win11 + Office '19 + Acad '23",,"06/04/2026
- Colocación de SSD y RAM
- Instalación de SO Win11 + Office '19 + Acad '23",Técnico SATMANAGER: Guillermo Décima | Costo mano de obra original: 0.0 | Entrega original: 0.0,Media,SATMANAGER,2026-06-03T16:16:10-03:00,REPARACIONES,"{""ReparacionesCodigo"": ""123"", ""ReparacionesFecha"": ""2026-04-01"", ""ClientesCodigo"": ""36"", ""EquiposCodigo"": ""117"", ""ReparacionesFalla"": ""- Colocación de RAM y SSD\r\n"", ""ReparacionesInformeTecnico"": ""06/04/2026\r\n- Colocación de SSD y RAM\r\n- Instalación de SO Win11 + Office '19 + Acad '23"", ""ReparacionesFechaEntregado"": ""2026-04-06"", ""ReparacionesTerminada"": ""1"", ""ReparacionesAccesorios"": ""Incluye RAM 8GB DDR4 y SSD 480GB para instalación"", ""TecnicosCodigo"": ""10"", ""ReparacionesEntrega"": ""0.0"", ""ReparacionesCostoManoObra"": ""0.0""}"
124,2026-04-06T00:00:00-03:00,,,Subdirección de Contaduria,,,Subdirección de Contaduria,Avenida Sarmiento 850,PC,Sentey,N/D,158,ninguno.,"- Falla HDD
- Colocar SSD adquirido","Respaldo de la información de los usuarios activos.
Reemplazo del disco por el recibido (SSD Kingston de 240GB) e instalación de SO.
Restauración de la información.",,"Respaldo de la información de los usuarios activos.
Reemplazo del disco por el recibido (SSD Kingston de 240GB) e instalación de SO.
Restauración de la información.",Técnico SATMANAGER: Lía Roldan | Costo mano de obra original: 0.0 | Entrega original: 0.0,Media,SATMANAGER,2026-06-03T16:16:10-03:00,REPARACIONES,"{""ReparacionesCodigo"": ""124"", ""ReparacionesFecha"": ""2026-04-06"", ""ClientesCodigo"": ""32"", ""EquiposCodigo"": ""118"", ""ReparacionesFalla"": ""- Falla HDD\r\n- Colocar SSD adquirido"", ""ReparacionesInformeTecnico"": ""Respaldo de la información de los usuarios activos.\r\nReemplazo del disco por el recibido (SSD Kingston de 240GB) e instalación de SO.\r\nRestauración de la información.\r\n"", ""ReparacionesFechaEntregado"": ""98-11-26"", ""ReparacionesTerminada"": ""1"", ""ReparacionesAccesorios"": ""ninguno."", ""TecnicosCodigo"": ""11"", ""ReparacionesEntrega"": ""0.0"", ""ReparacionesCostoManoObra"": ""0.0""}"
125,2026-04-07T00:00:00-03:00,,,Planes Nacionales,,,Planes Nacionales,,PC,Magnum Tech,SK835,108020SK835-1332,,"PC NO ENCIENDE, PLACA MADRE C FALLA",,,,Técnico SATMANAGER: Mateo Fornaciari | Costo mano de obra original: 0.0 | Entrega original: 0.0,Media,SATMANAGER,2026-06-03T16:16:10-03:00,REPARACIONES,"{""ReparacionesCodigo"": ""125"", ""ReparacionesFecha"": ""2026-04-07"", ""ClientesCodigo"": ""4"", ""EquiposCodigo"": ""119"", ""ReparacionesFalla"": ""PC NO ENCIENDE, PLACA MADRE C FALLA"", ""ReparacionesInformeTecnico"": """", ""ReparacionesFechaEntregado"": ""98-11-26"", ""ReparacionesTerminada"": ""0"", ""ReparacionesAccesorios"": """", ""TecnicosCodigo"": ""3"", ""ReparacionesEntrega"": ""0.0"", ""ReparacionesCostoManoObra"": ""0.0""}"
126,2026-04-07T00:00:00-03:00,,,Novedades Salariales,,,Novedades Salariales,,PC,BRB Technology,5B25,S/N (Orden Planilla 179),,Problemas con el Pregase.,Formateo e instalacion de Windows 10 PRO+ programas,,Formateo e instalacion de Windows 10 PRO+ programas,Técnico SATMANAGER: Raúl Morales | Costo mano de obra original: 0.0 | Entrega original: 0.0,Media,SATMANAGER,2026-06-03T16:16:10-03:00,REPARACIONES,"{""ReparacionesCodigo"": ""126"", ""ReparacionesFecha"": ""2026-04-07"", ""ClientesCodigo"": ""7"", ""EquiposCodigo"": ""120"", ""ReparacionesFalla"": ""Problemas con el Pregase."", ""ReparacionesInformeTecnico"": ""Formateo e instalacion de Windows 10 PRO+ programas"", ""ReparacionesFechaEntregado"": ""98-11-26"", ""ReparacionesTerminada"": ""1"", ""ReparacionesAccesorios"": """", ""TecnicosCodigo"": ""4"", ""ReparacionesEntrega"": ""0.0"", ""ReparacionesCostoManoObra"": ""0.0""}"
127,2026-04-08T00:00:00-03:00,,,Planes Nacionales,,,Planes Nacionales,,PC,Kelyx,Generico,18012444,Sin Accesorios,No enciende -> falla fuente de alimentación,,,,Técnico SATMANAGER: Guillermo Décima | Costo mano de obra original: 0.0 | Entrega original: 0.0,Media,SATMANAGER,2026-06-03T16:16:10-03:00,REPARACIONES,"{""ReparacionesCodigo"": ""127"", ""ReparacionesFecha"": ""2026-04-08"", ""ClientesCodigo"": ""4"", ""EquiposCodigo"": ""121"", ""ReparacionesFalla"": ""No enciende -> falla fuente de alimentación"", ""ReparacionesInformeTecnico"": """", ""ReparacionesFechaEntregado"": ""98-11-26"", ""ReparacionesTerminada"": ""0"", ""ReparacionesAccesorios"": ""Sin Accesorios"", ""TecnicosCodigo"": ""10"", ""ReparacionesEntrega"": ""0.0"", ""ReparacionesCostoManoObra"": ""0.0""}"
147,2026-05-13T00:00:00-03:00,2026-05-14T00:00:00-03:00,2026-05-14T00:00:00-03:00,Compras,,,Compras,Avenida Sarmiento 850,PC,MAGNUM,MAGNUM,201570366000022,,Pc muestra un error en la imagen y luego se clava,Se formateo y agrego memoria. AMD A4 con 4GB +4. Entregada el 14/05/26,,Se formateo y agrego memoria. AMD A4 con 4GB +4. Entregada el 14/05/26,Técnico SATMANAGER: Fernanda Jaime | Costo mano de obra original: 0.0 | Entrega original: 0.0,Media,SATMANAGER,2026-06-03T16:16:10-03:00,REPARACIONES,"{""ReparacionesCodigo"": ""147"", ""ReparacionesFecha"": ""2026-05-13"", ""ClientesCodigo"": ""24"", ""EquiposCodigo"": ""139"", ""ReparacionesFalla"": ""Pc muestra un error en la imagen y luego se clava"", ""ReparacionesInformeTecnico"": ""Se formateo y agrego memoria. AMD A4 con 4GB +4. Entregada el 14/05/26"", ""ReparacionesFechaEntregado"": ""2026-05-14"", ""ReparacionesTerminada"": ""1"", ""ReparacionesAccesorios"": """", ""TecnicosCodigo"": ""2"", ""ReparacionesEntrega"": ""0.0"", ""ReparacionesCostoManoObra"": ""0.0""}"
148,2026-05-11T00:00:00-03:00,,,Planes Nacionales,,,Planes Nacionales,,PC,Eurocase,Eurocase,18012450,,Equipo de reinicia,"Chequeo de memoria y disco. Prueba de estres (sin fallas). Resguaro de información del usuario. Reinstalación de SO, se guardó la información del usuario. Configuración de unidades de red e impresora.",,"Chequeo de memoria y disco. Prueba de estres (sin fallas). Resguaro de información del usuario. Reinstalación de SO, se guardó la información del usuario. Configuración de unidades de red e impresora.",Técnico SATMANAGER: Lía Roldan | Costo mano de obra original: 0.0 | Entrega original: 0.0,Media,SATMANAGER,2026-06-03T16:16:10-03:00,REPARACIONES,"{""ReparacionesCodigo"": ""148"", ""ReparacionesFecha"": ""2026-05-11"", ""ClientesCodigo"": ""4"", ""EquiposCodigo"": ""140"", ""ReparacionesFalla"": ""Equipo de reinicia"", ""ReparacionesInformeTecnico"": ""Chequeo de memoria y disco. Prueba de estres (sin fallas). Resguaro de información del usuario. Reinstalación de SO, se guardó la información del usuario. Configuración de unidades de red e impresora."", ""ReparacionesFechaEntregado"": ""98-11-26"", ""ReparacionesTerminada"": ""1"", ""ReparacionesAccesorios"": """", ""TecnicosCodigo"": ""11"", ""ReparacionesEntrega"": ""0.0"", ""ReparacionesCostoManoObra"": ""0.0""}"
128,2026-04-09T00:00:00-03:00,2026-04-16T00:00:00-03:00,2026-04-16T00:00:00-03:00,Infraestructura Escolar,subinfraestructura@educaciontuc.gov.ar,381-5541478,Infraestructura Escolar,Marcos Paz 982,PC,PERFORMANCE,S/M,08206810K3-0875 (Orden Planilla 183),,"El equipo no presenta un correcto funcionamiento. El SO corre lento, le cuesta abrir programas y se apaga sólo a 5 o 10 minutos de haberlo encendido.",Falla en disco. Se realiza informe para solicitar M.2 NVMe de 250 GB.,,Falla en disco. Se realiza informe para solicitar M.2 NVMe de 250 GB.,Técnico SATMANAGER: Gabriela Mendoza | Costo mano de obra original: 0.0 | Entrega original: 0.0,Media,SATMANAGER,2026-06-03T16:16:10-03:00,REPARACIONES,"{""ReparacionesCodigo"": ""128"", ""ReparacionesFecha"": ""2026-04-09"", ""ClientesCodigo"": ""36"", ""EquiposCodigo"": ""122"", ""ReparacionesFalla"": ""El equipo no presenta un correcto funcionamiento. El SO corre lento, le cuesta abrir programas y se apaga sólo a 5 o 10 minutos de haberlo encendido."", ""ReparacionesInformeTecnico"": ""Falla en disco. Se realiza informe para solicitar M.2 NVMe de 250 GB."", ""ReparacionesFechaEntregado"": ""2026-04-16"", ""ReparacionesTerminada"": ""1"", ""ReparacionesAccesorios"": """", ""TecnicosCodigo"": ""8"", ""ReparacionesEntrega"": ""0.0"", ""ReparacionesCostoManoObra"": ""0.0""}"
129,2026-04-14T00:00:00-03:00,2026-04-17T00:00:00-03:00,2026-04-17T00:00:00-03:00,Planeamiento y Calidad Educativa,,,Planeamiento y Calidad Educativa,,PC,Datavision,S/M,18012433 (Orden Planilla 0071),Ninguno,"Revisión y diagnóstico de PC, debido a mal funcionamiento.",Equipos SIN FALLAS. Se aprovecho para limpieza.,,Equipos SIN FALLAS. Se aprovecho para limpieza.,Técnico SATMANAGER: Ing. Fernando Gambino | Costo mano de obra original: 0.0 | Entrega original: 0.0,Media,SATMANAGER,2026-06-03T16:16:10-03:00,REPARACIONES,"{""ReparacionesCodigo"": ""129"", ""ReparacionesFecha"": ""2026-04-14"", ""ClientesCodigo"": ""1"", ""EquiposCodigo"": ""123"", ""ReparacionesFalla"": ""Revisión y diagnóstico de PC, debido a mal funcionamiento."", ""ReparacionesInformeTecnico"": ""Equipos SIN FALLAS. Se aprovecho para limpieza."", ""ReparacionesFechaEntregado"": ""2026-04-17"", ""ReparacionesTerminada"": ""1"", ""ReparacionesAccesorios"": ""Ninguno"", ""TecnicosCodigo"": ""5"", ""ReparacionesEntrega"": ""0.0"", ""ReparacionesCostoManoObra"": ""0.0""}"
130,2026-04-14T00:00:00-03:00,2026-04-23T00:00:00-03:00,2026-04-23T00:00:00-03:00,Planes Nacionales,,,Planes Nacionales,,PC,Kelyx,S/M,18012444 (Orden Planilla 0163),,Diagnóstico y reparación de PC. No tiene Fuente de alimentación.,Se realizó el informe de pedido de fuente. Se saco el Disco HD de la misma y se lo instaló en la PC MagnunTech(Orden SatManager 131),,Se realizó el informe de pedido de fuente. Se saco el Disco HD de la misma y se lo instaló en la PC MagnunTech(Orden SatManager 131),Técnico SATMANAGER: Gabriela Mendoza | Costo mano de obra original: 0.0 | Entrega original: 0.0,Media,SATMANAGER,2026-06-03T16:16:10-03:00,REPARACIONES,"{""ReparacionesCodigo"": ""130"", ""ReparacionesFecha"": ""2026-04-14"", ""ClientesCodigo"": ""4"", ""EquiposCodigo"": ""124"", ""ReparacionesFalla"": ""Diagnóstico y reparación de PC. No tiene Fuente de alimentación."", ""ReparacionesInformeTecnico"": ""Se realizó el informe de pedido de fuente. Se saco el Disco HD de la misma y se lo instaló en la PC MagnunTech(Orden SatManager 131)"", ""ReparacionesFechaEntregado"": ""2026-04-23"", ""ReparacionesTerminada"": ""1"", ""ReparacionesAccesorios"": """", ""TecnicosCodigo"": ""8"", ""ReparacionesEntrega"": ""0.0"", ""ReparacionesCostoManoObra"": ""0.0""}"
131,2026-04-14T00:00:00-03:00,2026-04-23T00:00:00-03:00,2026-04-23T00:00:00-03:00,Planes Nacionales,,,Planes Nacionales,,PC,Magnum Tech,S/M,108020SK835-2374,,Diagnóstico y reparación.,Se formatea e instala Windows 10PRO + utilitarios. Pregase. Se instala el HD de la PC cuya orden de SatManager es 130. Se guarda Backup en unidad E y F.,,Se formatea e instala Windows 10PRO + utilitarios. Pregase. Se instala el HD de la PC cuya orden de SatManager es 130. Se guarda Backup en unidad E y F.,Técnico SATMANAGER: Gabriela Mendoza | Costo mano de obra original: 0.0 | Entrega original: 0.0,Media,SATMANAGER,2026-06-03T16:16:10-03:00,REPARACIONES,"{""ReparacionesCodigo"": ""131"", ""ReparacionesFecha"": ""2026-04-14"", ""ClientesCodigo"": ""4"", ""EquiposCodigo"": ""125"", ""ReparacionesFalla"": ""Diagnóstico y reparación."", ""ReparacionesInformeTecnico"": ""Se formatea e instala Windows 10PRO + utilitarios. Pregase. Se instala el HD de la PC cuya orden de SatManager es 130. Se guarda Backup en unidad E y F."", ""ReparacionesFechaEntregado"": ""2026-04-23"", ""ReparacionesTerminada"": ""1"", ""ReparacionesAccesorios"": """", ""TecnicosCodigo"": ""8"", ""ReparacionesEntrega"": ""0.0"", ""ReparacionesCostoManoObra"": ""0.0""}"
132,2026-04-14T00:00:00-03:00,2026-05-08T00:00:00-03:00,2026-05-08T00:00:00-03:00,Planeamiento y Calidad Educativa,,,Planeamiento y Calidad Educativa,,PC,S/M,All in one Bangho,801191401001093 (Orden Planilla 0057),,Sin falla informada desde SATMANAGER,Formateo e instalación de Windows 10PRO + utilitarios. Disco HD en buen estado.,,Formateo e instalación de Windows 10PRO + utilitarios. Disco HD en buen estado.,Técnico SATMANAGER: Gabriela Mendoza | Costo mano de obra original: 0.0 | Entrega original: 0.0,Media,SATMANAGER,2026-06-03T16:16:10-03:00,REPARACIONES,"{""ReparacionesCodigo"": ""132"", ""ReparacionesFecha"": ""2026-04-14"", ""ClientesCodigo"": ""1"", ""EquiposCodigo"": ""102"", ""ReparacionesFalla"": """", ""ReparacionesInformeTecnico"": ""Formateo e instalación de Windows 10PRO + utilitarios. Disco HD en buen estado."", ""ReparacionesFechaEntregado"": ""2026-05-08"", ""ReparacionesTerminada"": ""1"", ""ReparacionesAccesorios"": """", ""TecnicosCodigo"": ""8"", ""ReparacionesEntrega"": ""0.0"", ""ReparacionesCostoManoObra"": ""0.0""}"
133,2026-04-14T00:00:00-03:00,,,Personal,,,Personal,Avenida Sarmiento 850,PC,ThinkCentre,S/M,0S41B4YS5AEMML (Orden Planilla 87),,No funciona Pregase. Reinstalar. Hacer Backup,"Se procedio a:
- Formateo
- Reinstalación de SO Win7 32bits
- Instalación y config de Pregase.",,"Se procedio a:
- Formateo
- Reinstalación de SO Win7 32bits
- Instalación y config de Pregase.",Técnico SATMANAGER: Guillermo Décima | Costo mano de obra original: 0.0 | Entrega original: 0.0,Media,SATMANAGER,2026-06-03T16:16:10-03:00,REPARACIONES,"{""ReparacionesCodigo"": ""133"", ""ReparacionesFecha"": ""2026-04-14"", ""ClientesCodigo"": ""11"", ""EquiposCodigo"": ""126"", ""ReparacionesFalla"": ""No funciona Pregase. Reinstalar. Hacer Backup"", ""ReparacionesInformeTecnico"": ""Se procedio a:\r\n- Formateo\r\n- Reinstalación de SO Win7 32bits\r\n- Instalación y config de Pregase."", ""ReparacionesFechaEntregado"": ""98-11-26"", ""ReparacionesTerminada"": ""1"", ""ReparacionesAccesorios"": """", ""TecnicosCodigo"": ""10"", ""ReparacionesEntrega"": ""0.0"", ""ReparacionesCostoManoObra"": ""0.0""}"
134,2026-04-15T00:00:00-03:00,,,Asuntos Jurídicos,,,Asuntos Jurídicos,Avenida Sarmiento 850,PC,Magnum Tech,S/M,108020-SK835-1259 (Orden Planilla 106),,Pantalla azul,,,,Técnico SATMANAGER: Mateo Fornaciari | Costo mano de obra original: 0.0 | Entrega original: 0.0,Media,SATMANAGER,2026-06-03T16:16:10-03:00,REPARACIONES,"{""ReparacionesCodigo"": ""134"", ""ReparacionesFecha"": ""2026-04-15"", ""ClientesCodigo"": ""10"", ""EquiposCodigo"": ""127"", ""ReparacionesFalla"": ""Pantalla azul"", ""ReparacionesInformeTecnico"": """", ""ReparacionesFechaEntregado"": ""98-11-26"", ""ReparacionesTerminada"": ""0"", ""ReparacionesAccesorios"": """", ""TecnicosCodigo"": ""3"", ""ReparacionesEntrega"": ""0.0"", ""ReparacionesCostoManoObra"": ""0.0""}"
135,2026-04-22T00:00:00-03:00,,,Novedades Salariales,,,Novedades Salariales,,PC,BRB Technology,5825,S/N Orden Planilla 206,Fuente 650W Noganet,Para cambio de Fuente y devolución de la fuente prestada de la oficina de Area tecnica.,,,,Técnico SATMANAGER: Claudio Simeon | Costo mano de obra original: 0.0 | Entrega original: 0.0,Media,SATMANAGER,2026-06-03T16:16:10-03:00,REPARACIONES,"{""ReparacionesCodigo"": ""135"", ""ReparacionesFecha"": ""2026-04-22"", ""ClientesCodigo"": ""7"", ""EquiposCodigo"": ""128"", ""ReparacionesFalla"": ""Para cambio de Fuente y devolución de la fuente prestada de la oficina de Area tecnica."", ""ReparacionesInformeTecnico"": """", ""ReparacionesFechaEntregado"": ""98-11-26"", ""ReparacionesTerminada"": ""1"", ""ReparacionesAccesorios"": ""Fuente 650W Noganet"", ""TecnicosCodigo"": ""7"", ""ReparacionesEntrega"": ""0.0"", ""ReparacionesCostoManoObra"": ""0.0""}"
136,2026-04-23T00:00:00-03:00,2026-05-18T00:00:00-03:00,2026-05-18T00:00:00-03:00,Administración,,,Administración,Avenida Sarmiento 850,PC,BRB Technology,SB25,S/N (Orden Planilla 79),,Revisión técnica debido a que la PC no enciende con normalidad.,Se cambió el boton de encendido y se empastino el micro.,,Se cambió el boton de encendido y se empastino el micro.,Técnico SATMANAGER: Claudio Simeon | Costo mano de obra original: 0.0 | Entrega original: 0.0,Media,SATMANAGER,2026-06-03T16:16:10-03:00,REPARACIONES,"{""ReparacionesCodigo"": ""136"", ""ReparacionesFecha"": ""2026-04-23"", ""ClientesCodigo"": ""45"", ""EquiposCodigo"": ""129"", ""ReparacionesFalla"": ""Revisión técnica debido a que la PC no enciende con normalidad."", ""ReparacionesInformeTecnico"": ""Se cambió el boton de encendido y se empastino el micro."", ""ReparacionesFechaEntregado"": ""2026-05-18"", ""ReparacionesTerminada"": ""1"", ""ReparacionesAccesorios"": """", ""TecnicosCodigo"": ""7"", ""ReparacionesEntrega"": ""0.0"", ""ReparacionesCostoManoObra"": ""0.0""}"
137,2026-04-23T00:00:00-03:00,2026-05-06T00:00:00-03:00,2026-05-06T00:00:00-03:00,Planeamiento y Calidad Educativa,,,Planeamiento y Calidad Educativa,,Pendrive,Magnum Tech,S/M,18012431(Orden Planilla 070),,Revisión técnica por mal funcionamiento.,Formateo e instalacion de WIndows 10PRO + utilitarios. Con backup en unidad D.,,Formateo e instalacion de WIndows 10PRO + utilitarios. Con backup en unidad D.,Técnico SATMANAGER: Gabriela Mendoza | Costo mano de obra original: 0.0 | Entrega original: 0.0,Media,SATMANAGER,2026-06-03T16:16:10-03:00,REPARACIONES,"{""ReparacionesCodigo"": ""137"", ""ReparacionesFecha"": ""2026-04-23"", ""ClientesCodigo"": ""1"", ""EquiposCodigo"": ""130"", ""ReparacionesFalla"": ""Revisión técnica por mal funcionamiento."", ""ReparacionesInformeTecnico"": ""Formateo e instalacion de WIndows 10PRO + utilitarios. Con backup en unidad D."", ""ReparacionesFechaEntregado"": ""2026-05-06"", ""ReparacionesTerminada"": ""1"", ""ReparacionesAccesorios"": """", ""TecnicosCodigo"": ""8"", ""ReparacionesEntrega"": ""0.0"", ""ReparacionesCostoManoObra"": ""0.0""}"
138,2026-04-23T00:00:00-03:00,,,Asuntos Jurídicos,,,Asuntos Jurídicos,Avenida Sarmiento 850,PC,Magnum Tech,S/M,108020-SK835-0466(Orden Planilla 99),Soliitude de un M2 de  240GB,Revisión Técnica: Equipo no responde adecuadamente.,Se realizó cambio de Disco por M2 + Formateo + Inst. WIN10 + Office 2016 + Soft. Complementario. Limpieza interna de Hardware + Micro y cambio de pasta térmica.,,Se realizó cambio de Disco por M2 + Formateo + Inst. WIN10 + Office 2016 + Soft. Complementario. Limpieza interna de Hardware + Micro y cambio de pasta térmica.,Técnico SATMANAGER: Ing. Fernando Gambino | Costo mano de obra original: 0.0 | Entrega original: 0.0,Media,SATMANAGER,2026-06-03T16:16:10-03:00,REPARACIONES,"{""ReparacionesCodigo"": ""138"", ""ReparacionesFecha"": ""2026-04-23"", ""ClientesCodigo"": ""10"", ""EquiposCodigo"": ""131"", ""ReparacionesFalla"": ""Revisión Técnica: Equipo no responde adecuadamente."", ""ReparacionesInformeTecnico"": ""Se realizó cambio de Disco por M2 + Formateo + Inst. WIN10 + Office 2016 + Soft. Complementario. Limpieza interna de Hardware + Micro y cambio de pasta térmica."", ""ReparacionesFechaEntregado"": ""98-11-26"", ""ReparacionesTerminada"": ""1"", ""ReparacionesAccesorios"": ""Soliitude de un M2 de  240GB"", ""TecnicosCodigo"": ""5"", ""ReparacionesEntrega"": ""0.0"", ""ReparacionesCostoManoObra"": ""0.0""}"
139,2026-04-27T00:00:00-03:00,,,Auditoria,,,Auditoria,Avenida Sarmiento 850,PC,Magnum Tech,MTK835,2162( Orden Planilla 96),A espera de M2 SSD 240GB,Se reinicia constantemente.,"Error Pantalla Azul:  se determinó que la falla presentada se origina en la unidad de estado sólido (SSD) marca MARKVISION de 240 GB, la cual presenta deficiencias de funcionamiento que impiden el arr",,"Error Pantalla Azul:  se determinó que la falla presentada se origina en la unidad de estado sólido (SSD) marca MARKVISION de 240 GB, la cual presenta deficiencias de funcionamiento que impiden el arr",Técnico SATMANAGER: Ing. Fernando Gambino | Costo mano de obra original: 0.0 | Entrega original: 0.0,Media,SATMANAGER,2026-06-03T16:16:10-03:00,REPARACIONES,"{""ReparacionesCodigo"": ""139"", ""ReparacionesFecha"": ""2026-04-27"", ""ClientesCodigo"": ""6"", ""EquiposCodigo"": ""132"", ""ReparacionesFalla"": ""Se reinicia constantemente."", ""ReparacionesInformeTecnico"": ""Error Pantalla Azul:  se determinó que la falla presentada se origina en la unidad de estado sólido (SSD) marca MARKVISION de 240 GB, la cual presenta deficiencias de funcionamiento que impiden el arr"", ""ReparacionesFechaEntregado"": ""98-11-26"", ""ReparacionesTerminada"": ""0"", ""ReparacionesAccesorios"": ""A espera de M2 SSD 240GB"", ""TecnicosCodigo"": ""5"", ""ReparacionesEntrega"": ""0.0"", ""ReparacionesCostoManoObra"": ""0.0""}"
140,2026-04-29T00:00:00-03:00,,,Novedade Salariales,,,Novedade Salariales,AV. Sarmiento 850,PC,PERFORMANCE,S/M,143,,El equipo se reincia,El equipo presenta falla en la unidad de almacenamiento SSD. Se prepara el informe técnico para la gestión del componente a reemplazar.,,El equipo presenta falla en la unidad de almacenamiento SSD. Se prepara el informe técnico para la gestión del componente a reemplazar.,Técnico SATMANAGER: Lía Roldan | Costo mano de obra original: 0.0 | Entrega original: 0.0,Media,SATMANAGER,2026-06-03T16:16:10-03:00,REPARACIONES,"{""ReparacionesCodigo"": ""140"", ""ReparacionesFecha"": ""2026-04-29"", ""ClientesCodigo"": ""22"", ""EquiposCodigo"": ""133"", ""ReparacionesFalla"": ""El equipo se reincia"", ""ReparacionesInformeTecnico"": ""El equipo presenta falla en la unidad de almacenamiento SSD. Se prepara el informe técnico para la gestión del componente a reemplazar."", ""ReparacionesFechaEntregado"": ""98-11-26"", ""ReparacionesTerminada"": ""1"", ""ReparacionesAccesorios"": """", ""TecnicosCodigo"": ""11"", ""ReparacionesEntrega"": ""0.0"", ""ReparacionesCostoManoObra"": ""0.0""}"
141,2026-04-30T00:00:00-03:00,,,Asuntos Jurídicos,,,Asuntos Jurídicos,Avenida Sarmiento 850,PC,Magnum Tech,SK835,108020-SK835-1485,,No enciende equipo,Se determino Falla SSD (Markvision) y Tarjeta de Red. Se realizó informe tec. p/Compra de un SSD. Reemplazo de SSD Kingston provisto por Juridico. Instalación de Windows PRO,,Se determino Falla SSD (Markvision) y Tarjeta de Red. Se realizó informe tec. p/Compra de un SSD. Reemplazo de SSD Kingston provisto por Juridico. Instalación de Windows PRO,Técnico SATMANAGER: Claudio Simeon | Costo mano de obra original: 0.0 | Entrega original: 0.0,Media,SATMANAGER,2026-06-03T16:16:10-03:00,REPARACIONES,"{""ReparacionesCodigo"": ""141"", ""ReparacionesFecha"": ""2026-04-30"", ""ClientesCodigo"": ""10"", ""EquiposCodigo"": ""134"", ""ReparacionesFalla"": ""No enciende equipo"", ""ReparacionesInformeTecnico"": ""Se determino Falla SSD (Markvision) y Tarjeta de Red. Se realizó informe tec. p/Compra de un SSD. Reemplazo de SSD Kingston provisto por Juridico. Instalación de Windows PRO"", ""ReparacionesFechaEntregado"": ""98-11-26"", ""ReparacionesTerminada"": ""1"", ""ReparacionesAccesorios"": """", ""TecnicosCodigo"": ""7"", ""ReparacionesEntrega"": ""0.0"", ""ReparacionesCostoManoObra"": ""0.0""}"
142,2026-05-04T00:00:00-03:00,,,Novedade Salariales,,,Novedade Salariales,AV. Sarmiento 850,PC,PERFORMANCE,S/M,143,Se recibe unidad de almacenamiento SSD msi Spatium S270 de 240 GB,Falla en SSD,Recuperación de la información del usuario. Reemplazo de la unidad de almacenamiento SSD. Instalación de sistema operativo con el softaware necesario.,,Recuperación de la información del usuario. Reemplazo de la unidad de almacenamiento SSD. Instalación de sistema operativo con el softaware necesario.,Técnico SATMANAGER: Lía Roldan | Costo mano de obra original: 0.0 | Entrega original: 45.0,Media,SATMANAGER,2026-06-03T16:16:10-03:00,REPARACIONES,"{""ReparacionesCodigo"": ""142"", ""ReparacionesFecha"": ""2026-05-04"", ""ClientesCodigo"": ""22"", ""EquiposCodigo"": ""133"", ""ReparacionesFalla"": ""Falla en SSD"", ""ReparacionesInformeTecnico"": ""Recuperación de la información del usuario. Reemplazo de la unidad de almacenamiento SSD. Instalación de sistema operativo con el softaware necesario."", ""ReparacionesFechaEntregado"": ""98-11-26"", ""ReparacionesTerminada"": ""1"", ""ReparacionesAccesorios"": ""Se recibe unidad de almacenamiento SSD msi Spatium S270 de 240 GB"", ""TecnicosCodigo"": ""11"", ""ReparacionesEntrega"": ""45.0"", ""ReparacionesCostoManoObra"": ""0.0""}"
143,2026-05-05T00:00:00-03:00,,,Dirección de Educacion Privada,,,Dirección de Educacion Privada,,PC,Sentey,N/D,0122,,"PC lenta, con fallas. Para formateo",Backup de la información de usuarios. Instalación de sistema operativo. Se resguarda el backup realizado en la partición Datos.,,Backup de la información de usuarios. Instalación de sistema operativo. Se resguarda el backup realizado en la partición Datos.,Técnico SATMANAGER: Lía Roldan | Costo mano de obra original: 0.0 | Entrega original: 0.0,Media,SATMANAGER,2026-06-03T16:16:10-03:00,REPARACIONES,"{""ReparacionesCodigo"": ""143"", ""ReparacionesFecha"": ""2026-05-05"", ""ClientesCodigo"": ""46"", ""EquiposCodigo"": ""135"", ""ReparacionesFalla"": ""PC lenta, con fallas. Para formateo"", ""ReparacionesInformeTecnico"": ""Backup de la información de usuarios. Instalación de sistema operativo. Se resguarda el backup realizado en la partición Datos."", ""ReparacionesFechaEntregado"": ""98-11-26"", ""ReparacionesTerminada"": ""1"", ""ReparacionesAccesorios"": """", ""TecnicosCodigo"": ""11"", ""ReparacionesEntrega"": ""0.0"", ""ReparacionesCostoManoObra"": ""0.0""}"
144,2026-05-06T00:00:00-03:00,2026-05-13T00:00:00-03:00,2026-05-13T00:00:00-03:00,Infraestructura Escolar,subinfraestructura@educaciontuc.gov.ar,381-5541478,Infraestructura Escolar,Marcos Paz 982,PC,PERFORMANCE,Genérico,08146810K3-0246,"Sin cables, sin accesorios","El cliente indica que el equipo se reinicia constantemente al estar usandolo
Ticket referencia: #016035","Falla en placa madre, presenta problemas aleatorios, se recomienda el remplazo de la misma y acompañar con una fuente de mejor calidad.
Se procedio a formatear y reinstalar SO para mejorar el rendimi",,"Falla en placa madre, presenta problemas aleatorios, se recomienda el remplazo de la misma y acompañar con una fuente de mejor calidad.
Se procedio a formatear y reinstalar SO para mejorar el rendimi",Técnico SATMANAGER: Guillermo Décima | Costo mano de obra original: 0.0 | Entrega original: 0.0,Media,SATMANAGER,2026-06-03T16:16:10-03:00,REPARACIONES,"{""ReparacionesCodigo"": ""144"", ""ReparacionesFecha"": ""2026-05-06"", ""ClientesCodigo"": ""36"", ""EquiposCodigo"": ""136"", ""ReparacionesFalla"": ""El cliente indica que el equipo se reinicia constantemente al estar usandolo\r\nTicket referencia: #016035"", ""ReparacionesInformeTecnico"": ""Falla en placa madre, presenta problemas aleatorios, se recomienda el remplazo de la misma y acompañar con una fuente de mejor calidad.\r\nSe procedio a formatear y reinstalar SO para mejorar el rendimi"", ""ReparacionesFechaEntregado"": ""2026-05-13"", ""ReparacionesTerminada"": ""1"", ""ReparacionesAccesorios"": ""Sin cables, sin accesorios"", ""TecnicosCodigo"": ""10"", ""ReparacionesEntrega"": ""0.0"", ""ReparacionesCostoManoObra"": ""0.0""}"
145,2026-05-06T00:00:00-03:00,2026-05-06T00:00:00-03:00,2026-05-06T00:00:00-03:00,Planes Nacionales,,,Planes Nacionales,,PC,BRB Technology,S/M,0905874 (Orden Planilla 0162),,Pantalla azul. No carga Windows 10PRO,Formateo e instalación Windows 10PRO + utilitarios. Con backup usuario ojedac,,Formateo e instalación Windows 10PRO + utilitarios. Con backup usuario ojedac,Técnico SATMANAGER: Gabriela Mendoza | Costo mano de obra original: 0.0 | Entrega original: 0.0,Media,SATMANAGER,2026-06-03T16:16:10-03:00,REPARACIONES,"{""ReparacionesCodigo"": ""145"", ""ReparacionesFecha"": ""2026-05-06"", ""ClientesCodigo"": ""4"", ""EquiposCodigo"": ""137"", ""ReparacionesFalla"": ""Pantalla azul. No carga Windows 10PRO"", ""ReparacionesInformeTecnico"": ""Formateo e instalación Windows 10PRO + utilitarios. Con backup usuario ojedac"", ""ReparacionesFechaEntregado"": ""2026-05-06"", ""ReparacionesTerminada"": ""1"", ""ReparacionesAccesorios"": """", ""TecnicosCodigo"": ""8"", ""ReparacionesEntrega"": ""0.0"", ""ReparacionesCostoManoObra"": ""0.0""}"
146,2026-05-06T00:00:00-03:00,,,Rendicion de Cuentas de Privados,,,Rendicion de Cuentas de Privados,Avenida Sarmiento 850,PC,Magnum Tech,S/M,MXL14407GR (Orden Planilla 361),,Revisión de PC por mal funcionamiento. Realiza descarga eléctrica al encenderla.,"No se encontraron fallas relevantes en el equipo, se realizó limpieza de SO, recomendamos probarla in-situ.",,"No se encontraron fallas relevantes en el equipo, se realizó limpieza de SO, recomendamos probarla in-situ.",Técnico SATMANAGER: Guillermo Décima | Costo mano de obra original: 0.0 | Entrega original: 0.0,Media,SATMANAGER,2026-06-03T16:16:10-03:00,REPARACIONES,"{""ReparacionesCodigo"": ""146"", ""ReparacionesFecha"": ""2026-05-06"", ""ClientesCodigo"": ""47"", ""EquiposCodigo"": ""138"", ""ReparacionesFalla"": ""Revisión de PC por mal funcionamiento. Realiza descarga eléctrica al encenderla."", ""ReparacionesInformeTecnico"": ""No se encontraron fallas relevantes en el equipo, se realizó limpieza de SO, recomendamos probarla in-situ."", ""ReparacionesFechaEntregado"": ""98-11-26"", ""ReparacionesTerminada"": ""1"", ""ReparacionesAccesorios"": """", ""TecnicosCodigo"": ""10"", ""ReparacionesEntrega"": ""0.0"", ""ReparacionesCostoManoObra"": ""0.0""}"
149,2026-05-14T00:00:00-03:00,2026-05-15T00:00:00-03:00,2026-05-15T00:00:00-03:00,Presupuesto,,,Presupuesto,Av Sarmiento 850,PC,MAGNUM,MAGNUM,81,,No enciende,"Falla de Fuente. Se solicita nueva, certificada, mediante informe.  PC e informe fueron retirados el 15/05/26",,"Falla de Fuente. Se solicita nueva, certificada, mediante informe.  PC e informe fueron retirados el 15/05/26",Técnico SATMANAGER: Fernanda Jaime | Costo mano de obra original: 0.0 | Entrega original: 0.0,Media,SATMANAGER,2026-06-03T16:16:10-03:00,REPARACIONES,"{""ReparacionesCodigo"": ""149"", ""ReparacionesFecha"": ""2026-05-14"", ""ClientesCodigo"": ""17"", ""EquiposCodigo"": ""141"", ""ReparacionesFalla"": ""No enciende"", ""ReparacionesInformeTecnico"": ""Falla de Fuente. Se solicita nueva, certificada, mediante informe.  PC e informe fueron retirados el 15/05/26"", ""ReparacionesFechaEntregado"": ""2026-05-15"", ""ReparacionesTerminada"": ""1"", ""ReparacionesAccesorios"": """", ""TecnicosCodigo"": ""2"", ""ReparacionesEntrega"": ""0.0"", ""ReparacionesCostoManoObra"": ""0.0""}"
150,2026-05-14T00:00:00-03:00,2026-05-18T00:00:00-03:00,2026-05-18T00:00:00-03:00,SASE,,,SASE,Avenida Sarmiento 850,PC,PERFORMANCE,S/M,08206810K3-0017 (Orden Planilla 0048),Disco SSD 240 GB Kingston,Instalar Windows 10PRO,,,,Técnico SATMANAGER: Gabriela Mendoza | Costo mano de obra original: 0.0 | Entrega original: 0.0,Media,SATMANAGER,2026-06-03T16:16:10-03:00,REPARACIONES,"{""ReparacionesCodigo"": ""150"", ""ReparacionesFecha"": ""2026-05-14"", ""ClientesCodigo"": ""48"", ""EquiposCodigo"": ""142"", ""ReparacionesFalla"": ""Instalar Windows 10PRO"", ""ReparacionesInformeTecnico"": """", ""ReparacionesFechaEntregado"": ""2026-05-18"", ""ReparacionesTerminada"": ""1"", ""ReparacionesAccesorios"": ""Disco SSD 240 GB Kingston"", ""TecnicosCodigo"": ""8"", ""ReparacionesEntrega"": ""0.0"", ""ReparacionesCostoManoObra"": ""0.0""}"
151,2026-05-21T00:00:00-03:00,,,Rendicion de Cuentas Publico,,,Rendicion de Cuentas Publico,Salta 850,PC,PERFORMANCE,PERFORMARCE,117 (nro serie 08206810k3-878),,Se reinicia luego de pantallazo,"Disco roto, no guarda cambios y no permite reiniciar. Se solicita nuevo disco, mediante nota entregada el dia 21/05",,"Disco roto, no guarda cambios y no permite reiniciar. Se solicita nuevo disco, mediante nota entregada el dia 21/05",Técnico SATMANAGER: Fernanda Jaime | Costo mano de obra original: 0.0 | Entrega original: 0.0,Media,SATMANAGER,2026-06-03T16:16:10-03:00,REPARACIONES,"{""ReparacionesCodigo"": ""151"", ""ReparacionesFecha"": ""2026-05-21"", ""ClientesCodigo"": ""21"", ""EquiposCodigo"": ""143"", ""ReparacionesFalla"": ""Se reinicia luego de pantallazo"", ""ReparacionesInformeTecnico"": ""Disco roto, no guarda cambios y no permite reiniciar. Se solicita nuevo disco, mediante nota entregada el dia 21/05"", ""ReparacionesFechaEntregado"": ""98-11-26"", ""ReparacionesTerminada"": ""1"", ""ReparacionesAccesorios"": """", ""TecnicosCodigo"": ""2"", ""ReparacionesEntrega"": ""0.0"", ""ReparacionesCostoManoObra"": ""0.0""}"
152,2026-05-21T00:00:00-03:00,,,Rendicion de Cuentas Publico,,,Rendicion de Cuentas Publico,Salta 850,PC,PERFORMANCE,PERFORMARCE,114 Nro serie 08206810K3-0722,Disco solido Patriot Burst de 240 GB,"Cambio de Disco, formateo e instalacion",22/05 lista para ser retirada. Backup en C:. Se debe devolver junto a disco viejo,,22/05 lista para ser retirada. Backup en C:. Se debe devolver junto a disco viejo,Técnico SATMANAGER: Fernanda Jaime | Costo mano de obra original: 0.0 | Entrega original: 0.0,Media,SATMANAGER,2026-06-03T16:16:10-03:00,REPARACIONES,"{""ReparacionesCodigo"": ""152"", ""ReparacionesFecha"": ""2026-05-21"", ""ClientesCodigo"": ""21"", ""EquiposCodigo"": ""144"", ""ReparacionesFalla"": ""Cambio de Disco, formateo e instalacion"", ""ReparacionesInformeTecnico"": ""22/05 lista para ser retirada. Backup en C:. Se debe devolver junto a disco viejo"", ""ReparacionesFechaEntregado"": ""98-11-26"", ""ReparacionesTerminada"": ""0"", ""ReparacionesAccesorios"": ""Disco solido Patriot Burst de 240 GB"", ""TecnicosCodigo"": ""2"", ""ReparacionesEntrega"": ""0.0"", ""ReparacionesCostoManoObra"": ""0.0""}"
153,2026-05-22T00:00:00-03:00,,,Infraestructura Escolar,subinfraestructura@educaciontuc.gov.ar,381-5541478,Infraestructura Escolar,Marcos Paz 982,PC,OVER CASE,OVER CASE,125 nro serie 17012412,,"Enciende, pero no levanta el sistema operativoni muestra imagen","Placa madre dañada, se realiza informe con combo de actualización (procesador, placa madre y memoria).",,"Placa madre dañada, se realiza informe con combo de actualización (procesador, placa madre y memoria).",Técnico SATMANAGER: Guillermo Décima | Costo mano de obra original: 0.0 | Entrega original: 0.0,Media,SATMANAGER,2026-06-03T16:16:10-03:00,REPARACIONES,"{""ReparacionesCodigo"": ""153"", ""ReparacionesFecha"": ""2026-05-22"", ""ClientesCodigo"": ""36"", ""EquiposCodigo"": ""145"", ""ReparacionesFalla"": ""Enciende, pero no levanta el sistema operativoni muestra imagen"", ""ReparacionesInformeTecnico"": ""Placa madre dañada, se realiza informe con combo de actualización (procesador, placa madre y memoria)."", ""ReparacionesFechaEntregado"": ""98-11-26"", ""ReparacionesTerminada"": ""1"", ""ReparacionesAccesorios"": """", ""TecnicosCodigo"": ""10"", ""ReparacionesEntrega"": ""0.0"", ""ReparacionesCostoManoObra"": ""0.0""}"
154,2026-05-22T00:00:00-03:00,,,Tribunal de cuentas,,,Tribunal de cuentas,,PC,MAGNUM,MAGNUM,28 nro serie 108020-sk835-0118,,Se reinicia y da pantallazo azul,,,,Técnico SATMANAGER: Fernanda Jaime | Costo mano de obra original: 0.0 | Entrega original: 0.0,Media,SATMANAGER,2026-06-03T16:16:10-03:00,REPARACIONES,"{""ReparacionesCodigo"": ""154"", ""ReparacionesFecha"": ""2026-05-22"", ""ClientesCodigo"": ""49"", ""EquiposCodigo"": ""146"", ""ReparacionesFalla"": ""Se reinicia y da pantallazo azul"", ""ReparacionesInformeTecnico"": """", ""ReparacionesFechaEntregado"": ""98-11-26"", ""ReparacionesTerminada"": ""0"", ""ReparacionesAccesorios"": """", ""TecnicosCodigo"": ""2"", ""ReparacionesEntrega"": ""0.0"", ""ReparacionesCostoManoObra"": ""0.0""}"
155,2026-05-29T00:00:00-03:00,,,Infraestructura Escolar,subinfraestructura@educaciontuc.gov.ar,381-5541478,Infraestructura Escolar,Marcos Paz 982,PC,PERFORMANCE,S/M,08206810K3-0875 (Orden Planilla 183),Disco NVMe Marca Lexar NM620 256 GB,Instalar SSD NVMe M.2 2280. Instalar Windows 10PRO más utilitarios. Con Backup,,,,Técnico SATMANAGER: Gabriela Mendoza | Costo mano de obra original: 0.0 | Entrega original: 0.0,Media,SATMANAGER,2026-06-03T16:16:10-03:00,REPARACIONES,"{""ReparacionesCodigo"": ""155"", ""ReparacionesFecha"": ""2026-05-29"", ""ClientesCodigo"": ""36"", ""EquiposCodigo"": ""122"", ""ReparacionesFalla"": ""Instalar SSD NVMe M.2 2280. Instalar Windows 10PRO más utilitarios. Con Backup"", ""ReparacionesInformeTecnico"": """", ""ReparacionesFechaEntregado"": ""98-11-26"", ""ReparacionesTerminada"": ""1"", ""ReparacionesAccesorios"": ""Disco NVMe Marca Lexar NM620 256 GB"", ""TecnicosCodigo"": ""8"", ""ReparacionesEntrega"": ""0.0"", ""ReparacionesCostoManoObra"": ""0.0""}"
156,2026-05-29T00:00:00-03:00,,,Administración,,,Administración,Avenida Sarmiento 850,Pendrive,Magnum Tech,MT-K835,108020SK8351265 (Orden Planilla 81),Fuente 700W Sentey Certificada,Cambio de Fuente y limpieza (la PC pertenece a Presupuesto),,,,Técnico SATMANAGER: Gabriela Mendoza | Costo mano de obra original: 0.0 | Entrega original: 0.0,Media,SATMANAGER,2026-06-03T16:16:10-03:00,REPARACIONES,"{""ReparacionesCodigo"": ""156"", ""ReparacionesFecha"": ""2026-05-29"", ""ClientesCodigo"": ""45"", ""EquiposCodigo"": ""147"", ""ReparacionesFalla"": ""Cambio de Fuente y limpieza (la PC pertenece a Presupuesto)"", ""ReparacionesInformeTecnico"": """", ""ReparacionesFechaEntregado"": ""98-11-26"", ""ReparacionesTerminada"": ""0"", ""ReparacionesAccesorios"": ""Fuente 700W Sentey Certificada"", ""TecnicosCodigo"": ""8"", ""ReparacionesEntrega"": ""0.0"", ""ReparacionesCostoManoObra"": ""0.0""}"
157,2026-06-02T00:00:00-03:00,,,Presupuesto,,,Presupuesto,Av Sarmiento 850,PC,MAGNUM,MAGNUM,81,Fuente Sentey 700w certificada,Cambio de Fuente realizado,,,,Técnico SATMANAGER: Gabriela Mendoza | Costo mano de obra original: 0.0 | Entrega original: 0.0,Media,SATMANAGER,2026-06-03T16:16:10-03:00,REPARACIONES,"{""ReparacionesCodigo"": ""157"", ""ReparacionesFecha"": ""2026-06-02"", ""ClientesCodigo"": ""17"", ""EquiposCodigo"": ""141"", ""ReparacionesFalla"": ""Cambio de Fuente realizado"", ""ReparacionesInformeTecnico"": """", ""ReparacionesFechaEntregado"": ""98-11-26"", ""ReparacionesTerminada"": ""0"", ""ReparacionesAccesorios"": ""Fuente Sentey 700w certificada"", ""TecnicosCodigo"": ""8"", ""ReparacionesEntrega"": ""0.0"", ""ReparacionesCostoManoObra"": ""0.0""}"
158,2026-06-02T00:00:00-03:00,,,Rendicion de Cuentas Publico,,,Rendicion de Cuentas Publico,Salta 850,PC,PERFORMANCE,PERFORMARCE,117 (nro serie 08206810k3-878),Disco solido 240 gb HIKSEMI,Traida para cambio de Disco,,,,Técnico SATMANAGER: Fernanda Jaime | Costo mano de obra original: 0.0 | Entrega original: 0.0,Media,SATMANAGER,2026-06-03T16:16:10-03:00,REPARACIONES,"{""ReparacionesCodigo"": ""158"", ""ReparacionesFecha"": ""2026-06-02"", ""ClientesCodigo"": ""21"", ""EquiposCodigo"": ""143"", ""ReparacionesFalla"": ""Traida para cambio de Disco "", ""ReparacionesInformeTecnico"": """", ""ReparacionesFechaEntregado"": ""98-11-26"", ""ReparacionesTerminada"": ""0"", ""ReparacionesAccesorios"": ""Disco solido 240 gb HIKSEMI"", ""TecnicosCodigo"": ""2"", ""ReparacionesEntrega"": ""0.0"", ""ReparacionesCostoManoObra"": ""0.0""}"
159,2026-06-01T00:00:00-03:00,,,Asuntos Jurídicos,,,Asuntos Jurídicos,Avenida Sarmiento 850,PC,Magnum Tech,S/M,108020-SK835-1259 (Orden Planilla 106),,El disco presentaba fallas,,,,Técnico SATMANAGER: Claudio Simeon | Costo mano de obra original: 0.0 | Entrega original: 0.0,Media,SATMANAGER,2026-06-03T16:16:10-03:00,REPARACIONES,"{""ReparacionesCodigo"": ""159"", ""ReparacionesFecha"": ""2026-06-01"", ""ClientesCodigo"": ""10"", ""EquiposCodigo"": ""127"", ""ReparacionesFalla"": ""El disco presentaba fallas"", ""ReparacionesInformeTecnico"": """", ""ReparacionesFechaEntregado"": ""98-11-26"", ""ReparacionesTerminada"": ""0"", ""ReparacionesAccesorios"": """", ""TecnicosCodigo"": ""7"", ""ReparacionesEntrega"": ""0.0"", ""ReparacionesCostoManoObra"": ""0.0""}"
